[dotenv@17.3.1] injecting env (11) from .env -- tip: 🔐 encrypt with Dotenvx: https://dotenvx.com
Backend POS escuchando en puerto 3000
responseXml <?xml version="1.0" encoding="utf-8"?><soap:Envelope xmlns:soap="http://schemas.xmlsoap.org/soap/envelope/" xmlns:xsi="http://www.w3.org/2001/XMLSchema-instance" xmlns:xsd="http://www.w3.org/2001/XMLSchema"><soap:Body><Login_UsuarioResponse xmlns="http://www.fasa.cl/"><Login_UsuarioResult>&lt;?xml version="1.0" encoding="utf-8" ?&gt;&lt;Respuesta&gt;&lt;Codigo&gt;0&lt;/Codigo&gt;&lt;Mensaje&gt;Transaccion exitosa.&lt;/Mensaje&gt;&lt;Emisor&gt;wsAccesos&lt;/Emisor&gt;&lt;FechaHora&gt;2026-04-01 15:07:20&lt;/FechaHora&gt;&lt;IdUsuario&gt;8192&lt;/IdUsuario&gt;&lt;/Respuesta&gt;</Login_UsuarioResult></Login_UsuarioResponse></soap:Body></soap:Envelope>
[ACCESOS] Login_Usuario OK
[ACCESOS] pIdLogin generado: 8192
[ACCESOS] Menu_XML OK – acceso concedido
responseXml <?xml version="1.0" encoding="utf-8"?><soap:Envelope xmlns:soap="http://schemas.xmlsoap.org/soap/envelope/" xmlns:xsi="http://www.w3.org/2001/XMLSchema-instance" xmlns:xsd="http://www.w3.org/2001/XMLSchema"><soap:Body><Login_UsuarioResponse xmlns="http://www.fasa.cl/"><Login_UsuarioResult>&lt;?xml version="1.0" encoding="utf-8" ?&gt;&lt;Respuesta&gt;&lt;Codigo&gt;0&lt;/Codigo&gt;&lt;Mensaje&gt;Transaccion exitosa.&lt;/Mensaje&gt;&lt;Emisor&gt;wsAccesos&lt;/Emisor&gt;&lt;FechaHora&gt;2026-04-01 15:08:46&lt;/FechaHora&gt;&lt;IdUsuario&gt;8192&lt;/IdUsuario&gt;&lt;/Respuesta&gt;</Login_UsuarioResult></Login_UsuarioResponse></soap:Body></soap:Envelope>
[ACCESOS] Login_Usuario OK
[ACCESOS] pIdLogin generado: 8192
[ACCESOS] Menu_XML OK – acceso concedido
[POS] Refrescando cache DBF...
[POS] Cargando DBF...
[POS] MAPRE: 40640
[POS] DPOFE: 2448
[POS] Cache cargado en 1995 ms
[POS] Refrescando cache DBF...
[POS] Cargando DBF...
[POS] MAPRE: 40640
[POS] DPOFE: 2448
[POS] Cache cargado en 1911 ms
[POS] Refrescando cache DBF...
[POS] Cargando DBF...
[POS] MAPRE: 40640
[POS] DPOFE: 2448
[POS] Cache cargado en 1921 ms
[POS] Refrescando cache DBF...
[POS] Cargando DBF...
[POS] MAPRE: 40640
[POS] DPOFE: 2448
[POS] Cache cargado en 1913 ms
[POS] Refrescando cache DBF...
[POS] Cargando DBF...
[POS] MAPRE: 40640
[POS] DPOFE: 2448
[POS] Cache cargado en 1907 ms
[POS] Refrescando cache DBF...
[POS] Cargando DBF...
[POS] MAPRE: 40640
[POS] DPOFE: 2448
[POS] Cache cargado en 1912 ms
[POS] Refrescando cache DBF...
[POS] Cargando DBF...
[POS] MAPRE: 40640
[POS] DPOFE: 2448
[POS] Cache cargado en 1906 ms
[POS] Refrescando cache DBF...
[POS] Cargando DBF...
[POS] MAPRE: 40640
[POS] DPOFE: 2448
[POS] Cache cargado en 1898 ms
[POS] Refrescando cache DBF...
[POS] Cargando DBF...
[POS] MAPRE: 40640
[POS] DPOFE: 2448
[POS] Cache cargado en 1892 ms
[POS] Refrescando cache DBF...
[POS] Cargando DBF...
[POS] MAPRE: 40640
[POS] DPOFE: 2448
[POS] Cache cargado en 1891 ms
[POS] Refrescando cache DBF...
[POS] Cargando DBF...
[POS] MAPRE: 40640
[POS] DPOFE: 2448
[POS] Cache cargado en 1913 ms
[POS] Refrescando cache DBF...
[POS] Cargando DBF...
[POS] MAPRE: 40640
[POS] DPOFE: 2448
[POS] Cache cargado en 1899 ms
[POS] Refrescando cache DBF...
[POS] Cargando DBF...
[POS] MAPRE: 40640
[POS] DPOFE: 2448
[POS] Cache cargado en 1872 ms
[POS] Refrescando cache DBF...
[POS] Cargando DBF...
[POS] MAPRE: 40640
[POS] DPOFE: 2448
[POS] Cache cargado en 1900 ms
responseXml <?xml version="1.0" encoding="utf-8"?><soap:Envelope xmlns:soap="http://schemas.xmlsoap.org/soap/envelope/" xmlns:xsi="http://www.w3.org/2001/XMLSchema-instance" xmlns:xsd="http://www.w3.org/2001/XMLSchema"><soap:Body><Login_UsuarioResponse xmlns="http://www.fasa.cl/"><Login_UsuarioResult>&lt;?xml version="1.0" encoding="utf-8" ?&gt;&lt;Respuesta&gt;&lt;Codigo&gt;0&lt;/Codigo&gt;&lt;Mensaje&gt;Transaccion exitosa.&lt;/Mensaje&gt;&lt;Emisor&gt;wsAccesos&lt;/Emisor&gt;&lt;FechaHora&gt;2026-04-01 16:19:03&lt;/FechaHora&gt;&lt;IdUsuario&gt;8192&lt;/IdUsuario&gt;&lt;/Respuesta&gt;</Login_UsuarioResult></Login_UsuarioResponse></soap:Body></soap:Envelope>
[ACCESOS] Login_Usuario OK
[ACCESOS] pIdLogin generado: 8192
[ACCESOS] Menu_XML OK – acceso concedido
[ENRICH]
SKU: 94720
Producto: {
  sku: '94720',
  descripcion: 'JABON LIQ CRM LACTOUREA REPARADOR 700ML',
  marca: '0',
  contenido: '',
  ean13: '8411135008113',
  imagenUrl: null,
  unidadMedida: '1 L.',
  precioNormal: 4399,
  precioUnitario: 6284.29,
  precioOferta: 1320,
  vigenciaInicio: 'Sat Feb 28 2026 21:00:00 GMT-0300 (hora estándar de Argentina)',
  vigenciaFin: 'Mon Mar 30 2026 21:00:00 GMT-0300 (hora estándar de Argentina)'
}
[POS] Refrescando cache DBF...
[POS] Cargando DBF...
[POS] MAPRE: 40640
[POS] DPOFE: 2448
[POS] Cache cargado en 1895 ms
🔥 PRINT CALLED { time: '2026-04-01T19:22:02.763Z', isArray: true, items: 20 }
productos: [
  {
    producto: 'SET TRABAS BACK TO SCHOOL 2 UN',
    sku: '94397',
    ean13: '799192420511',
    unidadMedida: 'ST',
    precioNormal: 2299,
    precioUnitario: 1149.5,
    precioOferta: 1599,
    validoHasta: 'Mon Mar 30 2026 21:00:00 GMT-0300 (hora estándar de Argentina)',
    cantidad: 1
  },
  {
    producto: 'SET COLLETS BACK TO SCHOOL 18 UN',
    sku: '94460',
    ean13: '799192420498',
    unidadMedida: 'ST',
    precioNormal: 3099,
    precioUnitario: 172.17,
    precioOferta: 2169,
    validoHasta: 'Mon Mar 30 2026 21:00:00 GMT-0300 (hora estándar de Argentina)',
    cantidad: 1
  },
  {
    producto: 'SET TRABAS BACK TO SCHOOL 10 UN',
    sku: '94461',
    ean13: '799192420528',
    unidadMedida: 'ST',
    precioNormal: 2799,
    precioUnitario: 279.9,
    precioOferta: 1959,
    validoHasta: 'Mon Mar 30 2026 21:00:00 GMT-0300 (hora estándar de Argentina)',
    cantidad: 1
  },
  {
    producto: 'SET 4 COLLET MALLA BACK TO SCHOOL',
    sku: '94462',
    ean13: '799192420559',
    unidadMedida: 'ST',
    precioNormal: 2899,
    precioUnitario: 724.75,
    precioOferta: 2029,
    validoHasta: 'Mon Mar 30 2026 21:00:00 GMT-0300 (hora estándar de Argentina)',
    cantidad: 1
  },
  {
    producto: 'CINTILLO DIENTES BACK TO SCHOOL 2UN',
    sku: '94463',
    ean13: '799192420566',
    unidadMedida: 'ST',
    precioNormal: 2499,
    precioUnitario: 1249.5,
    precioOferta: 1749,
    validoHasta: 'Mon Mar 30 2026 21:00:00 GMT-0300 (hora estándar de Argentina)',
    cantidad: 1
  },
  {
    producto: 'COLLET GENERO BACK TO SCHOOL',
    sku: '94485',
    ean13: '799192420542',
    unidadMedida: 'ST',
    precioNormal: 1899,
    precioUnitario: 1899,
    precioOferta: 1350,
    validoHasta: 'Mon Mar 30 2026 21:00:00 GMT-0300 (hora estándar de Argentina)',
    cantidad: 1
  },
  {
    producto: 'SET 2 COLLET BACK TO SCHOOL',
    sku: '94547',
    ean13: '799192420504',
    unidadMedida: 'ST',
    precioNormal: 2199,
    precioUnitario: 1099.5,
    precioOferta: 1550,
    validoHasta: 'Mon Mar 30 2026 21:00:00 GMT-0300 (hora estándar de Argentina)',
    cantidad: 1
  },
  {
    producto: 'PACK DE PINZAS OBLICUA/RECTA F. AHUMADA',
    sku: '94590',
    ean13: '799192431555',
    unidadMedida: 'UNIDAD',
    precioNormal: 3599,
    precioUnitario: 1799.5,
    precioOferta: 2699,
    validoHasta: 'Sat Mar 07 2026 21:00:00 GMT-0300 (hora estándar de Argentina)',
    cantidad: 1
  },
  {
    producto: 'PACK CORTAUNA GRANDE + CORTAUNA CHICO',
    sku: '94583',
    ean13: '799192431487',
    unidadMedida: 'UNIDAD',
    precioNormal: 4199,
    precioUnitario: 2099.5,
    precioOferta: 3149,
    validoHasta: 'Sat Mar 07 2026 21:00:00 GMT-0300 (hora estándar de Argentina)',
    cantidad: 1
  },
  {
    producto: 'TOALLA HIG. KOTEX U.FINA SUA C/A.24UN',
    sku: '63462',
    ean13: '7809604015617',
    unidadMedida: 'ST',
    precioNormal: 5099,
    precioUnitario: 212.46,
    precioOferta: 3090,
    validoHasta: 'Mon Mar 30 2026 21:00:00 GMT-0300 (hora estándar de Argentina)',
    cantidad: 1
  },
  {
    producto: 'TOA.KOTEX UF NOCTURNA PURO NATURAL X8 UN',
    sku: '93679',
    ean13: '7702425116054',
    unidadMedida: 'ST',
    precioNormal: 1689,
    precioUnitario: 211.13,
    precioOferta: 1290,
    validoHasta: 'Mon Mar 30 2026 21:00:00 GMT-0300 (hora estándar de Argentina)',
    cantidad: 1
  },
  {
    producto: 'TOALLA NOSOTRAS LARGA TELA SUAVE X 24UN',
    sku: '93974',
    ean13: '7702026153625',
    unidadMedida: 'ST',
    precioNormal: 4599,
    precioUnitario: 191.63,
    precioOferta: 3390,
    validoHasta: 'Mon Mar 30 2026 21:00:00 GMT-0300 (hora estándar de Argentina)',
    cantidad: 1
  },
  {
    producto: 'TOA BUENAS NOCHES ULTR NOSOTRAS MALLA 8U',
    sku: '88136',
    ean13: '7702026145026',
    unidadMedida: 'ST',
    precioNormal: 2299,
    precioUnitario: 287.38,
    precioOferta: 1490,
    validoHasta: 'Mon Mar 30 2026 21:00:00 GMT-0300 (hora estándar de Argentina)',
    cantidad: 1
  },
  {
    producto: 'RICOLA CARAMELO EUCALIPTUS 27,5GR SIN AZ',
    sku: '89112',
    ean13: '7610700002056',
    unidadMedida: 'G',
    precioNormal: 2999,
    precioUnitario: 109.05,
    precioOferta: 2090,
    validoHasta: 'Mon Mar 30 2026 21:00:00 GMT-0300 (hora estándar de Argentina)',
    cantidad: 1
  },
  {
    producto: 'RICOLA CARAMELO CRANBERRY 27,5 GR',
    sku: '89113',
    ean13: '7610700001967',
    unidadMedida: 'G',
    precioNormal: 2999,
    precioUnitario: 109.05,
    precioOferta: 2090,
    validoHasta: 'Mon Mar 30 2026 21:00:00 GMT-0300 (hora estándar de Argentina)',
    cantidad: 1
  },
  {
    producto: 'RICOLA CARAMELO LIMON 27,5 GR SIN AZUCAR',
    sku: '89120',
    ean13: '7610700002094',
    unidadMedida: 'G',
    precioNormal: 2999,
    precioUnitario: 109.05,
    precioOferta: 2090,
    validoHasta: 'Mon Mar 30 2026 21:00:00 GMT-0300 (hora estándar de Argentina)',
    cantidad: 1
  },
  {
    producto: 'AGUA MINERAL CACHANTUN C/GAS BOT. 600',
    sku: '91966',
    ean13: '7801620009694',
    unidadMedida: '1 L.',
    precioNormal: 1499,
    precioUnitario: 2498.33,
    precioOferta: 1045,
    validoHasta: 'Sat Mar 07 2026 21:00:00 GMT-0300 (hora estándar de Argentina)',
    cantidad: 1
  },
  {
    producto: 'AGUA MINERAL CACHANTUN L/GAS BOT. 600',
    sku: '91967',
    ean13: '7801620009700',
    unidadMedida: '1 L.',
    precioNormal: 1499,
    precioUnitario: 2498.33,
    precioOferta: 1045,
    validoHasta: 'Sat Mar 07 2026 21:00:00 GMT-0300 (hora estándar de Argentina)',
    cantidad: 1
  },
  {
    producto: 'AGUA MINERAL CACHANTUN S/GAS BOT. 600',
    sku: '91965',
    ean13: '7801620009717',
    unidadMedida: 'ML',
    precioNormal: 1499,
    precioUnitario: 2498.33,
    precioOferta: 1045,
    validoHasta: 'Sat Mar 07 2026 21:00:00 GMT-0300 (hora estándar de Argentina)',
    cantidad: 1
  },
  {
    producto: 'CACHANTUN STRONG GAS 600ML',
    sku: '94940',
    ean13: '7801620010737',
    unidadMedida: 'ML',
    precioNormal: 1449,
    precioUnitario: 2415,
    precioOferta: 1099,
    validoHasta: 'Mon Mar 30 2026 21:00:00 GMT-0300 (hora estándar de Argentina)',
    cantidad: 1
  }
]
[POS] Refrescando cache DBF...
[POS] Cargando DBF...
[POS] MAPRE: 40640
[POS] DPOFE: 2448
[POS] Cache cargado en 1926 ms
responseXml <?xml version="1.0" encoding="utf-8"?><soap:Envelope xmlns:soap="http://schemas.xmlsoap.org/soap/envelope/" xmlns:xsi="http://www.w3.org/2001/XMLSchema-instance" xmlns:xsd="http://www.w3.org/2001/XMLSchema"><soap:Body><Login_UsuarioResponse xmlns="http://www.fasa.cl/"><Login_UsuarioResult>&lt;?xml version="1.0" encoding="utf-8" ?&gt;&lt;Respuesta&gt;&lt;Codigo&gt;0&lt;/Codigo&gt;&lt;Mensaje&gt;Transaccion exitosa.&lt;/Mensaje&gt;&lt;Emisor&gt;wsAccesos&lt;/Emisor&gt;&lt;FechaHora&gt;2026-04-01 16:25:53&lt;/FechaHora&gt;&lt;IdUsuario&gt;8192&lt;/IdUsuario&gt;&lt;/Respuesta&gt;</Login_UsuarioResult></Login_UsuarioResponse></soap:Body></soap:Envelope>
[ACCESOS] Login_Usuario OK
[ACCESOS] pIdLogin generado: 8192
[ACCESOS] Menu_XML OK – acceso concedido
[POS] Refrescando cache DBF...
[POS] Cargando DBF...
[POS] MAPRE: 40640
[POS] DPOFE: 2448
[POS] Cache cargado en 1893 ms
responseXml <?xml version="1.0" encoding="utf-8"?><soap:Envelope xmlns:soap="http://schemas.xmlsoap.org/soap/envelope/" xmlns:xsi="http://www.w3.org/2001/XMLSchema-instance" xmlns:xsd="http://www.w3.org/2001/XMLSchema"><soap:Body><Login_UsuarioResponse xmlns="http://www.fasa.cl/"><Login_UsuarioResult>&lt;?xml version="1.0" encoding="utf-8" ?&gt;&lt;Respuesta&gt;&lt;Codigo&gt;0&lt;/Codigo&gt;&lt;Mensaje&gt;Transaccion exitosa.&lt;/Mensaje&gt;&lt;Emisor&gt;wsAccesos&lt;/Emisor&gt;&lt;FechaHora&gt;2026-04-01 16:34:00&lt;/FechaHora&gt;&lt;IdUsuario&gt;8192&lt;/IdUsuario&gt;&lt;/Respuesta&gt;</Login_UsuarioResult></Login_UsuarioResponse></soap:Body></soap:Envelope>
[ACCESOS] Login_Usuario OK
[ACCESOS] pIdLogin generado: 8192
[ACCESOS] Menu_XML OK – acceso concedido
[ENRICH]
SKU: 94460
Producto: {
  sku: '94460',
  descripcion: 'SET COLLETS BACK TO SCHOOL 18 UN',
  marca: '0',
  contenido: '',
  ean13: '799192420498',
  imagenUrl: null,
  unidadMedida: 'ST',
  precioNormal: 3099,
  precioUnitario: 172.17,
  precioOferta: 2169,
  vigenciaInicio: 'Wed Dec 10 2025 21:00:00 GMT-0300 (hora estándar de Argentina)',
  vigenciaFin: 'Mon Mar 30 2026 21:00:00 GMT-0300 (hora estándar de Argentina)'
}
[POS] Refrescando cache DBF...
[POS] Cargando DBF...
[POS] MAPRE: 40640
[POS] DPOFE: 2448
[POS] Cache cargado en 1900 ms
[POS] Refrescando cache DBF...
[POS] Cargando DBF...
[POS] MAPRE: 40640
[POS] DPOFE: 2448
[POS] Cache cargado en 1885 ms
[POS] Refrescando cache DBF...
[POS] Cargando DBF...
[POS] MAPRE: 40640
[POS] DPOFE: 2448
[POS] Cache cargado en 1890 ms
[POS] Refrescando cache DBF...
[POS] Cargando DBF...
[POS] MAPRE: 40640
[POS] DPOFE: 2448
[POS] Cache cargado en 1897 ms
[POS] Refrescando cache DBF...
[POS] Cargando DBF...
[POS] MAPRE: 40640
[POS] DPOFE: 2448
[POS] Cache cargado en 1907 ms
[dotenv@17.3.1] injecting env (11) from .env -- tip: 🛡️ auth for agents: https://vestauth.com
Backend POS escuchando en puerto 3000
[POS] Cargando DBF...
[POS] MAPRE: 40640
[POS] DPOFE: 2448
[POS] Cache cargado en 2013 ms
[ENRICH]
SKU: 94460
Producto: {
  sku: '94460',
  descripcion: 'SET COLLETS BACK TO SCHOOL 18 UN',
  marca: '0',
  contenido: '',
  ean13: '799192420498',
  imagenUrl: null,
  unidadMedida: 'ST',
  precioNormal: 3099,
  precioUnitario: 172.17,
  precioOferta: 2169,
  vigenciaInicio: 'Wed Dec 10 2025 21:00:00 GMT-0300 (hora estándar de Argentina)',
  vigenciaFin: 'Mon Mar 30 2026 21:00:00 GMT-0300 (hora estándar de Argentina)'
}
[ENRICH]
SKU: 94397
Producto: {
  sku: '94397',
  descripcion: 'SET TRABAS BACK TO SCHOOL 2 UN',
  marca: '0',
  contenido: '',
  ean13: '799192420511',
  imagenUrl: null,
  unidadMedida: 'ST',
  precioNormal: 2299,
  precioUnitario: 1149.5,
  precioOferta: 1599,
  vigenciaInicio: 'Sat Feb 28 2026 21:00:00 GMT-0300 (hora estándar de Argentina)',
  vigenciaFin: 'Mon Mar 30 2026 21:00:00 GMT-0300 (hora estándar de Argentina)'
}
[ENRICH]
SKU: 94460
Producto: {
  sku: '94460',
  descripcion: 'SET COLLETS BACK TO SCHOOL 18 UN',
  marca: '0',
  contenido: '',
  ean13: '799192420498',
  imagenUrl: null,
  unidadMedida: 'ST',
  precioNormal: 3099,
  precioUnitario: 172.17,
  precioOferta: 2169,
  vigenciaInicio: 'Wed Dec 10 2025 21:00:00 GMT-0300 (hora estándar de Argentina)',
  vigenciaFin: 'Mon Mar 30 2026 21:00:00 GMT-0300 (hora estándar de Argentina)'
}
[POS] Refrescando cache DBF...
[POS] Cargando DBF...
[POS] MAPRE: 40640
[POS] DPOFE: 2448
[POS] Cache cargado en 1938 ms
[POS] Refrescando cache DBF...
[POS] Cargando DBF...
[POS] MAPRE: 40640
[POS] DPOFE: 2448
[POS] Cache cargado en 1936 ms
[POS] Refrescando cache DBF...
[POS] Cargando DBF...
[POS] MAPRE: 40640
[POS] DPOFE: 2448
[POS] Cache cargado en 1962 ms
[POS] Refrescando cache DBF...
[POS] Cargando DBF...
[POS] MAPRE: 40640
[POS] DPOFE: 2448
[POS] Cache cargado en 1935 ms
[POS] Refrescando cache DBF...
[POS] Cargando DBF...
[POS] MAPRE: 40640
[POS] DPOFE: 2448
[POS] Cache cargado en 1923 ms
[POS] Refrescando cache DBF...
[POS] Cargando DBF...
[POS] MAPRE: 40640
[POS] DPOFE: 2448
[POS] Cache cargado en 1941 ms
[POS] Refrescando cache DBF...
[POS] Cargando DBF...
[POS] MAPRE: 40640
[POS] DPOFE: 2448
[POS] Cache cargado en 1921 ms
[POS] Refrescando cache DBF...
[POS] Cargando DBF...
[POS] MAPRE: 40640
[POS] DPOFE: 2448
[POS] Cache cargado en 1921 ms
[POS] Refrescando cache DBF...
[POS] Cargando DBF...
[POS] MAPRE: 40640
[POS] DPOFE: 2448
[POS] Cache cargado en 1910 ms
[POS] Refrescando cache DBF...
[POS] Cargando DBF...
[POS] MAPRE: 40640
[POS] DPOFE: 2448
[POS] Cache cargado en 1937 ms
[POS] Refrescando cache DBF...
[POS] Cargando DBF...
[POS] MAPRE: 40640
[POS] DPOFE: 2448
[POS] Cache cargado en 1923 ms
[POS] Refrescando cache DBF...
[POS] Cargando DBF...
[POS] MAPRE: 40640
[POS] DPOFE: 2448
[POS] Cache cargado en 1920 ms
[POS] Refrescando cache DBF...
[POS] Cargando DBF...
[POS] MAPRE: 40640
[POS] DPOFE: 2448
[POS] Cache cargado en 1910 ms
[POS] Refrescando cache DBF...
[POS] Cargando DBF...
[POS] MAPRE: 40640
[POS] DPOFE: 2448
[POS] Cache cargado en 1924 ms
[POS] Refrescando cache DBF...
[POS] Cargando DBF...
[POS] MAPRE: 40640
[POS] DPOFE: 2448
[POS] Cache cargado en 1930 ms
[POS] Refrescando cache DBF...
[POS] Cargando DBF...
[POS] MAPRE: 40640
[POS] DPOFE: 2448
[POS] Cache cargado en 1918 ms
[POS] Refrescando cache DBF...
[POS] Cargando DBF...
[POS] MAPRE: 40640
[POS] DPOFE: 2448
[POS] Cache cargado en 1891 ms
[POS] Refrescando cache DBF...
[POS] Cargando DBF...
[POS] MAPRE: 40640
[POS] DPOFE: 2448
[POS] Cache cargado en 1911 ms
[POS] Refrescando cache DBF...
[POS] Cargando DBF...
[POS] MAPRE: 40640
[POS] DPOFE: 2448
[POS] Cache cargado en 1910 ms
[POS] Refrescando cache DBF...
[POS] Cargando DBF...
[POS] MAPRE: 40640
[POS] DPOFE: 2448
[POS] Cache cargado en 1923 ms
[POS] Refrescando cache DBF...
[POS] Cargando DBF...
[POS] MAPRE: 40640
[POS] DPOFE: 2448
[POS] Cache cargado en 1918 ms
[POS] Refrescando cache DBF...
[POS] Cargando DBF...
[POS] MAPRE: 40640
[POS] DPOFE: 2448
[POS] Cache cargado en 1918 ms
[POS] Refrescando cache DBF...
[POS] Cargando DBF...
[POS] MAPRE: 40640
[POS] DPOFE: 2448
[POS] Cache cargado en 1916 ms
[POS] Refrescando cache DBF...
[POS] Cargando DBF...
[POS] MAPRE: 40640
[POS] DPOFE: 2448
[POS] Cache cargado en 2087 ms
[POS] Refrescando cache DBF...
[POS] Cargando DBF...
[POS] MAPRE: 40640
[POS] DPOFE: 2448
[POS] Cache cargado en 2092 ms
[POS] Refrescando cache DBF...
[POS] Cargando DBF...
[POS] MAPRE: 40640
[POS] DPOFE: 2448
[POS] Cache cargado en 2016 ms
[POS] Refrescando cache DBF...
[POS] Cargando DBF...
[POS] MAPRE: 40640
[POS] DPOFE: 2448
[POS] Cache cargado en 2010 ms
[POS] Refrescando cache DBF...
[POS] Cargando DBF...
[POS] MAPRE: 40640
[POS] DPOFE: 2448
[POS] Cache cargado en 2009 ms
[POS] Refrescando cache DBF...
[POS] Cargando DBF...
[POS] MAPRE: 40640
[POS] DPOFE: 2448
[POS] Cache cargado en 1997 ms
[POS] Refrescando cache DBF...
[POS] Cargando DBF...
[POS] MAPRE: 40640
[POS] DPOFE: 2448
[POS] Cache cargado en 1995 ms
[POS] Refrescando cache DBF...
[POS] Cargando DBF...
[POS] MAPRE: 40640
[POS] DPOFE: 2448
[POS] Cache cargado en 1985 ms
[POS] Refrescando cache DBF...
[POS] Cargando DBF...
[POS] MAPRE: 40640
[POS] DPOFE: 2448
[POS] Cache cargado en 2018 ms
[POS] Refrescando cache DBF...
[POS] Cargando DBF...
[POS] MAPRE: 40640
[POS] DPOFE: 2448
[POS] Cache cargado en 2001 ms
[POS] Refrescando cache DBF...
[POS] Cargando DBF...
[POS] MAPRE: 40640
[POS] DPOFE: 2448
[POS] Cache cargado en 2005 ms
[POS] Refrescando cache DBF...
[POS] Cargando DBF...
[POS] MAPRE: 40640
[POS] DPOFE: 2448
[POS] Cache cargado en 2016 ms
[POS] Refrescando cache DBF...
[POS] Cargando DBF...
[POS] MAPRE: 40640
[POS] DPOFE: 2448
[POS] Cache cargado en 2003 ms
[POS] Refrescando cache DBF...
[POS] Cargando DBF...
[POS] MAPRE: 40640
[POS] DPOFE: 2448
[POS] Cache cargado en 1989 ms
[POS] Refrescando cache DBF...
[POS] Cargando DBF...
[POS] MAPRE: 40640
[POS] DPOFE: 2448
[POS] Cache cargado en 2001 ms
[POS] Refrescando cache DBF...
[POS] Cargando DBF...
[POS] MAPRE: 40640
[POS] DPOFE: 2448
[POS] Cache cargado en 1993 ms
[POS] Refrescando cache DBF...
[POS] Cargando DBF...
[POS] MAPRE: 40640
[POS] DPOFE: 2448
[POS] Cache cargado en 2010 ms
[POS] Refrescando cache DBF...
[POS] Cargando DBF...
[POS] MAPRE: 40640
[POS] DPOFE: 2448
[POS] Cache cargado en 2005 ms
[POS] Refrescando cache DBF...
[POS] Cargando DBF...
[POS] MAPRE: 40640
[POS] DPOFE: 2448
[POS] Cache cargado en 1999 ms
[POS] Refrescando cache DBF...
[POS] Cargando DBF...
[POS] MAPRE: 40640
[POS] DPOFE: 2448
[POS] Cache cargado en 2012 ms
[POS] Refrescando cache DBF...
[POS] Cargando DBF...
[POS] MAPRE: 40640
[POS] DPOFE: 2448
[POS] Cache cargado en 2003 ms
[POS] Refrescando cache DBF...
[POS] Cargando DBF...
[POS] MAPRE: 40640
[POS] DPOFE: 2448
[POS] Cache cargado en 2022 ms
[POS] Refrescando cache DBF...
[POS] Cargando DBF...
[POS] MAPRE: 40640
[POS] DPOFE: 2448
[POS] Cache cargado en 2019 ms
[POS] Refrescando cache DBF...
[POS] Cargando DBF...
[POS] MAPRE: 40640
[POS] DPOFE: 2448
[POS] Cache cargado en 2015 ms
[POS] Refrescando cache DBF...
[POS] Cargando DBF...
[POS] MAPRE: 40640
[POS] DPOFE: 2448
[POS] Cache cargado en 2003 ms
[POS] Refrescando cache DBF...
[POS] Cargando DBF...
[POS] MAPRE: 40640
[POS] DPOFE: 2448
[POS] Cache cargado en 1998 ms
[POS] Refrescando cache DBF...
[POS] Cargando DBF...
[POS] MAPRE: 40640
[POS] DPOFE: 2448
[POS] Cache cargado en 2012 ms
[POS] Refrescando cache DBF...
[POS] Cargando DBF...
[POS] MAPRE: 40640
[POS] DPOFE: 2448
[POS] Cache cargado en 2021 ms
[POS] Refrescando cache DBF...
[POS] Cargando DBF...
[POS] MAPRE: 40640
[POS] DPOFE: 2448
[POS] Cache cargado en 1988 ms
[POS] Refrescando cache DBF...
[POS] Cargando DBF...
[POS] MAPRE: 40640
[POS] DPOFE: 2448
[POS] Cache cargado en 2001 ms
[POS] Refrescando cache DBF...
[POS] Cargando DBF...
[POS] MAPRE: 40640
[POS] DPOFE: 2448
[POS] Cache cargado en 2013 ms
[POS] Refrescando cache DBF...
[POS] Cargando DBF...
[POS] MAPRE: 40640
[POS] DPOFE: 2448
[POS] Cache cargado en 2014 ms
[POS] Refrescando cache DBF...
[POS] Cargando DBF...
[POS] MAPRE: 40640
[POS] DPOFE: 2448
[POS] Cache cargado en 2003 ms
[POS] Refrescando cache DBF...
[POS] Cargando DBF...
[POS] MAPRE: 40640
[POS] DPOFE: 2448
[POS] Cache cargado en 1994 ms
[POS] Refrescando cache DBF...
[POS] Cargando DBF...
[POS] MAPRE: 40640
[POS] DPOFE: 2448
[POS] Cache cargado en 2019 ms
[POS] Refrescando cache DBF...
[POS] Cargando DBF...
[POS] MAPRE: 40640
[POS] DPOFE: 2448
[POS] Cache cargado en 2017 ms
[POS] Refrescando cache DBF...
[POS] Cargando DBF...
[POS] MAPRE: 40640
[POS] DPOFE: 2448
[POS] Cache cargado en 2004 ms
[POS] Refrescando cache DBF...
[POS] Cargando DBF...
[POS] MAPRE: 40640
[POS] DPOFE: 2448
[POS] Cache cargado en 1997 ms
[POS] Refrescando cache DBF...
[POS] Cargando DBF...
[POS] MAPRE: 40640
[POS] DPOFE: 2448
[POS] Cache cargado en 2012 ms
[POS] Refrescando cache DBF...
[POS] Cargando DBF...
[POS] MAPRE: 40640
[POS] DPOFE: 2448
[POS] Cache cargado en 2012 ms
[POS] Refrescando cache DBF...
[POS] Cargando DBF...
[POS] MAPRE: 40640
[POS] DPOFE: 2448
[POS] Cache cargado en 2004 ms
[POS] Refrescando cache DBF...
[POS] Cargando DBF...
[POS] MAPRE: 40640
[POS] DPOFE: 2448
[POS] Cache cargado en 1991 ms
[POS] Refrescando cache DBF...
[POS] Cargando DBF...
[POS] MAPRE: 40640
[POS] DPOFE: 2448
[POS] Cache cargado en 2015 ms
[POS] Refrescando cache DBF...
[POS] Cargando DBF...
[POS] MAPRE: 40640
[POS] DPOFE: 2448
[POS] Cache cargado en 1998 ms
[POS] Refrescando cache DBF...
[POS] Cargando DBF...
[POS] MAPRE: 40640
[POS] DPOFE: 2448
[POS] Cache cargado en 2039 ms
[POS] Refrescando cache DBF...
[POS] Cargando DBF...
[POS] MAPRE: 40640
[POS] DPOFE: 2448
[POS] Cache cargado en 2024 ms
[POS] Refrescando cache DBF...
[POS] Cargando DBF...
[POS] MAPRE: 40640
[POS] DPOFE: 2448
[POS] Cache cargado en 2012 ms
[POS] Refrescando cache DBF...
[POS] Cargando DBF...
[POS] MAPRE: 40640
[POS] DPOFE: 2448
[POS] Cache cargado en 2028 ms
[POS] Refrescando cache DBF...
[POS] Cargando DBF...
[POS] MAPRE: 40640
[POS] DPOFE: 2448
[POS] Cache cargado en 2042 ms
[POS] Refrescando cache DBF...
[POS] Cargando DBF...
[POS] MAPRE: 40640
[POS] DPOFE: 2448
[POS] Cache cargado en 2051 ms
[POS] Refrescando cache DBF...
[POS] Cargando DBF...
[POS] MAPRE: 40640
[POS] DPOFE: 2448
[POS] Cache cargado en 2003 ms
[POS] Refrescando cache DBF...
[POS] Cargando DBF...
[POS] MAPRE: 40640
[POS] DPOFE: 2448
[POS] Cache cargado en 2004 ms
[POS] Refrescando cache DBF...
[POS] Cargando DBF...
[POS] MAPRE: 40640
[POS] DPOFE: 2448
[POS] Cache cargado en 2037 ms
[POS] Refrescando cache DBF...
[POS] Cargando DBF...
[POS] MAPRE: 40640
[POS] DPOFE: 2448
[POS] Cache cargado en 2036 ms
[POS] Refrescando cache DBF...
[POS] Cargando DBF...
[POS] MAPRE: 40640
[POS] DPOFE: 2448
[POS] Cache cargado en 2009 ms
[POS] Refrescando cache DBF...
[POS] Cargando DBF...
[POS] MAPRE: 40640
[POS] DPOFE: 2448
[POS] Cache cargado en 2010 ms
[POS] Refrescando cache DBF...
[POS] Cargando DBF...
[POS] MAPRE: 40640
[POS] DPOFE: 2448
[POS] Cache cargado en 2053 ms
[POS] Refrescando cache DBF...
[POS] Cargando DBF...
[POS] MAPRE: 40640
[POS] DPOFE: 2448
[POS] Cache cargado en 2047 ms
[POS] Refrescando cache DBF...
[POS] Cargando DBF...
[POS] MAPRE: 40640
[POS] DPOFE: 2448
[POS] Cache cargado en 2001 ms
[POS] Refrescando cache DBF...
[POS] Cargando DBF...
[POS] MAPRE: 40640
[POS] DPOFE: 2448
[POS] Cache cargado en 1997 ms
[POS] Refrescando cache DBF...
[POS] Cargando DBF...
[POS] MAPRE: 40640
[POS] DPOFE: 2448
[POS] Cache cargado en 2005 ms
[POS] Refrescando cache DBF...
[POS] Cargando DBF...
[POS] MAPRE: 40640
[POS] DPOFE: 2448
[POS] Cache cargado en 2001 ms
[POS] Refrescando cache DBF...
[POS] Cargando DBF...
[POS] MAPRE: 40640
[POS] DPOFE: 2448
[POS] Cache cargado en 2016 ms
[POS] Refrescando cache DBF...
[POS] Cargando DBF...
[POS] MAPRE: 40640
[POS] DPOFE: 2448
[POS] Cache cargado en 2000 ms
[POS] Refrescando cache DBF...
[POS] Cargando DBF...
[POS] MAPRE: 40640
[POS] DPOFE: 2448
[POS] Cache cargado en 1999 ms
[POS] Refrescando cache DBF...
[POS] Cargando DBF...
[POS] MAPRE: 40640
[POS] DPOFE: 2448
[POS] Cache cargado en 1997 ms
[POS] Refrescando cache DBF...
[POS] Cargando DBF...
[POS] MAPRE: 40640
[POS] DPOFE: 2448
[POS] Cache cargado en 2000 ms
[POS] Refrescando cache DBF...
[POS] Cargando DBF...
[POS] MAPRE: 40640
[POS] DPOFE: 2448
[POS] Cache cargado en 2016 ms
[POS] Refrescando cache DBF...
[POS] Cargando DBF...
[POS] MAPRE: 40640
[POS] DPOFE: 2448
[POS] Cache cargado en 2022 ms
[POS] Refrescando cache DBF...
[POS] Cargando DBF...
[POS] MAPRE: 40640
[POS] DPOFE: 2448
[POS] Cache cargado en 2018 ms
[POS] Refrescando cache DBF...
[POS] Cargando DBF...
[POS] MAPRE: 40640
[POS] DPOFE: 2448
[POS] Cache cargado en 2006 ms
[POS] Refrescando cache DBF...
[POS] Cargando DBF...
[POS] MAPRE: 40640
[POS] DPOFE: 2448
[POS] Cache cargado en 1989 ms
[POS] Refrescando cache DBF...
[POS] Cargando DBF...
[POS] MAPRE: 40640
[POS] DPOFE: 2448
[POS] Cache cargado en 2003 ms
[POS] Refrescando cache DBF...
[POS] Cargando DBF...
[POS] MAPRE: 40640
[POS] DPOFE: 2448
[POS] Cache cargado en 1990 ms
[POS] Refrescando cache DBF...
[POS] Cargando DBF...
[POS] MAPRE: 40640
[POS] DPOFE: 2448
[POS] Cache cargado en 2001 ms
[POS] Refrescando cache DBF...
[POS] Cargando DBF...
[POS] MAPRE: 40640
[POS] DPOFE: 2448
[POS] Cache cargado en 1995 ms
[POS] Refrescando cache DBF...
[POS] Cargando DBF...
[POS] MAPRE: 40640
[POS] DPOFE: 2448
[POS] Cache cargado en 2000 ms
[POS] Refrescando cache DBF...
[POS] Cargando DBF...
[POS] MAPRE: 40640
[POS] DPOFE: 2448
[POS] Cache cargado en 1994 ms
[POS] Refrescando cache DBF...
[POS] Cargando DBF...
[POS] MAPRE: 40640
[POS] DPOFE: 2448
[POS] Cache cargado en 2007 ms
[POS] Refrescando cache DBF...
[POS] Cargando DBF...
[POS] MAPRE: 40640
[POS] DPOFE: 2448
[POS] Cache cargado en 1995 ms
[POS] Refrescando cache DBF...
[POS] Cargando DBF...
[POS] MAPRE: 40640
[POS] DPOFE: 2448
[POS] Cache cargado en 1997 ms
[POS] Refrescando cache DBF...
[POS] Cargando DBF...
[POS] MAPRE: 40640
[POS] DPOFE: 2448
[POS] Cache cargado en 1995 ms
[POS] Refrescando cache DBF...
[POS] Cargando DBF...
[POS] MAPRE: 40640
[POS] DPOFE: 2448
[POS] Cache cargado en 2000 ms
[POS] Refrescando cache DBF...
[POS] Cargando DBF...
[POS] MAPRE: 40640
[POS] DPOFE: 2448
[POS] Cache cargado en 1994 ms
[POS] Refrescando cache DBF...
[POS] Cargando DBF...
[POS] MAPRE: 40640
[POS] DPOFE: 2448
[POS] Cache cargado en 1992 ms
[POS] Refrescando cache DBF...
[POS] Cargando DBF...
[POS] MAPRE: 40640
[POS] DPOFE: 2448
[POS] Cache cargado en 1999 ms
[POS] Refrescando cache DBF...
[POS] Cargando DBF...
[POS] MAPRE: 40640
[POS] DPOFE: 2448
[POS] Cache cargado en 1993 ms
[POS] Refrescando cache DBF...
[POS] Cargando DBF...
[POS] MAPRE: 40640
[POS] DPOFE: 2448
[POS] Cache cargado en 1991 ms
[POS] Refrescando cache DBF...
[POS] Cargando DBF...
[POS] MAPRE: 40640
[POS] DPOFE: 2448
[POS] Cache cargado en 2040 ms
[POS] Refrescando cache DBF...
[POS] Cargando DBF...
[POS] MAPRE: 40640
[POS] DPOFE: 2448
[POS] Cache cargado en 1997 ms
[POS] Refrescando cache DBF...
[POS] Cargando DBF...
[POS] MAPRE: 40640
[POS] DPOFE: 2448
[POS] Cache cargado en 2002 ms
[POS] Refrescando cache DBF...
[POS] Cargando DBF...
[POS] MAPRE: 40640
[POS] DPOFE: 2448
[POS] Cache cargado en 1992 ms
[POS] Refrescando cache DBF...
[POS] Cargando DBF...
[POS] MAPRE: 40640
[POS] DPOFE: 2448
[POS] Cache cargado en 2008 ms
[POS] Refrescando cache DBF...
[POS] Cargando DBF...
[POS] MAPRE: 40640
[POS] DPOFE: 2448
[POS] Cache cargado en 1998 ms
[POS] Refrescando cache DBF...
[POS] Cargando DBF...
[POS] MAPRE: 40640
[POS] DPOFE: 2448
[POS] Cache cargado en 2005 ms
[POS] Refrescando cache DBF...
[POS] Cargando DBF...
[POS] MAPRE: 40640
[POS] DPOFE: 2448
[POS] Cache cargado en 2006 ms
[POS] Refrescando cache DBF...
[POS] Cargando DBF...
[POS] MAPRE: 40640
[POS] DPOFE: 2448
[POS] Cache cargado en 2008 ms
[POS] Refrescando cache DBF...
[POS] Cargando DBF...
[POS] MAPRE: 40640
[POS] DPOFE: 2448
[POS] Cache cargado en 1999 ms
[POS] Refrescando cache DBF...
[POS] Cargando DBF...
[POS] MAPRE: 40640
[POS] DPOFE: 2448
[POS] Cache cargado en 2017 ms
[POS] Refrescando cache DBF...
[POS] Cargando DBF...
[POS] MAPRE: 40640
[POS] DPOFE: 2448
[POS] Cache cargado en 2001 ms
[POS] Refrescando cache DBF...
[POS] Cargando DBF...
[POS] MAPRE: 40640
[POS] DPOFE: 2448
[POS] Cache cargado en 2006 ms
[POS] Refrescando cache DBF...
[POS] Cargando DBF...
[POS] MAPRE: 40640
[POS] DPOFE: 2448
[POS] Cache cargado en 1997 ms
[POS] Refrescando cache DBF...
[POS] Cargando DBF...
[POS] MAPRE: 40640
[POS] DPOFE: 2448
[POS] Cache cargado en 2032 ms
[POS] Refrescando cache DBF...
[POS] Cargando DBF...
[POS] MAPRE: 40640
[POS] DPOFE: 2448
[POS] Cache cargado en 2006 ms
[POS] Refrescando cache DBF...
[POS] Cargando DBF...
[POS] MAPRE: 40640
[POS] DPOFE: 2448
[POS] Cache cargado en 2016 ms
[POS] Refrescando cache DBF...
[POS] Cargando DBF...
[POS] MAPRE: 40640
[POS] DPOFE: 2448
[POS] Cache cargado en 1995 ms
[POS] Refrescando cache DBF...
[POS] Cargando DBF...
[POS] MAPRE: 40640
[POS] DPOFE: 2448
[POS] Cache cargado en 2015 ms
[POS] Refrescando cache DBF...
[POS] Cargando DBF...
[POS] MAPRE: 40640
[POS] DPOFE: 2448
[POS] Cache cargado en 2020 ms
[POS] Refrescando cache DBF...
[POS] Cargando DBF...
[POS] MAPRE: 40640
[POS] DPOFE: 2448
[POS] Cache cargado en 2014 ms
[POS] Refrescando cache DBF...
[POS] Cargando DBF...
[POS] MAPRE: 40640
[POS] DPOFE: 2448
[POS] Cache cargado en 1994 ms
[POS] Refrescando cache DBF...
[POS] Cargando DBF...
[POS] MAPRE: 40640
[POS] DPOFE: 2448
[POS] Cache cargado en 2037 ms
[POS] Refrescando cache DBF...
[POS] Cargando DBF...
[POS] MAPRE: 40640
[POS] DPOFE: 2448
[POS] Cache cargado en 1993 ms
[POS] Refrescando cache DBF...
[POS] Cargando DBF...
[POS] MAPRE: 40640
[POS] DPOFE: 2448
[POS] Cache cargado en 2014 ms
[POS] Refrescando cache DBF...
[POS] Cargando DBF...
[POS] MAPRE: 40640
[POS] DPOFE: 2448
[POS] Cache cargado en 1999 ms
[POS] Refrescando cache DBF...
[POS] Cargando DBF...
[POS] MAPRE: 40640
[POS] DPOFE: 2448
[POS] Cache cargado en 2011 ms
[POS] Refrescando cache DBF...
[POS] Cargando DBF...
[POS] MAPRE: 40640
[POS] DPOFE: 2448
[POS] Cache cargado en 2015 ms
[POS] Refrescando cache DBF...
[POS] Cargando DBF...
[POS] MAPRE: 40640
[POS] DPOFE: 2448
[POS] Cache cargado en 1991 ms
[POS] Refrescando cache DBF...
[POS] Cargando DBF...
[POS] MAPRE: 40640
[POS] DPOFE: 2448
[POS] Cache cargado en 1995 ms
[POS] Refrescando cache DBF...
[POS] Cargando DBF...
[POS] MAPRE: 40640
[POS] DPOFE: 2448
[POS] Cache cargado en 1993 ms
[POS] Refrescando cache DBF...
[POS] Cargando DBF...
[POS] MAPRE: 40640
[POS] DPOFE: 2448
[POS] Cache cargado en 1994 ms
[POS] Refrescando cache DBF...
[POS] Cargando DBF...
[POS] MAPRE: 40640
[POS] DPOFE: 2448
[POS] Cache cargado en 1999 ms
[POS] Refrescando cache DBF...
[POS] Cargando DBF...
[POS] MAPRE: 40640
[POS] DPOFE: 2448
[POS] Cache cargado en 1983 ms
[POS] Refrescando cache DBF...
[POS] Cargando DBF...
[POS] MAPRE: 40640
[POS] DPOFE: 2448
[POS] Cache cargado en 1998 ms
[POS] Refrescando cache DBF...
[POS] Cargando DBF...
[POS] MAPRE: 40640
[POS] DPOFE: 2448
[POS] Cache cargado en 2002 ms
[POS] Refrescando cache DBF...
[POS] Cargando DBF...
[POS] MAPRE: 40640
[POS] DPOFE: 2448
[POS] Cache cargado en 2002 ms
[POS] Refrescando cache DBF...
[POS] Cargando DBF...
[POS] MAPRE: 40640
[POS] DPOFE: 2448
[POS] Cache cargado en 1997 ms
[POS] Refrescando cache DBF...
[POS] Cargando DBF...
[POS] MAPRE: 40640
[POS] DPOFE: 2448
[POS] Cache cargado en 2002 ms
[POS] Refrescando cache DBF...
[POS] Cargando DBF...
[POS] MAPRE: 40640
[POS] DPOFE: 2448
[POS] Cache cargado en 2008 ms
[POS] Refrescando cache DBF...
[POS] Cargando DBF...
[POS] MAPRE: 40640
[POS] DPOFE: 2448
[POS] Cache cargado en 1999 ms
[POS] Refrescando cache DBF...
[POS] Cargando DBF...
[POS] MAPRE: 40640
[POS] DPOFE: 2448
[POS] Cache cargado en 1996 ms
[POS] Refrescando cache DBF...
[POS] Cargando DBF...
[POS] MAPRE: 40640
[POS] DPOFE: 2448
[POS] Cache cargado en 2000 ms
[POS] Refrescando cache DBF...
[POS] Cargando DBF...
[POS] MAPRE: 40640
[POS] DPOFE: 2448
[POS] Cache cargado en 1992 ms
[POS] Refrescando cache DBF...
[POS] Cargando DBF...
[POS] MAPRE: 40640
[POS] DPOFE: 2448
[POS] Cache cargado en 2005 ms
[POS] Refrescando cache DBF...
[POS] Cargando DBF...
[POS] MAPRE: 40640
[POS] DPOFE: 2448
[POS] Cache cargado en 1992 ms
[POS] Refrescando cache DBF...
[POS] Cargando DBF...
[POS] MAPRE: 40640
[POS] DPOFE: 2448
[POS] Cache cargado en 2004 ms
[POS] Refrescando cache DBF...
[POS] Cargando DBF...
[POS] MAPRE: 40640
[POS] DPOFE: 2448
[POS] Cache cargado en 1992 ms
[POS] Refrescando cache DBF...
[POS] Cargando DBF...
[POS] MAPRE: 40640
[POS] DPOFE: 2448
[POS] Cache cargado en 2013 ms
[POS] Refrescando cache DBF...
[POS] Cargando DBF...
[POS] MAPRE: 40640
[POS] DPOFE: 2448
[POS] Cache cargado en 1997 ms
[POS] Refrescando cache DBF...
[POS] Cargando DBF...
[POS] MAPRE: 40640
[POS] DPOFE: 2448
[POS] Cache cargado en 2009 ms
[POS] Refrescando cache DBF...
[POS] Cargando DBF...
[POS] MAPRE: 40640
[POS] DPOFE: 2448
[POS] Cache cargado en 1990 ms
[POS] Refrescando cache DBF...
[POS] Cargando DBF...
[POS] MAPRE: 40640
[POS] DPOFE: 2448
[POS] Cache cargado en 1995 ms
[POS] Refrescando cache DBF...
[POS] Cargando DBF...
[POS] MAPRE: 40640
[POS] DPOFE: 2448
[POS] Cache cargado en 1999 ms
[POS] Refrescando cache DBF...
[POS] Cargando DBF...
[POS] MAPRE: 40640
[POS] DPOFE: 2448
[POS] Cache cargado en 2010 ms
[POS] Refrescando cache DBF...
[POS] Cargando DBF...
[POS] MAPRE: 40640
[POS] DPOFE: 2448
[POS] Cache cargado en 1997 ms
[POS] Refrescando cache DBF...
[POS] Cargando DBF...
[POS] MAPRE: 40640
[POS] DPOFE: 2448
[POS] Cache cargado en 2024 ms
[POS] Refrescando cache DBF...
[POS] Cargando DBF...
[POS] MAPRE: 40640
[POS] DPOFE: 2448
[POS] Cache cargado en 2004 ms
[POS] Refrescando cache DBF...
[POS] Cargando DBF...
[POS] MAPRE: 40640
[POS] DPOFE: 2448
[POS] Cache cargado en 2016 ms
[POS] Refrescando cache DBF...
[POS] Cargando DBF...
[POS] MAPRE: 40640
[POS] DPOFE: 2448
[POS] Cache cargado en 2000 ms
[POS] Refrescando cache DBF...
[POS] Cargando DBF...
[POS] MAPRE: 40640
[POS] DPOFE: 2448
[POS] Cache cargado en 2000 ms
[POS] Refrescando cache DBF...
[POS] Cargando DBF...
[POS] MAPRE: 40640
[POS] DPOFE: 2448
[POS] Cache cargado en 2000 ms
[POS] Refrescando cache DBF...
[POS] Cargando DBF...
[POS] MAPRE: 40640
[POS] DPOFE: 2448
[POS] Cache cargado en 2007 ms
[POS] Refrescando cache DBF...
[POS] Cargando DBF...
[POS] MAPRE: 40640
[POS] DPOFE: 2448
[POS] Cache cargado en 2020 ms
[POS] Refrescando cache DBF...
[POS] Cargando DBF...
[POS] MAPRE: 40640
[POS] DPOFE: 2448
[POS] Cache cargado en 2044 ms
[POS] Refrescando cache DBF...
[POS] Cargando DBF...
[POS] MAPRE: 40640
[POS] DPOFE: 2448
[POS] Cache cargado en 1997 ms
[POS] Refrescando cache DBF...
[POS] Cargando DBF...
[POS] MAPRE: 40640
[POS] DPOFE: 2448
[POS] Cache cargado en 2033 ms
[POS] Refrescando cache DBF...
[POS] Cargando DBF...
[POS] MAPRE: 40640
[POS] DPOFE: 2448
[POS] Cache cargado en 2037 ms
[POS] Refrescando cache DBF...
[POS] Cargando DBF...
[POS] MAPRE: 40640
[POS] DPOFE: 2448
[POS] Cache cargado en 2002 ms
[POS] Refrescando cache DBF...
[POS] Cargando DBF...
[POS] MAPRE: 40640
[POS] DPOFE: 2448
[POS] Cache cargado en 1996 ms
[POS] Refrescando cache DBF...
[POS] Cargando DBF...
[POS] MAPRE: 40640
[POS] DPOFE: 2448
[POS] Cache cargado en 1994 ms
[POS] Refrescando cache DBF...
[POS] Cargando DBF...
[POS] MAPRE: 40640
[POS] DPOFE: 2448
[POS] Cache cargado en 2003 ms
[POS] Refrescando cache DBF...
[POS] Cargando DBF...
[POS] MAPRE: 40640
[POS] DPOFE: 2448
[POS] Cache cargado en 2003 ms
[POS] Refrescando cache DBF...
[POS] Cargando DBF...
[POS] MAPRE: 40640
[POS] DPOFE: 2448
[POS] Cache cargado en 1994 ms
[POS] Refrescando cache DBF...
[POS] Cargando DBF...
[POS] MAPRE: 40640
[POS] DPOFE: 2448
[POS] Cache cargado en 2022 ms
[POS] Refrescando cache DBF...
[POS] Cargando DBF...
[POS] MAPRE: 40640
[POS] DPOFE: 2448
[POS] Cache cargado en 1995 ms
[POS] Refrescando cache DBF...
[POS] Cargando DBF...
[POS] MAPRE: 40640
[POS] DPOFE: 2448
[POS] Cache cargado en 2013 ms
[POS] Refrescando cache DBF...
[POS] Cargando DBF...
[POS] MAPRE: 40640
[POS] DPOFE: 2448
[POS] Cache cargado en 1996 ms
[POS] Refrescando cache DBF...
[POS] Cargando DBF...
[POS] MAPRE: 40640
[POS] DPOFE: 2448
[POS] Cache cargado en 2012 ms
[POS] Refrescando cache DBF...
[POS] Cargando DBF...
[POS] MAPRE: 40640
[POS] DPOFE: 2448
[POS] Cache cargado en 2016 ms
[POS] Refrescando cache DBF...
[POS] Cargando DBF...
[POS] MAPRE: 40640
[POS] DPOFE: 2448
[POS] Cache cargado en 2021 ms
[POS] Refrescando cache DBF...
[POS] Cargando DBF...
[POS] MAPRE: 40640
[POS] DPOFE: 2448
[POS] Cache cargado en 2014 ms
[POS] Refrescando cache DBF...
[POS] Cargando DBF...
[POS] MAPRE: 40640
[POS] DPOFE: 2448
[POS] Cache cargado en 2018 ms
[POS] Refrescando cache DBF...
[POS] Cargando DBF...
[POS] MAPRE: 40640
[POS] DPOFE: 2448
[POS] Cache cargado en 2008 ms
[POS] Refrescando cache DBF...
[POS] Cargando DBF...
[POS] MAPRE: 40640
[POS] DPOFE: 2448
[POS] Cache cargado en 2015 ms
[POS] Refrescando cache DBF...
[POS] Cargando DBF...
[POS] MAPRE: 40640
[POS] DPOFE: 2448
[POS] Cache cargado en 1996 ms
[POS] Refrescando cache DBF...
[POS] Cargando DBF...
[POS] MAPRE: 40640
[POS] DPOFE: 2448
[POS] Cache cargado en 2015 ms
[POS] Refrescando cache DBF...
[POS] Cargando DBF...
[POS] MAPRE: 40640
[POS] DPOFE: 2448
[POS] Cache cargado en 1993 ms
[POS] Refrescando cache DBF...
[POS] Cargando DBF...
[POS] MAPRE: 40640
[POS] DPOFE: 2448
[POS] Cache cargado en 2003 ms
[POS] Refrescando cache DBF...
[POS] Cargando DBF...
[POS] MAPRE: 40640
[POS] DPOFE: 2448
[POS] Cache cargado en 1996 ms
[POS] Refrescando cache DBF...
[POS] Cargando DBF...
[POS] MAPRE: 40640
[POS] DPOFE: 2448
[POS] Cache cargado en 2010 ms
[POS] Refrescando cache DBF...
[POS] Cargando DBF...
[POS] MAPRE: 40640
[POS] DPOFE: 2448
[POS] Cache cargado en 1992 ms
[POS] Refrescando cache DBF...
[POS] Cargando DBF...
[POS] MAPRE: 40640
[POS] DPOFE: 2448
[POS] Cache cargado en 2027 ms
[POS] Refrescando cache DBF...
[POS] Cargando DBF...
[POS] MAPRE: 40640
[POS] DPOFE: 2448
[POS] Cache cargado en 2014 ms
[POS] Refrescando cache DBF...
[POS] Cargando DBF...
[POS] MAPRE: 40640
[POS] DPOFE: 2448
[POS] Cache cargado en 2004 ms
[POS] Refrescando cache DBF...
[POS] Cargando DBF...
[POS] MAPRE: 40640
[POS] DPOFE: 2448
[POS] Cache cargado en 2012 ms
[POS] Refrescando cache DBF...
[POS] Cargando DBF...
[POS] MAPRE: 40640
[POS] DPOFE: 2448
[POS] Cache cargado en 2012 ms
[POS] Refrescando cache DBF...
[POS] Cargando DBF...
[POS] MAPRE: 40640
[POS] DPOFE: 2448
[POS] Cache cargado en 2009 ms
[POS] Refrescando cache DBF...
[POS] Cargando DBF...
[POS] MAPRE: 40640
[POS] DPOFE: 2448
[POS] Cache cargado en 2006 ms
[POS] Refrescando cache DBF...
[POS] Cargando DBF...
[POS] MAPRE: 40640
[POS] DPOFE: 2448
[POS] Cache cargado en 2000 ms
[POS] Refrescando cache DBF...
[POS] Cargando DBF...
[POS] MAPRE: 40640
[POS] DPOFE: 2448
[POS] Cache cargado en 2013 ms
[POS] Refrescando cache DBF...
[POS] Cargando DBF...
[POS] MAPRE: 40640
[POS] DPOFE: 2448
[POS] Cache cargado en 2015 ms
[POS] Refrescando cache DBF...
[POS] Cargando DBF...
[POS] MAPRE: 40640
[POS] DPOFE: 2448
[POS] Cache cargado en 2008 ms
[POS] Refrescando cache DBF...
[POS] Cargando DBF...
[POS] MAPRE: 40640
[POS] DPOFE: 2448
[POS] Cache cargado en 2007 ms
[POS] Refrescando cache DBF...
[POS] Cargando DBF...
[POS] MAPRE: 40640
[POS] DPOFE: 2448
[POS] Cache cargado en 2020 ms
[POS] Refrescando cache DBF...
[POS] Cargando DBF...
[POS] MAPRE: 40640
[POS] DPOFE: 2448
[POS] Cache cargado en 2129 ms
[POS] Refrescando cache DBF...
[POS] Cargando DBF...
[POS] MAPRE: 40640
[POS] DPOFE: 2448
[POS] Cache cargado en 2006 ms
[POS] Refrescando cache DBF...
[POS] Cargando DBF...
[POS] MAPRE: 40640
[POS] DPOFE: 2448
[POS] Cache cargado en 2010 ms
[POS] Refrescando cache DBF...
[POS] Cargando DBF...
[POS] MAPRE: 40640
[POS] DPOFE: 2448
[POS] Cache cargado en 2029 ms
[POS] Refrescando cache DBF...
[POS] Cargando DBF...
[POS] MAPRE: 40640
[POS] DPOFE: 2448
[POS] Cache cargado en 2004 ms
[POS] Refrescando cache DBF...
[POS] Cargando DBF...
[POS] MAPRE: 40640
[POS] DPOFE: 2448
[POS] Cache cargado en 2008 ms
responseXml <?xml version="1.0" encoding="utf-8"?><soap:Envelope xmlns:soap="http://schemas.xmlsoap.org/soap/envelope/" xmlns:xsi="http://www.w3.org/2001/XMLSchema-instance" xmlns:xsd="http://www.w3.org/2001/XMLSchema"><soap:Body><Login_UsuarioResponse xmlns="http://www.fasa.cl/"><Login_UsuarioResult>&lt;?xml version="1.0" encoding="utf-8" ?&gt;&lt;Respuesta&gt;&lt;Codigo&gt;0&lt;/Codigo&gt;&lt;Mensaje&gt;Transaccion exitosa.&lt;/Mensaje&gt;&lt;Emisor&gt;wsAccesos&lt;/Emisor&gt;&lt;FechaHora&gt;2026-04-02 11:30:53&lt;/FechaHora&gt;&lt;IdUsuario&gt;8192&lt;/IdUsuario&gt;&lt;/Respuesta&gt;</Login_UsuarioResult></Login_UsuarioResponse></soap:Body></soap:Envelope>
[ACCESOS] Login_Usuario OK
[ACCESOS] pIdLogin generado: 8192
[ACCESOS] Menu_XML OK – acceso concedido
[ENRICH]
SKU: 78550
Producto: {
  sku: '78550',
  descripcion: 'PACK CEP.DENT.COLGATE SLIMSOFT BLACK 2UN',
  marca: '9999',
  contenido: '',
  ean13: '7509546061689',
  imagenUrl: null,
  unidadMedida: 'ST',
  precioNormal: 7329,
  precioUnitario: 3664.5,
  precioOferta: 4290,
  vigenciaInicio: 'Sun Mar 01 2026 21:00:00 GMT-0300 (hora estándar de Argentina)',
  vigenciaFin: 'Mon Mar 30 2026 21:00:00 GMT-0300 (hora estándar de Argentina)'
}
SKUS ARCHIVO: 383
PRODUCTOS ÚNICOS: 383
CON OFERTA: 107
SIN OFERTA: 276
🔥 PRINT CALLED { time: '2026-04-02T14:32:57.042Z', isArray: true, items: 7 }
productos: [
  {
    producto: 'P. DENT.SENSODYNE REPAR.& PROTEG.100GR.',
    sku: '72820',
    ean13: '7794640170133',
    unidadMedida: 'G',
    precioNormal: 8399,
    precioUnitario: 83990,
    precioOferta: 6590,
    validoHasta: 'Mon Mar 30 2026 21:00:00 GMT-0300 (hora estándar de Argentina)',
    cantidad: 1
  },
  {
    producto: 'P. DENT.SENSODYNE REP.&PROT.BLANQ.100GR',
    sku: '75270',
    ean13: '7794640170720',
    unidadMedida: 'G',
    precioNormal: 8399,
    precioUnitario: 83990,
    precioOferta: 6590,
    validoHasta: 'Mon Mar 30 2026 21:00:00 GMT-0300 (hora estándar de Argentina)',
    cantidad: 1
  },
  {
    producto: 'PACK CEP.DENT.SENSODYNE SENSIT.CARE 2U',
    sku: '83796',
    ean13: '7794640172427',
    unidadMedida: 'ST',
    precioNormal: 8019,
    precioUnitario: 4009.5,
    precioOferta: 6690,
    validoHasta: 'Mon Mar 30 2026 21:00:00 GMT-0300 (hora estándar de Argentina)',
    cantidad: 1
  },
  {
    producto: 'P.DENT.ELMEX SENSIBLE 110GR',
    sku: '87654',
    ean13: '8718951213524',
    unidadMedida: 'G',
    precioNormal: 7899,
    precioUnitario: 71809.09,
    precioOferta: 6490,
    validoHasta: 'Mon Mar 30 2026 21:00:00 GMT-0300 (hora estándar de Argentina)',
    cantidad: 1
  },
  {
    producto: 'CEPILLO DENTAL ELMEX ULTRA SOFT 2UN',
    sku: '92957',
    ean13: '7891024020210',
    unidadMedida: 'ST',
    precioNormal: 7829,
    precioUnitario: 3914.5,
    precioOferta: 6990,
    validoHasta: 'Mon Mar 30 2026 21:00:00 GMT-0300 (hora estándar de Argentina)',
    cantidad: 1
  },
  {
    producto: 'PASTA DENTAL ELMEX SENSITIVE WHITEN.110G',
    sku: '92531',
    ean13: '8718951456440',
    unidadMedida: '1 K.',
    precioNormal: 7899,
    precioUnitario: 71809.09,
    precioOferta: 6490,
    validoHasta: 'Mon Mar 30 2026 21:00:00 GMT-0300 (hora estándar de Argentina)',
    cantidad: 1
  },
  {
    producto: 'COLGATE TOTAL ORIG MINT 97.5G',
    sku: '18959',
    ean13: '99176480310',
    unidadMedida: '1 K.',
    precioNormal: 3999,
    precioUnitario: 44433.33,
    precioOferta: 1990,
    validoHasta: 'Mon Mar 30 2026 21:00:00 GMT-0300 (hora estándar de Argentina)',
    cantidad: 1
  }
]
[POS] Refrescando cache DBF...
[POS] Cargando DBF...
[POS] MAPRE: 40640
[POS] DPOFE: 2448
[POS] Cache cargado en 2037 ms
[POS] Refrescando cache DBF...
[POS] Cargando DBF...
[POS] MAPRE: 40640
[POS] DPOFE: 2448
[POS] Cache cargado en 2022 ms
[POS] Refrescando cache DBF...
[POS] Cargando DBF...
[POS] MAPRE: 40640
[POS] DPOFE: 2448
[POS] Cache cargado en 2033 ms
[POS] Refrescando cache DBF...
[POS] Cargando DBF...
[POS] MAPRE: 40640
[POS] DPOFE: 2448
[POS] Cache cargado en 2035 ms
[POS] Refrescando cache DBF...
[POS] Cargando DBF...
[POS] MAPRE: 40640
[POS] DPOFE: 2448
[POS] Cache cargado en 1996 ms
[POS] Refrescando cache DBF...
[POS] Cargando DBF...
[POS] MAPRE: 40640
[POS] DPOFE: 2448
[POS] Cache cargado en 2008 ms
[POS] Refrescando cache DBF...
[POS] Cargando DBF...
[POS] MAPRE: 40640
[POS] DPOFE: 2448
[POS] Cache cargado en 2008 ms
[dotenv@17.3.1] injecting env (11) from .env -- tip: 🔐 encrypt with Dotenvx: https://dotenvx.com
Backend POS escuchando en puerto 3000
responseXml <?xml version="1.0" encoding="utf-8"?><soap:Envelope xmlns:soap="http://schemas.xmlsoap.org/soap/envelope/" xmlns:xsi="http://www.w3.org/2001/XMLSchema-instance" xmlns:xsd="http://www.w3.org/2001/XMLSchema"><soap:Body><Login_UsuarioResponse xmlns="http://www.fasa.cl/"><Login_UsuarioResult>&lt;?xml version="1.0" encoding="utf-8" ?&gt;&lt;Respuesta&gt;&lt;Codigo&gt;0&lt;/Codigo&gt;&lt;Mensaje&gt;Transaccion exitosa.&lt;/Mensaje&gt;&lt;Emisor&gt;wsAccesos&lt;/Emisor&gt;&lt;FechaHora&gt;2026-04-02 12:05:59&lt;/FechaHora&gt;&lt;IdUsuario&gt;8192&lt;/IdUsuario&gt;&lt;/Respuesta&gt;</Login_UsuarioResult></Login_UsuarioResponse></soap:Body></soap:Envelope>
[ACCESOS] Login_Usuario OK
[ACCESOS] pIdLogin generado: 8192
[ACCESOS] Menu_XML OK – acceso concedido
[POS] Cargando DBF...
[POS] MAPRE: 40640
[POS] DPOFE: 2448
[POS] Cache cargado en 1979 ms
[ENRICH]
SKU: 92957
Producto: {
  sku: '92957',
  descripcion: 'CEPILLO DENTAL ELMEX ULTRA SOFT 2UN',
  marca: '9999',
  contenido: '',
  ean13: '7891024020210',
  imagenUrl: null,
  unidadMedida: 'UNIDAD',
  precioNormal: 7829,
  precioUnitario: 3914.5,
  precioOferta: 6990,
  vigenciaInicio: 'Sun Mar 01 2026 21:00:00 GMT-0300 (hora estándar de Argentina)',
  vigenciaFin: 'Mon Mar 30 2026 21:00:00 GMT-0300 (hora estándar de Argentina)'
}
[POS] Refrescando cache DBF...
[POS] Cargando DBF...
[POS] MAPRE: 40640
[POS] DPOFE: 2448
[POS] Cache cargado en 1924 ms
[POS] Refrescando cache DBF...
[POS] Cargando DBF...
[POS] MAPRE: 40640
[POS] DPOFE: 2448
[POS] Cache cargado en 1892 ms
[POS] Refrescando cache DBF...
[POS] Cargando DBF...
[POS] MAPRE: 40640
[POS] DPOFE: 2448
[POS] Cache cargado en 1923 ms
[POS] Refrescando cache DBF...
[POS] Cargando DBF...
[POS] MAPRE: 40640
[POS] DPOFE: 2448
[POS] Cache cargado en 1915 ms
[POS] Refrescando cache DBF...
[POS] Cargando DBF...
[POS] MAPRE: 40640
[POS] DPOFE: 2448
[POS] Cache cargado en 1919 ms
[POS] Refrescando cache DBF...
[POS] Cargando DBF...
[POS] MAPRE: 40640
[POS] DPOFE: 2448
[POS] Cache cargado en 1927 ms
[POS] Refrescando cache DBF...
[POS] Cargando DBF...
[POS] MAPRE: 40640
[POS] DPOFE: 2448
[POS] Cache cargado en 1913 ms
[POS] Refrescando cache DBF...
[POS] Cargando DBF...
[POS] MAPRE: 40640
[POS] DPOFE: 2448
[POS] Cache cargado en 1919 ms
[POS] Refrescando cache DBF...
[POS] Cargando DBF...
[POS] MAPRE: 40640
[POS] DPOFE: 2448
[POS] Cache cargado en 1926 ms
responseXml <?xml version="1.0" encoding="utf-8"?><soap:Envelope xmlns:soap="http://schemas.xmlsoap.org/soap/envelope/" xmlns:xsi="http://www.w3.org/2001/XMLSchema-instance" xmlns:xsd="http://www.w3.org/2001/XMLSchema"><soap:Body><Login_UsuarioResponse xmlns="http://www.fasa.cl/"><Login_UsuarioResult>&lt;?xml version="1.0" encoding="utf-8" ?&gt;&lt;Respuesta&gt;&lt;Codigo&gt;0&lt;/Codigo&gt;&lt;Mensaje&gt;Transaccion exitosa.&lt;/Mensaje&gt;&lt;Emisor&gt;wsAccesos&lt;/Emisor&gt;&lt;FechaHora&gt;2026-04-02 12:52:25&lt;/FechaHora&gt;&lt;IdUsuario&gt;8192&lt;/IdUsuario&gt;&lt;/Respuesta&gt;</Login_UsuarioResult></Login_UsuarioResponse></soap:Body></soap:Envelope>
[ACCESOS] Login_Usuario OK
[ACCESOS] pIdLogin generado: 8192
responseXml <?xml version="1.0" encoding="utf-8"?><soap:Envelope xmlns:soap="http://schemas.xmlsoap.org/soap/envelope/" xmlns:xsi="http://www.w3.org/2001/XMLSchema-instance" xmlns:xsd="http://www.w3.org/2001/XMLSchema"><soap:Body><Login_UsuarioResponse xmlns="http://www.fasa.cl/"><Login_UsuarioResult>&lt;?xml version="1.0" encoding="utf-8" ?&gt;&lt;Respuesta&gt;&lt;Codigo&gt;0&lt;/Codigo&gt;&lt;Mensaje&gt;Transaccion exitosa.&lt;/Mensaje&gt;&lt;Emisor&gt;wsAccesos&lt;/Emisor&gt;&lt;FechaHora&gt;2026-04-02 12:52:25&lt;/FechaHora&gt;&lt;IdUsuario&gt;8192&lt;/IdUsuario&gt;&lt;/Respuesta&gt;</Login_UsuarioResult></Login_UsuarioResponse></soap:Body></soap:Envelope>
[ACCESOS] Login_Usuario OK
[ACCESOS] pIdLogin generado: 8192
[ACCESOS] Menu_XML OK – acceso concedido
[ACCESOS] Menu_XML OK – acceso concedido
SKUS ARCHIVO: 383
PRODUCTOS ÚNICOS: 383
CON OFERTA: 107
SIN OFERTA: 276
[POS] Refrescando cache DBF...
[POS] Cargando DBF...
[POS] MAPRE: 40640
[POS] DPOFE: 2448
[POS] Cache cargado en 1906 ms
🔥 PRINT CALLED { time: '2026-04-02T15:56:46.583Z', isArray: true, items: 107 }
productos: [
  {
    producto: 'PACK CEP.DENT.COLGATE SLIMSOFT BLACK 2UN',
    sku: '78550',
    ean13: '7509546061689',
    unidadMedida: 'UNIDAD',
    precioNormal: 7329,
    precioUnitario: 3664.5,
    precioOferta: 4290,
    validoHasta: 'Mon Mar 30 2026 21:00:00 GMT-0300 (hora estándar de Argentina)',
    cantidad: 1
  },
  {
    producto: 'PACK PEPSODENT P.DENT.TRIPLE 90GR. 3UN',
    sku: '72520',
    ean13: '7805000172497',
    unidadMedida: 'G',
    precioNormal: 4089,
    precioUnitario: 15144.44,
    precioOferta: 3290,
    validoHasta: 'Mon Mar 30 2026 21:00:00 GMT-0300 (hora estándar de Argentina)',
    cantidad: 1
  },
  {
    producto: 'ENJ. BUC. COLGATE PERIOGAR.250ML.',
    sku: '61154',
    ean13: '7891024179925',
    unidadMedida: 'ML',
    precioNormal: 9699,
    precioUnitario: 38796,
    precioOferta: 7490,
    validoHasta: 'Mon Mar 30 2026 21:00:00 GMT-0300 (hora estándar de Argentina)',
    cantidad: 1
  },
  {
    producto: 'P. DENT.SENSODYNE REPAR.& PROTEG.100GR.',
    sku: '72820',
    ean13: '7794640170133',
    unidadMedida: 'G',
    precioNormal: 8399,
    precioUnitario: 83990,
    precioOferta: 6590,
    validoHasta: 'Mon Mar 30 2026 21:00:00 GMT-0300 (hora estándar de Argentina)',
    cantidad: 1
  },
  {
    producto: 'P. DENT.SENSODYNE REP.&PROT.BLANQ.100GR',
    sku: '75270',
    ean13: '7794640170720',
    unidadMedida: 'G',
    precioNormal: 8399,
    precioUnitario: 83990,
    precioOferta: 6590,
    validoHasta: 'Mon Mar 30 2026 21:00:00 GMT-0300 (hora estándar de Argentina)',
    cantidad: 1
  },
  {
    producto: 'PACK CEP.DENT.SENSODYNE SENSIT.CARE 2U',
    sku: '83796',
    ean13: '7794640172427',
    unidadMedida: 'UNIDAD',
    precioNormal: 8019,
    precioUnitario: 4009.5,
    precioOferta: 6690,
    validoHasta: 'Mon Mar 30 2026 21:00:00 GMT-0300 (hora estándar de Argentina)',
    cantidad: 1
  },
  {
    producto: 'P.DENT.ELMEX SENSIBLE 110GR',
    sku: '87654',
    ean13: '8718951213524',
    unidadMedida: 'G',
    precioNormal: 7899,
    precioUnitario: 71809.09,
    precioOferta: 6490,
    validoHasta: 'Mon Mar 30 2026 21:00:00 GMT-0300 (hora estándar de Argentina)',
    cantidad: 1
  },
  {
    producto: 'CEPILLO DENTAL ELMEX ULTRA SOFT 2UN',
    sku: '92957',
    ean13: '7891024020210',
    unidadMedida: 'UNIDAD',
    precioNormal: 7829,
    precioUnitario: 3914.5,
    precioOferta: 6990,
    validoHasta: 'Mon Mar 30 2026 21:00:00 GMT-0300 (hora estándar de Argentina)',
    cantidad: 1
  },
  {
    producto: 'PASTA DENTAL ELMEX SENSITIVE WHITEN.110G',
    sku: '92531',
    ean13: '8718951456440',
    unidadMedida: '1 K.',
    precioNormal: 7899,
    precioUnitario: 71809.09,
    precioOferta: 6490,
    validoHasta: 'Mon Mar 30 2026 21:00:00 GMT-0300 (hora estándar de Argentina)',
    cantidad: 1
  },
  {
    producto: 'COLGATE TOTAL ORIG MINT 97.5G',
    sku: '18959',
    ean13: '99176480310',
    unidadMedida: '1 K.',
    precioNormal: 3999,
    precioUnitario: 44433.33,
    precioOferta: 1990,
    validoHasta: 'Mon Mar 30 2026 21:00:00 GMT-0300 (hora estándar de Argentina)',
    cantidad: 1
  },
  {
    producto: 'COREGA ULTRA CREMA ADHES.SIN SABOR 40 GR',
    sku: '46105',
    ean13: '7794640171741',
    unidadMedida: '1 K.',
    precioNormal: 12989,
    precioUnitario: 324725,
    precioOferta: 11199,
    validoHasta: 'Mon Mar 30 2026 21:00:00 GMT-0300 (hora estándar de Argentina)',
    cantidad: 1
  },
  {
    producto: 'CRM EUCERIN ANTIPIGME NOCHE 50ML',
    sku: '86728',
    ean13: '4005900559517',
    unidadMedida: 'ML',
    precioNormal: 42499,
    precioUnitario: 849980,
    precioOferta: 31756,
    validoHasta: 'Mon Mar 30 2026 21:00:00 GMT-0300 (hora estándar de Argentina)',
    cantidad: 1
  },
  {
    producto: 'CRM EUCERIN ANTIPIGME FAC DIA 50ML',
    sku: '86729',
    ean13: '4005900559500',
    unidadMedida: 'ML',
    precioNormal: 39189,
    precioUnitario: 783780,
    precioOferta: 29283,
    validoHasta: 'Mon Mar 30 2026 21:00:00 GMT-0300 (hora estándar de Argentina)',
    cantidad: 1
  },
  {
    producto: 'SERUM EUCERIN DUAL ANTIPIGME 30ML',
    sku: '86727',
    ean13: '7319470066786',
    unidadMedida: '1 L.',
    precioNormal: 46219,
    precioUnitario: 1540633.33,
    precioOferta: 32353,
    validoHasta: 'Sat Mar 14 2026 21:00:00 GMT-0300 (hora estándar de Argentina)',
    cantidad: 1
  },
  {
    producto: 'CRM EUCERIN PEELING&SERUM DOUBLE 30ML',
    sku: '85929',
    ean13: '4005900541031',
    unidadMedida: 'ML',
    precioNormal: 46729,
    precioUnitario: 1557633.33,
    precioOferta: 32710,
    validoHasta: 'Mon Mar 30 2026 21:00:00 GMT-0300 (hora estándar de Argentina)',
    cantidad: 1
  },
  {
    producto: 'GEL LIMP EUCERIN DERMOPURE TR.EFEC 150ML',
    sku: '92870',
    ean13: '4006000065809',
    unidadMedida: 'ML',
    precioNormal: 19089,
    precioUnitario: 127260,
    precioOferta: 12408,
    validoHasta: 'Sat Mar 14 2026 21:00:00 GMT-0300 (hora estándar de Argentina)',
    cantidad: 1
  },
  {
    producto: 'CRM EUCERIN CONTOR.OJOS ANTIPIGMENT 15ML',
    sku: '92037',
    ean13: '4006000101972',
    unidadMedida: 'ML',
    precioNormal: 37179,
    precioUnitario: 2478600,
    precioOferta: 24910,
    validoHasta: 'Sat Mar 14 2026 21:00:00 GMT-0300 (hora estándar de Argentina)',
    cantidad: 1
  },
  {
    producto: 'EUCERIN GEL LIMP. 200ML.',
    sku: '38026',
    ean13: '4005900436986',
    unidadMedida: 'ML',
    precioNormal: 18079,
    precioUnitario: 90395,
    precioOferta: 11751,
    validoHasta: 'Sat Mar 14 2026 21:00:00 GMT-0300 (hora estándar de Argentina)',
    cantidad: 1
  },
  {
    producto: 'PH5-EUCERIN SYNDET GEL C/DOSIF FCO.400ML',
    sku: '38005',
    ean13: '4005800178375',
    unidadMedida: 'ML',
    precioNormal: 22099,
    precioUnitario: 55247.5,
    precioOferta: 16574,
    validoHasta: 'Mon Mar 30 2026 21:00:00 GMT-0300 (hora estándar de Argentina)',
    cantidad: 1
  },
  {
    producto: 'EUCERIN FACE GEL ANTIPIGMENT 400ML',
    sku: '94558',
    ean13: '4005800346576',
    unidadMedida: '1 L.',
    precioNormal: 30699,
    precioUnitario: 76747.5,
    precioOferta: 22667,
    validoHasta: 'Mon Mar 30 2026 21:00:00 GMT-0300 (hora estándar de Argentina)',
    cantidad: 1
  },
  {
    producto: 'CRM DIA EUCERIN HYALU FILLER FPS30 50ML',
    sku: '88703',
    ean13: '4005900516961',
    unidadMedida: 'ML',
    precioNormal: 46719,
    precioUnitario: 934380,
    precioOferta: 32236,
    validoHasta: 'Mon Mar 30 2026 21:00:00 GMT-0300 (hora estándar de Argentina)',
    cantidad: 1
  },
  {
    producto: 'GEL LIMP DERMOPURE EUCERIN TRIPPLE 400ML',
    sku: '94094',
    ean13: '4006000075716',
    unidadMedida: 'ML',
    precioNormal: 25119,
    precioUnitario: 62797.5,
    precioOferta: 16327,
    validoHasta: 'Sat Mar 14 2026 21:00:00 GMT-0300 (hora estándar de Argentina)',
    cantidad: 1
  },
  {
    producto: 'CRM. EUCERIN HYAL FL DIA LIGHT F15 50ML.',
    sku: '70890',
    ean13: '7804955007892',
    unidadMedida: 'ML',
    precioNormal: 42599,
    precioUnitario: 851980,
    precioOferta: 31949,
    validoHasta: 'Sat Mar 07 2026 21:00:00 GMT-0300 (hora estándar de Argentina)',
    cantidad: 1
  },
  {
    producto: 'CRM DIA EUCERIN ELASTI FILLER SPF30 50ML',
    sku: '88701',
    ean13: '4005900728807',
    unidadMedida: 'ML',
    precioNormal: 45899,
    precioUnitario: 917980,
    precioOferta: 29834,
    validoHasta: 'Mon Mar 30 2026 21:00:00 GMT-0300 (hora estándar de Argentina)',
    cantidad: 1
  },
  {
    producto: 'DES. ROLL ON EUCERIN PH5 50ML.',
    sku: '68214',
    ean13: '4005800027697',
    unidadMedida: '1 L.',
    precioNormal: 18079,
    precioUnitario: 361580,
    precioOferta: 12655,
    validoHasta: 'Mon Mar 30 2026 21:00:00 GMT-0300 (hora estándar de Argentina)',
    cantidad: 1
  },
  {
    producto: 'EUCERIN CRM ANTIARRUG HYALU. F.NOC 50ML',
    sku: '50705',
    ean13: '4005800024023',
    unidadMedida: 'ML',
    precioNormal: 42599,
    precioUnitario: 851980,
    precioOferta: 30671,
    validoHasta: 'Mon Mar 30 2026 21:00:00 GMT-0300 (hora estándar de Argentina)',
    cantidad: 1
  },
  {
    producto: 'CRM. EUCERIN DIA ELASTICITY FILL 50ML',
    sku: '83204',
    ean13: '4005900324016',
    unidadMedida: 'ML',
    precioNormal: 47219,
    precioUnitario: 944380,
    precioOferta: 30220,
    validoHasta: 'Mon Mar 30 2026 21:00:00 GMT-0300 (hora estándar de Argentina)',
    cantidad: 1
  },
  {
    producto: 'CRM. EUCERIN DERMOPURE MATIFICANTE 50ML',
    sku: '72419',
    ean13: '4005900436962',
    unidadMedida: 'ML',
    precioNormal: 29129,
    precioUnitario: 582580,
    precioOferta: 18934,
    validoHasta: 'Sat Mar 14 2026 21:00:00 GMT-0300 (hora estándar de Argentina)',
    cantidad: 1
  },
  {
    producto: 'SRM EUCERIN HYL FILLER +ELSTY 3D 30ML',
    sku: '89217',
    ean13: '4005800269776',
    unidadMedida: 'ML',
    precioNormal: 48239,
    precioUnitario: 1607966.67,
    precioOferta: 33767,
    validoHasta: 'Mon Mar 30 2026 21:00:00 GMT-0300 (hora estándar de Argentina)',
    cantidad: 1
  },
  {
    producto: 'GEL LIMP EUCERIN DERMOPURE 400ML',
    sku: '84785',
    ean13: '4005800180606',
    unidadMedida: 'ML',
    precioNormal: 24119,
    precioUnitario: 60297.5,
    precioOferta: 15677,
    validoHasta: 'Sat Mar 14 2026 21:00:00 GMT-0300 (hora estándar de Argentina)',
    cantidad: 1
  },
  {
    producto: 'CRM. EUCERIN DERMOPURE CUID. RENOV 40ML',
    sku: '72431',
    ean13: '4005900436979',
    unidadMedida: 'ML',
    precioNormal: 28399,
    precioUnitario: 567980,
    precioOferta: 18459,
    validoHasta: 'Sat Mar 14 2026 21:00:00 GMT-0300 (hora estándar de Argentina)',
    cantidad: 1
  },
  {
    producto: 'EUCERIN ATOPI CONTROL BALSAMO T LIG400ML',
    sku: '89419',
    ean13: '4005900791047',
    unidadMedida: 'ML',
    precioNormal: 34409,
    precioUnitario: 86022.5,
    precioOferta: 23054,
    validoHasta: 'Sat Mar 14 2026 21:00:00 GMT-0300 (hora estándar de Argentina)',
    cantidad: 1
  },
  {
    producto: 'CRM CORPORAL EUCERIN ANTIPIGMENTO 200ML',
    sku: '94093',
    ean13: '4006000014395',
    unidadMedida: 'ML',
    precioNormal: 34369,
    precioUnitario: 171845,
    precioOferta: 23715,
    validoHasta: 'Sat Mar 14 2026 21:00:00 GMT-0300 (hora estándar de Argentina)',
    cantidad: 1
  },
  {
    producto: 'SERUM EUCERIN HYAL-FILL EPIGENETIC 30ML',
    sku: '93545',
    ean13: '4006000077000',
    unidadMedida: 'ML',
    precioNormal: 64299,
    precioUnitario: 2143300,
    precioOferta: 41794,
    validoHasta: 'Mon Mar 30 2026 21:00:00 GMT-0300 (hora estándar de Argentina)',
    cantidad: 1
  },
  {
    producto: 'EUCERIN CRM ANTIARRU HYALURON F.DIA 50ML',
    sku: '50706',
    ean13: '7804955007885',
    unidadMedida: 'ML',
    precioNormal: 42599,
    precioUnitario: 851980,
    precioOferta: 28541,
    validoHasta: 'Mon Mar 30 2026 21:00:00 GMT-0300 (hora estándar de Argentina)',
    cantidad: 1
  },
  {
    producto: 'CRM CORP DERMOPURE EUCERIN TR EFF 200ML',
    sku: '94095',
    ean13: '4006000077727',
    unidadMedida: 'ML',
    precioNormal: 24099,
    precioUnitario: 120495,
    precioOferta: 15664,
    validoHasta: 'Sat Mar 14 2026 21:00:00 GMT-0300 (hora estándar de Argentina)',
    cantidad: 1
  },
  {
    producto: 'CRM EUCERIN NOCHE ELASTICITY FIL 50ML',
    sku: '83203',
    ean13: '4005900324023',
    unidadMedida: 'ML',
    precioNormal: 47219,
    precioUnitario: 944380,
    precioOferta: 32109,
    validoHasta: 'Mon Mar 30 2026 21:00:00 GMT-0300 (hora estándar de Argentina)',
    cantidad: 1
  },
  {
    producto: 'SERUM TRIPLE EFECTO EUCERIN 40ML',
    sku: '90595',
    ean13: '4005900873347',
    unidadMedida: '1 L.',
    precioNormal: 42069,
    precioUnitario: 1051725,
    precioOferta: 27345,
    validoHasta: 'Sat Mar 14 2026 21:00:00 GMT-0300 (hora estándar de Argentina)',
    cantidad: 1
  },
  {
    producto: 'CRM. AQUAPHOR EUCERIN POMO 55ML.',
    sku: '68121',
    ean13: '4005800223136',
    unidadMedida: 'ML',
    precioNormal: 14059,
    precioUnitario: 281180,
    precioOferta: 9982,
    validoHasta: 'Sat Mar 14 2026 21:00:00 GMT-0300 (hora estándar de Argentina)',
    cantidad: 1
  },
  {
    producto: 'CRM. PURE VITAMIN C OJOS 15ML.',
    sku: '74453',
    ean13: '3337872413735',
    unidadMedida: '1 L.',
    precioNormal: 37649,
    precioUnitario: 2509933.33,
    precioOferta: 26354,
    validoHasta: 'Thu Jul 30 2026 21:00:00 GMT-0300 (hora estándar de Argentina)',
    cantidad: 1
  },
  {
    producto: 'CRM REDERMIC R OJOS 15ML',
    sku: '85696',
    ean13: '3337872414039',
    unidadMedida: 'ML',
    precioNormal: 41199,
    precioUnitario: 2746600,
    precioOferta: 28839,
    validoHasta: 'Thu Jul 30 2026 21:00:00 GMT-0300 (hora estándar de Argentina)',
    cantidad: 1
  },
  {
    producto: 'CRM. REDERMIC HYALU C PIEL SENSIBLE 40ML',
    sku: '74301',
    ean13: '3337872413728',
    unidadMedida: '1 L.',
    precioNormal: 44479,
    precioUnitario: 1111975,
    precioOferta: 31135,
    validoHasta: 'Thu Jul 30 2026 21:00:00 GMT-0300 (hora estándar de Argentina)',
    cantidad: 1
  },
  {
    producto: 'CRM LRP HYALU B5 40ML',
    sku: '84999',
    ean13: '3337875583589',
    unidadMedida: 'ML',
    precioNormal: 38989,
    precioUnitario: 974725,
    precioOferta: 27292,
    validoHasta: 'Thu Jul 30 2026 21:00:00 GMT-0300 (hora estándar de Argentina)',
    cantidad: 1
  },
  {
    producto: 'CREMA LA ROCHE POSAY MELA B3 SPF 30 40ML',
    sku: '93072',
    ean13: '3337875890113',
    unidadMedida: 'ML',
    precioNormal: 38079,
    precioUnitario: 951975,
    precioOferta: 26655,
    validoHasta: 'Thu Jul 30 2026 21:00:00 GMT-0300 (hora estándar de Argentina)',
    cantidad: 1
  },
  {
    producto: 'PEDIASURE POLVO FRUTILLA 850G',
    sku: '93964',
    ean13: '6922244701885',
    unidadMedida: 'G',
    precioNormal: 26199,
    precioUnitario: 30822.35,
    precioOferta: 13100,
    validoHasta: 'Mon Mar 30 2026 21:00:00 GMT-0300 (hora estándar de Argentina)',
    cantidad: 1
  },
  {
    producto: 'PEDIASURE POLVO CHOCOLATE 850G',
    sku: '93963',
    ean13: '6922244701878',
    unidadMedida: '1 K.',
    precioNormal: 29169,
    precioUnitario: 34316.47,
    precioOferta: 14585,
    validoHasta: 'Mon Mar 30 2026 21:00:00 GMT-0300 (hora estándar de Argentina)',
    cantidad: 1
  },
  {
    producto: 'ACTIVESURE SABOR FRUTILLA 850 GR',
    sku: '91372',
    ean13: '7809576419345',
    unidadMedida: 'G',
    precioNormal: 22995,
    precioUnitario: 27052.94,
    precioOferta: 18790,
    validoHasta: 'Mon Mar 30 2026 21:00:00 GMT-0300 (hora estándar de Argentina)',
    cantidad: 1
  },
  {
    producto: 'ACTIVESURE SABOR VAINILLA 850 GR',
    sku: '91351',
    ean13: '7809576419352',
    unidadMedida: '1 K.',
    precioNormal: 22995,
    precioUnitario: 27052.94,
    precioOferta: 18790,
    validoHasta: 'Mon Mar 30 2026 21:00:00 GMT-0300 (hora estándar de Argentina)',
    cantidad: 1
  },
  {
    producto: 'ACTIVESURE SABOR CHOCOLATE 850 GR',
    sku: '91349',
    ean13: '7809576419338',
    unidadMedida: 'G',
    precioNormal: 22995,
    precioUnitario: 27052.94,
    precioOferta: 18790,
    validoHasta: 'Mon Mar 30 2026 21:00:00 GMT-0300 (hora estándar de Argentina)',
    cantidad: 1
  },
  {
    producto: 'PEDIASURE POLVO VAINILLA 850G',
    sku: '93965',
    ean13: '6922244701861',
    unidadMedida: 'G',
    precioNormal: 29169,
    precioUnitario: 34316.47,
    precioOferta: 14585,
    validoHasta: 'Mon Mar 30 2026 21:00:00 GMT-0300 (hora estándar de Argentina)',
    cantidad: 1
  },
  {
    producto: 'GLUCERNA VAINILLA 850GR',
    sku: '86119',
    ean13: '8886451008978',
    unidadMedida: '1 K.',
    precioNormal: 32679,
    precioUnitario: 38445.88,
    precioOferta: 13072,
    validoHasta: 'Mon Mar 30 2026 21:00:00 GMT-0300 (hora estándar de Argentina)',
    cantidad: 1
  },
  {
    producto: 'ENSURE ADVANCE FRUTILLA PLATANO 850 GRS',
    sku: '90287',
    ean13: '8427030008004',
    unidadMedida: 'G',
    precioNormal: 33089,
    precioUnitario: 38928.24,
    precioOferta: 16545,
    validoHasta: 'Mon Mar 30 2026 21:00:00 GMT-0300 (hora estándar de Argentina)',
    cantidad: 1
  },
  {
    producto: 'ENSURE ADVANCE 4PACK CHOCOLATE 220ML',
    sku: '90390',
    ean13: '8710428020918',
    unidadMedida: 'UNIDAD',
    precioNormal: 13659,
    precioUnitario: 3414.75,
    precioOferta: 11610,
    validoHasta: 'Mon Mar 30 2026 21:00:00 GMT-0300 (hora estándar de Argentina)',
    cantidad: 1
  },
  {
    producto: 'ENSURE ADVANCE 4PACK VAINILLA 220ML',
    sku: '90289',
    ean13: '8710428020482',
    unidadMedida: 'UNIDAD',
    precioNormal: 14209,
    precioUnitario: 3552.25,
    precioOferta: 12078,
    validoHasta: 'Mon Mar 30 2026 21:00:00 GMT-0300 (hora estándar de Argentina)',
    cantidad: 1
  },
  {
    producto: 'ENSURE ADVANCE FRUTILLA 850GR',
    sku: '85889',
    ean13: '6922244701939',
    unidadMedida: '1 K.',
    precioNormal: 33089,
    precioUnitario: 38928.24,
    precioOferta: 16545,
    validoHasta: 'Mon Mar 30 2026 21:00:00 GMT-0300 (hora estándar de Argentina)',
    cantidad: 1
  },
  {
    producto: 'ENSURE ADVANCE VAINILLA 850GR.',
    sku: '79437',
    ean13: '6922244701915',
    unidadMedida: 'G',
    precioNormal: 33089,
    precioUnitario: 38928.24,
    precioOferta: 16545,
    validoHasta: 'Mon Mar 30 2026 21:00:00 GMT-0300 (hora estándar de Argentina)',
    cantidad: 1
  },
  {
    producto: 'ENSURE ADVANCE CHOCOLATE 850GR',
    sku: '85888',
    ean13: '6922244701922',
    unidadMedida: '1 K.',
    precioNormal: 33089,
    precioUnitario: 38928.24,
    precioOferta: 16545,
    validoHasta: 'Mon Mar 30 2026 21:00:00 GMT-0300 (hora estándar de Argentina)',
    cantidad: 1
  },
  {
    producto: 'LIFTACTIV VICHY RETINOL SERUM 30ML',
    sku: '91584',
    ean13: '3337875821636',
    unidadMedida: 'ML',
    precioNormal: 43209,
    precioUnitario: 1440300,
    precioOferta: 30246,
    validoHasta: 'Thu Jul 30 2026 21:00:00 GMT-0300 (hora estándar de Argentina)',
    cantidad: 1
  },
  {
    producto: 'CR VICHY LIFTAC H.A. EPIDERMIC FILL 30ML',
    sku: '89074',
    ean13: '3337875719209',
    unidadMedida: 'ML',
    precioNormal: 43209,
    precioUnitario: 1440300,
    precioOferta: 30246,
    validoHasta: 'Thu Jul 30 2026 21:00:00 GMT-0300 (hora estándar de Argentina)',
    cantidad: 1
  },
  {
    producto: 'SRM VICHY MINERAL 89 PROBIOTIC FRAC 30ML',
    sku: '89795',
    ean13: '3337875762908',
    unidadMedida: 'ML',
    precioNormal: 44529,
    precioUnitario: 1484300,
    precioOferta: 31170,
    validoHasta: 'Thu Jul 30 2026 21:00:00 GMT-0300 (hora estándar de Argentina)',
    cantidad: 1
  },
  {
    producto: 'CRM. VICHY LIFTACTIV SUPREME 50ML',
    sku: '78839',
    ean13: '3337871328795',
    unidadMedida: '1 L.',
    precioNormal: 42169,
    precioUnitario: 843380,
    precioOferta: 29518,
    validoHasta: 'Thu Jul 30 2026 21:00:00 GMT-0300 (hora estándar de Argentina)',
    cantidad: 1
  },
  {
    producto: 'VICHY HOMME TRAT.HYDRA MAG C 50ML',
    sku: '62101',
    ean13: '3337871322571',
    unidadMedida: 'ML',
    precioNormal: 43199,
    precioUnitario: 863980,
    precioOferta: 30239,
    validoHasta: 'Thu Jul 30 2026 21:00:00 GMT-0300 (hora estándar de Argentina)',
    cantidad: 1
  },
  {
    producto: 'VITADAY VIT C EFERVESCENTE 1000MG 10UN',
    sku: '87792',
    ean13: '2000000742083',
    unidadMedida: 'UNIDAD',
    precioNormal: 2499,
    precioUnitario: 249.9,
    precioOferta: 1890,
    validoHasta: 'Mon Mar 30 2026 21:00:00 GMT-0300 (hora estándar de Argentina)',
    cantidad: 1
  },
  {
    producto: 'NATUVIT DIGESTION PAPAYA ENZIMAS 60 CAP',
    sku: '94654',
    ean13: '793969066759',
    unidadMedida: 'UNIDAD',
    precioNormal: 9999,
    precioUnitario: 166.65,
    precioOferta: 7999,
    validoHasta: 'Mon Mar 30 2026 21:00:00 GMT-0300 (hora estándar de Argentina)',
    cantidad: 1
  },
  {
    producto: 'NATUVIT MELENA DE LEON 60 CAP',
    sku: '94678',
    ean13: '793969066766',
    unidadMedida: 'UNIDAD',
    precioNormal: 9999,
    precioUnitario: 166.65,
    precioOferta: 7999,
    validoHasta: 'Mon Mar 30 2026 21:00:00 GMT-0300 (hora estándar de Argentina)',
    cantidad: 1
  },
  {
    producto: 'NATUVIT VITAMINA C 100MG X 100 C',
    sku: '94488',
    ean13: '2000000754994',
    unidadMedida: 'miligramo',
    precioNormal: 2199,
    precioUnitario: 21990,
    precioOferta: 1759,
    validoHasta: 'Mon Mar 30 2026 21:00:00 GMT-0300 (hora estándar de Argentina)',
    cantidad: 1
  },
  {
    producto: 'NATUVIT VITAMINA C 500MG X 32C',
    sku: '94489',
    ean13: '2000000755014',
    unidadMedida: 'UNIDAD',
    precioNormal: 3199,
    precioUnitario: 99.97,
    precioOferta: 2890,
    validoHasta: 'Mon Mar 30 2026 21:00:00 GMT-0300 (hora estándar de Argentina)',
    cantidad: 1
  },
  {
    producto: 'VANTUX MAX 60 CAP',
    sku: '66047',
    ean13: '7800059002412',
    unidadMedida: 'UNIDAD',
    precioNormal: 24659,
    precioUnitario: 410.98,
    precioOferta: 18494,
    validoHasta: 'Mon Jun 29 2026 21:00:00 GMT-0300 (hora estándar de Argentina)',
    cantidad: 1
  },
  {
    producto: 'NATUVIT CRANBERRY 7500 MG 30 CAPSULAS',
    sku: '94417',
    ean13: '793969066636',
    unidadMedida: 'UNIDAD',
    precioNormal: 6999,
    precioUnitario: 233.3,
    precioOferta: 5990,
    validoHasta: 'Mon Mar 30 2026 21:00:00 GMT-0300 (hora estándar de Argentina)',
    cantidad: 1
  },
  {
    producto: 'VITADAY VITAMINA C 1000 MG 60 TABLETAS',
    sku: '94951',
    ean13: '781584322886',
    unidadMedida: 'UNIDAD',
    precioNormal: 12249,
    precioUnitario: 204.15,
    precioOferta: 7349,
    validoHasta: 'Mon Mar 30 2026 21:00:00 GMT-0300 (hora estándar de Argentina)',
    cantidad: 1
  },
  {
    producto: 'CENTRUM MUJER SILVER 30 COMP REC',
    sku: '94381',
    ean13: '7896090611768',
    unidadMedida: 'UNIDAD',
    precioNormal: 18899,
    precioUnitario: 629.97,
    precioOferta: 17009,
    validoHasta: 'Mon Mar 30 2026 21:00:00 GMT-0300 (hora estándar de Argentina)',
    cantidad: 1
  },
  {
    producto: 'AZANA PREBIOTIC FIBRA DE MANZANA 225G',
    sku: '93692',
    ean13: '658325915099',
    unidadMedida: '1 K.',
    precioNormal: 9995,
    precioUnitario: 44422.22,
    precioOferta: 9590,
    validoHasta: 'Mon Mar 30 2026 21:00:00 GMT-0300 (hora estándar de Argentina)',
    cantidad: 1
  },
  {
    producto: 'VITADAY MAGNESIO CITRATO 400 MG 60 TAB',
    sku: '94942',
    ean13: '781584322916',
    unidadMedida: 'UNIDAD',
    precioNormal: 14499,
    precioUnitario: 241.65,
    precioOferta: 10149,
    validoHasta: 'Sat Mar 14 2026 21:00:00 GMT-0300 (hora estándar de Argentina)',
    cantidad: 1
  },
  {
    producto: 'VITADAY CALCIO-MAGNESIO-ZINC + D 90 TAB',
    sku: '94949',
    ean13: '781584322893',
    unidadMedida: 'UNIDAD',
    precioNormal: 13249,
    precioUnitario: 147.21,
    precioOferta: 9274,
    validoHasta: 'Sat Mar 14 2026 21:00:00 GMT-0300 (hora estándar de Argentina)',
    cantidad: 1
  },
  {
    producto: 'VITADAY B-COMPLEX 100 TABLETAS',
    sku: '94873',
    ean13: '781584323128',
    unidadMedida: 'UNIDAD',
    precioNormal: 14249,
    precioUnitario: 142.49,
    precioOferta: 9974,
    validoHasta: 'Sat Mar 14 2026 21:00:00 GMT-0300 (hora estándar de Argentina)',
    cantidad: 1
  },
  {
    producto: 'VITADAY SOYA COMPLEX 60 CAPSULAS',
    sku: '94963',
    ean13: '781584323135',
    unidadMedida: 'UNIDAD',
    precioNormal: 14999,
    precioUnitario: 249.98,
    precioOferta: 10499,
    validoHasta: 'Sat Mar 14 2026 21:00:00 GMT-0300 (hora estándar de Argentina)',
    cantidad: 1
  },
  {
    producto: 'VITADAY TRIPLE MAGNESIO 60 CAPSULAS',
    sku: '94944',
    ean13: '781584323142',
    unidadMedida: 'UNIDAD',
    precioNormal: 13849,
    precioUnitario: 230.82,
    precioOferta: 9694,
    validoHasta: 'Sat Mar 14 2026 21:00:00 GMT-0300 (hora estándar de Argentina)',
    cantidad: 1
  },
  {
    producto: 'NATUVIT VITAMINA C 1000 MG 30 CAPSULAS',
    sku: '94419',
    ean13: '793969066520',
    unidadMedida: 'UNIDAD',
    precioNormal: 6149,
    precioUnitario: 204.97,
    precioOferta: 3990,
    validoHasta: 'Mon Mar 30 2026 21:00:00 GMT-0300 (hora estándar de Argentina)',
    cantidad: 1
  },
  {
    producto: 'VITADAY CALCIO+D (600 MG /400 UI) 60 TAB',
    sku: '94960',
    ean13: '781584323104',
    unidadMedida: 'UNIDAD',
    precioNormal: 13249,
    precioUnitario: 220.82,
    precioOferta: 9274,
    validoHasta: 'Sat Mar 14 2026 21:00:00 GMT-0300 (hora estándar de Argentina)',
    cantidad: 1
  },
  {
    producto: 'VITADAY VITAMINA B12 12 MCG 60 CÁPSULAS',
    sku: '94872',
    ean13: '781584323098',
    unidadMedida: 'UNIDAD',
    precioNormal: 13249,
    precioUnitario: 220.82,
    precioOferta: 8990,
    validoHasta: 'Mon Mar 30 2026 21:00:00 GMT-0300 (hora estándar de Argentina)',
    cantidad: 1
  },
  {
    producto: 'NATUVIT COLÁGENO 1000 MG +Q10 15MG 30CAP',
    sku: '94406',
    ean13: '793969066599',
    unidadMedida: 'UNIDAD',
    precioNormal: 6499,
    precioUnitario: 216.63,
    precioOferta: 5199,
    validoHasta: 'Mon Mar 30 2026 21:00:00 GMT-0300 (hora estándar de Argentina)',
    cantidad: 1
  },
  {
    producto: 'NATUVIT VITAMINA E 1000 UI 60 CÁPSULAS',
    sku: '94425',
    ean13: '793969066612',
    unidadMedida: 'UNIDAD',
    precioNormal: 7999,
    precioUnitario: 266.63,
    precioOferta: 6990,
    validoHasta: 'Mon Mar 30 2026 21:00:00 GMT-0300 (hora estándar de Argentina)',
    cantidad: 1
  },
  {
    producto: 'VITADAY MULTI MEN 60 TABLETAS',
    sku: '94928',
    ean13: '781584323012',
    unidadMedida: 'UNIDAD',
    precioNormal: 19999,
    precioUnitario: 333.32,
    precioOferta: 13999,
    validoHasta: 'Sat Mar 14 2026 21:00:00 GMT-0300 (hora estándar de Argentina)',
    cantidad: 1
  },
  {
    producto: 'AMAZING CARE NARANJA STICKS 72 GR',
    sku: '93551',
    ean13: '7804676580537',
    unidadMedida: '1 K.',
    precioNormal: 13099,
    precioUnitario: 181930.56,
    precioOferta: 9990,
    validoHasta: 'Mon Mar 30 2026 21:00:00 GMT-0300 (hora estándar de Argentina)',
    cantidad: 1
  },
  {
    producto: 'VITADAY ZINC 15 MG 60 TABLETAS',
    sku: '94953',
    ean13: '781584322923',
    unidadMedida: 'UNIDAD',
    precioNormal: 10149,
    precioUnitario: 169.15,
    precioOferta: 7104,
    validoHasta: 'Sat Mar 14 2026 21:00:00 GMT-0300 (hora estándar de Argentina)',
    cantidad: 1
  },
  {
    producto: 'VITADAY MULTI DAY 60 TAB',
    sku: '94962',
    ean13: '781584322930',
    unidadMedida: 'UNIDAD',
    precioNormal: 10999,
    precioUnitario: 183.32,
    precioOferta: 7699,
    validoHasta: 'Sat Mar 14 2026 21:00:00 GMT-0300 (hora estándar de Argentina)',
    cantidad: 1
  },
  {
    producto: 'VITADAY MULTI SILVER 60 TABLETAS',
    sku: '94929',
    ean13: '781584322947',
    unidadMedida: 'UNIDAD',
    precioNormal: 19999,
    precioUnitario: 333.32,
    precioOferta: 13999,
    validoHasta: 'Sat Mar 14 2026 21:00:00 GMT-0300 (hora estándar de Argentina)',
    cantidad: 1
  },
  {
    producto: 'VITADAY COQ10 15 MG 60 CAPS',
    sku: '94924',
    ean13: '781584322978',
    unidadMedida: 'UNIDAD',
    precioNormal: 14249,
    precioUnitario: 237.48,
    precioOferta: 9974,
    validoHasta: 'Sat Mar 14 2026 21:00:00 GMT-0300 (hora estándar de Argentina)',
    cantidad: 1
  },
  {
    producto: 'VITADAY ESPIRULINA 500 MG 90 CAPS',
    sku: '94948',
    ean13: '781584322985',
    unidadMedida: 'UNIDAD',
    precioNormal: 13249,
    precioUnitario: 147.21,
    precioOferta: 9274,
    validoHasta: 'Sat Mar 14 2026 21:00:00 GMT-0300 (hora estándar de Argentina)',
    cantidad: 1
  },
  {
    producto: 'VITADAY L-ARGININA 1000 MG 60 CAPSULAS',
    sku: '94946',
    ean13: '781584323111',
    unidadMedida: 'UNIDAD',
    precioNormal: 17249,
    precioUnitario: 287.48,
    precioOferta: 12074,
    validoHasta: 'Sat Mar 14 2026 21:00:00 GMT-0300 (hora estándar de Argentina)',
    cantidad: 1
  },
  {
    producto: 'VITADAY MULTI WOMAN 60 TABLETAS',
    sku: '94950',
    ean13: '781584323005',
    unidadMedida: 'UNIDAD',
    precioNormal: 19999,
    precioUnitario: 333.32,
    precioOferta: 13999,
    validoHasta: 'Sat Mar 14 2026 21:00:00 GMT-0300 (hora estándar de Argentina)',
    cantidad: 1
  },
  {
    producto: 'VITADAY COLÁGENO 500 MG 60 CÁPSULAS',
    sku: '94961',
    ean13: '781584322909',
    unidadMedida: 'UNIDAD',
    precioNormal: 13999,
    precioUnitario: 233.32,
    precioOferta: 9799,
    validoHasta: 'Sat Mar 14 2026 21:00:00 GMT-0300 (hora estándar de Argentina)',
    cantidad: 1
  },
  {
    producto: 'VITADAY FISH OIL 1000 MG 100 CAPSULAS',
    sku: '94926',
    ean13: '781584323036',
    unidadMedida: 'UNIDAD',
    precioNormal: 17999,
    precioUnitario: 179.99,
    precioOferta: 12599,
    validoHasta: 'Sat Mar 14 2026 21:00:00 GMT-0300 (hora estándar de Argentina)',
    cantidad: 1
  },
  {
    producto: 'VITADAY OMEGA 3-6-9 100 CAP BLAN',
    sku: '94973',
    ean13: '781584323043',
    unidadMedida: 'UNIDAD',
    precioNormal: 15249,
    precioUnitario: 152.49,
    precioOferta: 10674,
    validoHasta: 'Sat Mar 14 2026 21:00:00 GMT-0300 (hora estándar de Argentina)',
    cantidad: 1
  },
  {
    producto: 'VITADAY FISH OIL ULTRA CONC 1200MG 60CAP',
    sku: '94927',
    ean13: '781584323050',
    unidadMedida: 'UNIDAD',
    precioNormal: 19249,
    precioUnitario: 320.82,
    precioOferta: 13474,
    validoHasta: 'Sat Mar 14 2026 21:00:00 GMT-0300 (hora estándar de Argentina)',
    cantidad: 1
  },
  {
    producto: 'VITADAY DHA 500 MG 60 CAPSULAS BLANDAS',
    sku: '94925',
    ean13: '781584323067',
    unidadMedida: 'UNIDAD',
    precioNormal: 18999,
    precioUnitario: 316.65,
    precioOferta: 13299,
    validoHasta: 'Sat Mar 14 2026 21:00:00 GMT-0300 (hora estándar de Argentina)',
    cantidad: 1
  },
  {
    producto: 'VITADAY VITAMINA E 1000 UI 60 CAP BLAN',
    sku: '94974',
    ean13: '781584323074',
    unidadMedida: 'UNIDAD',
    precioNormal: 19249,
    precioUnitario: 320.82,
    precioOferta: 13474,
    validoHasta: 'Sat Mar 14 2026 21:00:00 GMT-0300 (hora estándar de Argentina)',
    cantidad: 1
  },
  {
    producto: 'VITADAY VITAMINA E+SELENIO 60 CAP BLAN',
    sku: '94975',
    ean13: '781584323081',
    unidadMedida: 'UNIDAD',
    precioNormal: 15999,
    precioUnitario: 266.65,
    precioOferta: 11199,
    validoHasta: 'Sat Mar 14 2026 21:00:00 GMT-0300 (hora estándar de Argentina)',
    cantidad: 1
  },
  {
    producto: 'VITADAY VITAMINA C 500MG 60TABLETAS',
    sku: '94952',
    ean13: '781584322992',
    unidadMedida: 'UNIDAD',
    precioNormal: 8999,
    precioUnitario: 149.98,
    precioOferta: 6299,
    validoHasta: 'Sat Mar 14 2026 21:00:00 GMT-0300 (hora estándar de Argentina)',
    cantidad: 1
  },
  {
    producto: 'AMAZING CARE BERRIES STICKS 72 GR',
    sku: '93550',
    ean13: '7804676580506',
    unidadMedida: 'G',
    precioNormal: 13509,
    precioUnitario: 187625,
    precioOferta: 9990,
    validoHasta: 'Mon Mar 30 2026 21:00:00 GMT-0300 (hora estándar de Argentina)',
    cantidad: 1
  },
  ... 7 more items
]
[POS] Refrescando cache DBF...
[POS] Cargando DBF...
[POS] MAPRE: 40640
[POS] DPOFE: 2448
[POS] Cache cargado en 1910 ms
[POS] Refrescando cache DBF...
[POS] Cargando DBF...
[POS] MAPRE: 40640
[POS] DPOFE: 2448
[POS] Cache cargado en 1899 ms
[POS] Refrescando cache DBF...
[POS] Cargando DBF...
[POS] MAPRE: 40640
[POS] DPOFE: 2448
[POS] Cache cargado en 1924 ms
[POS] Refrescando cache DBF...
[POS] Cargando DBF...
[POS] MAPRE: 40640
[POS] DPOFE: 2448
[POS] Cache cargado en 1915 ms
[POS] Refrescando cache DBF...
[POS] Cargando DBF...
[POS] MAPRE: 40640
[POS] DPOFE: 2448
[POS] Cache cargado en 1902 ms
[POS] Refrescando cache DBF...
[POS] Cargando DBF...
[POS] MAPRE: 40640
[POS] DPOFE: 2448
[POS] Cache cargado en 1881 ms
[POS] Refrescando cache DBF...
[POS] Cargando DBF...
[POS] MAPRE: 40640
[POS] DPOFE: 2448
[POS] Cache cargado en 1913 ms
[POS] Refrescando cache DBF...
[POS] Cargando DBF...
[POS] MAPRE: 40640
[POS] DPOFE: 2448
[POS] Cache cargado en 1896 ms
[POS] Refrescando cache DBF...
[POS] Cargando DBF...
[POS] MAPRE: 40640
[POS] DPOFE: 2448
[POS] Cache cargado en 1904 ms
[POS] Refrescando cache DBF...
[POS] Cargando DBF...
[POS] MAPRE: 40640
[POS] DPOFE: 2448
[POS] Cache cargado en 1891 ms
[POS] Refrescando cache DBF...
[POS] Cargando DBF...
[POS] MAPRE: 40640
[POS] DPOFE: 2448
[POS] Cache cargado en 1906 ms
[POS] Refrescando cache DBF...
[POS] Cargando DBF...
[POS] MAPRE: 40640
[POS] DPOFE: 2448
[POS] Cache cargado en 1886 ms
[POS] Refrescando cache DBF...
[POS] Cargando DBF...
[POS] MAPRE: 40640
[POS] DPOFE: 2448
[POS] Cache cargado en 1897 ms
[POS] Refrescando cache DBF...
[POS] Cargando DBF...
[POS] MAPRE: 40640
[POS] DPOFE: 2448
[POS] Cache cargado en 1887 ms
[POS] Refrescando cache DBF...
[POS] Cargando DBF...
[POS] MAPRE: 40640
[POS] DPOFE: 2448
[POS] Cache cargado en 1907 ms
[POS] Refrescando cache DBF...
[POS] Cargando DBF...
[POS] MAPRE: 40640
[POS] DPOFE: 2448
[POS] Cache cargado en 1890 ms
[POS] Refrescando cache DBF...
[POS] Cargando DBF...
[POS] MAPRE: 40640
[POS] DPOFE: 2448
[POS] Cache cargado en 1890 ms
[POS] Refrescando cache DBF...
[POS] Cargando DBF...
[POS] MAPRE: 40640
[POS] DPOFE: 2448
[POS] Cache cargado en 1893 ms
[POS] Refrescando cache DBF...
[POS] Cargando DBF...
[POS] MAPRE: 40640
[POS] DPOFE: 2448
[POS] Cache cargado en 1912 ms
[POS] Refrescando cache DBF...
[POS] Cargando DBF...
[POS] MAPRE: 40640
[POS] DPOFE: 2448
[POS] Cache cargado en 1887 ms
[POS] Refrescando cache DBF...
[POS] Cargando DBF...
[POS] MAPRE: 40640
[POS] DPOFE: 2448
[POS] Cache cargado en 1924 ms
[POS] Refrescando cache DBF...
[POS] Cargando DBF...
[POS] MAPRE: 40640
[POS] DPOFE: 2448
[POS] Cache cargado en 1901 ms
[POS] Refrescando cache DBF...
[POS] Cargando DBF...
[POS] MAPRE: 40640
[POS] DPOFE: 2448
[POS] Cache cargado en 1914 ms
[POS] Refrescando cache DBF...
[POS] Cargando DBF...
[POS] MAPRE: 40640
[POS] DPOFE: 2448
[POS] Cache cargado en 1903 ms
[POS] Refrescando cache DBF...
[POS] Cargando DBF...
[POS] MAPRE: 40640
[POS] DPOFE: 2448
[POS] Cache cargado en 1913 ms
[POS] Refrescando cache DBF...
[POS] Cargando DBF...
[POS] MAPRE: 40640
[POS] DPOFE: 2448
[POS] Cache cargado en 1915 ms
[POS] Refrescando cache DBF...
[POS] Cargando DBF...
[POS] MAPRE: 40640
[POS] DPOFE: 2448
[POS] Cache cargado en 1894 ms
[POS] Refrescando cache DBF...
[POS] Cargando DBF...
[POS] MAPRE: 40640
[POS] DPOFE: 2448
[POS] Cache cargado en 1911 ms
[POS] Refrescando cache DBF...
[POS] Cargando DBF...
[POS] MAPRE: 40640
[POS] DPOFE: 2448
[POS] Cache cargado en 1923 ms
[POS] Refrescando cache DBF...
[POS] Cargando DBF...
[POS] MAPRE: 40640
[POS] DPOFE: 2448
[POS] Cache cargado en 1880 ms
[POS] Refrescando cache DBF...
[POS] Cargando DBF...
[POS] MAPRE: 40640
[POS] DPOFE: 2448
[POS] Cache cargado en 1925 ms
[POS] Refrescando cache DBF...
[POS] Cargando DBF...
[POS] MAPRE: 40640
[POS] DPOFE: 2448
[POS] Cache cargado en 1909 ms
responseXml <?xml version="1.0" encoding="utf-8"?><soap:Envelope xmlns:soap="http://schemas.xmlsoap.org/soap/envelope/" xmlns:xsi="http://www.w3.org/2001/XMLSchema-instance" xmlns:xsd="http://www.w3.org/2001/XMLSchema"><soap:Body><Login_UsuarioResponse xmlns="http://www.fasa.cl/"><Login_UsuarioResult>&lt;?xml version="1.0" encoding="utf-8" ?&gt;&lt;Respuesta&gt;&lt;Codigo&gt;0&lt;/Codigo&gt;&lt;Mensaje&gt;Transaccion exitosa.&lt;/Mensaje&gt;&lt;Emisor&gt;wsAccesos&lt;/Emisor&gt;&lt;FechaHora&gt;2026-04-02 15:37:16&lt;/FechaHora&gt;&lt;IdUsuario&gt;8192&lt;/IdUsuario&gt;&lt;/Respuesta&gt;</Login_UsuarioResult></Login_UsuarioResponse></soap:Body></soap:Envelope>
[ACCESOS] Login_Usuario OK
[ACCESOS] pIdLogin generado: 8192
[ACCESOS] Menu_XML OK – acceso concedido
[ENRICH]
SKU: 78550
Producto: {
  sku: '78550',
  descripcion: 'PACK CEP.DENT.COLGATE SLIMSOFT BLACK 2UN',
  marca: '9999',
  contenido: '',
  ean13: '7509546061689',
  imagenUrl: null,
  unidadMedida: 'UNIDAD',
  precioNormal: 7329,
  precioUnitario: 3664.5,
  precioOferta: 4290,
  vigenciaInicio: 'Sun Mar 01 2026 21:00:00 GMT-0300 (hora estándar de Argentina)',
  vigenciaFin: 'Mon Mar 30 2026 21:00:00 GMT-0300 (hora estándar de Argentina)'
}
[POS] Refrescando cache DBF...
[POS] Cargando DBF...
[POS] MAPRE: 40640
[POS] DPOFE: 2448
[POS] Cache cargado en 1894 ms
[POS] Refrescando cache DBF...
[POS] Cargando DBF...
[POS] MAPRE: 40640
[POS] DPOFE: 2448
[POS] Cache cargado en 2115 ms
SKUS ARCHIVO: 383
PRODUCTOS ÚNICOS: 383
CON OFERTA: 107
SIN OFERTA: 276
[POS] Refrescando cache DBF...
[POS] Cargando DBF...
[POS] MAPRE: 40640
[POS] DPOFE: 2448
[POS] Cache cargado en 1919 ms
[POS] Refrescando cache DBF...
[POS] Cargando DBF...
[POS] MAPRE: 40640
[POS] DPOFE: 2448
[POS] Cache cargado en 1886 ms
[POS] Refrescando cache DBF...
[POS] Cargando DBF...
[POS] MAPRE: 40640
[POS] DPOFE: 2448
[POS] Cache cargado en 1966 ms
[POS] Refrescando cache DBF...
[POS] Cargando DBF...
[POS] MAPRE: 40640
[POS] DPOFE: 2448
[POS] Cache cargado en 1905 ms
[POS] Refrescando cache DBF...
[POS] Cargando DBF...
[POS] MAPRE: 40640
[POS] DPOFE: 2448
[POS] Cache cargado en 1969 ms
[POS] Refrescando cache DBF...
[POS] Cargando DBF...
[POS] MAPRE: 40640
[POS] DPOFE: 2448
[POS] Cache cargado en 1884 ms
[POS] Refrescando cache DBF...
[POS] Cargando DBF...
[POS] MAPRE: 40640
[POS] DPOFE: 2448
[POS] Cache cargado en 1968 ms
[POS] Refrescando cache DBF...
[POS] Cargando DBF...
[POS] MAPRE: 40640
[POS] DPOFE: 2448
[POS] Cache cargado en 1908 ms
[POS] Refrescando cache DBF...
[POS] Cargando DBF...
[POS] MAPRE: 40640
[POS] DPOFE: 2448
[POS] Cache cargado en 1931 ms
[POS] Refrescando cache DBF...
[POS] Cargando DBF...
[POS] MAPRE: 40640
[POS] DPOFE: 2448
[POS] Cache cargado en 1894 ms
[POS] Refrescando cache DBF...
[POS] Cargando DBF...
[POS] MAPRE: 40640
[POS] DPOFE: 2448
[POS] Cache cargado en 1917 ms
[POS] Refrescando cache DBF...
[POS] Cargando DBF...
[POS] MAPRE: 40640
[POS] DPOFE: 2448
[POS] Cache cargado en 1895 ms
[POS] Refrescando cache DBF...
[POS] Cargando DBF...
[POS] MAPRE: 40640
[POS] DPOFE: 2448
[POS] Cache cargado en 1950 ms
[POS] Refrescando cache DBF...
[POS] Cargando DBF...
[POS] MAPRE: 40640
[POS] DPOFE: 2448
[POS] Cache cargado en 1874 ms
[POS] Refrescando cache DBF...
[POS] Cargando DBF...
[POS] MAPRE: 40640
[POS] DPOFE: 2448
[POS] Cache cargado en 1923 ms
[POS] Refrescando cache DBF...
[POS] Cargando DBF...
[POS] MAPRE: 40640
[POS] DPOFE: 2448
[POS] Cache cargado en 1882 ms
[POS] Refrescando cache DBF...
[POS] Cargando DBF...
[POS] MAPRE: 40640
[POS] DPOFE: 2448
[POS] Cache cargado en 1897 ms
[POS] Refrescando cache DBF...
[POS] Cargando DBF...
[POS] MAPRE: 40640
[POS] DPOFE: 2448
[POS] Cache cargado en 1882 ms
[POS] Refrescando cache DBF...
[POS] Cargando DBF...
[POS] MAPRE: 40640
[POS] DPOFE: 2448
[POS] Cache cargado en 1894 ms
[POS] Refrescando cache DBF...
[POS] Cargando DBF...
[POS] MAPRE: 40640
[POS] DPOFE: 2448
[POS] Cache cargado en 1905 ms
[POS] Refrescando cache DBF...
[POS] Cargando DBF...
[POS] MAPRE: 40640
[POS] DPOFE: 2448
[POS] Cache cargado en 1898 ms
[POS] Refrescando cache DBF...
[POS] Cargando DBF...
[POS] MAPRE: 40640
[POS] DPOFE: 2448
[POS] Cache cargado en 1876 ms
[POS] Refrescando cache DBF...
[POS] Cargando DBF...
[POS] MAPRE: 40640
[POS] DPOFE: 2448
[POS] Cache cargado en 1896 ms
[POS] Refrescando cache DBF...
[POS] Cargando DBF...
[POS] MAPRE: 40640
[POS] DPOFE: 2448
[POS] Cache cargado en 1897 ms
[POS] Refrescando cache DBF...
[POS] Cargando DBF...
[POS] MAPRE: 40640
[POS] DPOFE: 2448
[POS] Cache cargado en 1895 ms
[POS] Refrescando cache DBF...
[POS] Cargando DBF...
[POS] MAPRE: 40640
[POS] DPOFE: 2448
[POS] Cache cargado en 1885 ms
[POS] Refrescando cache DBF...
[POS] Cargando DBF...
[POS] MAPRE: 40640
[POS] DPOFE: 2448
[POS] Cache cargado en 1901 ms
[POS] Refrescando cache DBF...
[POS] Cargando DBF...
[POS] MAPRE: 40640
[POS] DPOFE: 2448
[POS] Cache cargado en 1896 ms
[POS] Refrescando cache DBF...
[POS] Cargando DBF...
[POS] MAPRE: 40640
[POS] DPOFE: 2448
[POS] Cache cargado en 1893 ms
[POS] Refrescando cache DBF...
[POS] Cargando DBF...
[POS] MAPRE: 40640
[POS] DPOFE: 2448
[POS] Cache cargado en 1892 ms
[POS] Refrescando cache DBF...
[POS] Cargando DBF...
[POS] MAPRE: 40640
[POS] DPOFE: 2448
[POS] Cache cargado en 1899 ms
[POS] Refrescando cache DBF...
[POS] Cargando DBF...
[POS] MAPRE: 40640
[POS] DPOFE: 2448
[POS] Cache cargado en 1888 ms
[POS] Refrescando cache DBF...
[POS] Cargando DBF...
[POS] MAPRE: 40640
[POS] DPOFE: 2448
[POS] Cache cargado en 1917 ms
[POS] Refrescando cache DBF...
[POS] Cargando DBF...
[POS] MAPRE: 40640
[POS] DPOFE: 2448
[POS] Cache cargado en 1886 ms
[POS] Refrescando cache DBF...
[POS] Cargando DBF...
[POS] MAPRE: 40640
[POS] DPOFE: 2448
[POS] Cache cargado en 1921 ms
[POS] Refrescando cache DBF...
[POS] Cargando DBF...
[POS] MAPRE: 40640
[POS] DPOFE: 2448
[POS] Cache cargado en 1872 ms
[POS] Refrescando cache DBF...
[POS] Cargando DBF...
[POS] MAPRE: 40640
[POS] DPOFE: 2448
[POS] Cache cargado en 1900 ms
[POS] Refrescando cache DBF...
[POS] Cargando DBF...
[POS] MAPRE: 40640
[POS] DPOFE: 2448
[POS] Cache cargado en 1886 ms
[POS] Refrescando cache DBF...
[POS] Cargando DBF...
[POS] MAPRE: 40640
[POS] DPOFE: 2448
[POS] Cache cargado en 1897 ms
[POS] Refrescando cache DBF...
[POS] Cargando DBF...
[POS] MAPRE: 40640
[POS] DPOFE: 2448
[POS] Cache cargado en 1915 ms
[POS] Refrescando cache DBF...
[POS] Cargando DBF...
[POS] MAPRE: 40640
[POS] DPOFE: 2448
[POS] Cache cargado en 1914 ms
[POS] Refrescando cache DBF...
[POS] Cargando DBF...
[POS] MAPRE: 40640
[POS] DPOFE: 2448
[POS] Cache cargado en 1891 ms
[POS] Refrescando cache DBF...
[POS] Cargando DBF...
[POS] MAPRE: 40640
[POS] DPOFE: 2448
[POS] Cache cargado en 1896 ms
[POS] Refrescando cache DBF...
[POS] Cargando DBF...
[POS] MAPRE: 40640
[POS] DPOFE: 2448
[POS] Cache cargado en 1887 ms
[POS] Refrescando cache DBF...
[POS] Cargando DBF...
[POS] MAPRE: 40640
[POS] DPOFE: 2448
[POS] Cache cargado en 1907 ms
[POS] Refrescando cache DBF...
[POS] Cargando DBF...
[POS] MAPRE: 40640
[POS] DPOFE: 2448
[POS] Cache cargado en 1889 ms
[POS] Refrescando cache DBF...
[POS] Cargando DBF...
[POS] MAPRE: 40640
[POS] DPOFE: 2448
[POS] Cache cargado en 1887 ms
[POS] Refrescando cache DBF...
[POS] Cargando DBF...
[POS] MAPRE: 40640
[POS] DPOFE: 2448
[POS] Cache cargado en 1889 ms
[POS] Refrescando cache DBF...
[POS] Cargando DBF...
[POS] MAPRE: 40640
[POS] DPOFE: 2448
[POS] Cache cargado en 1891 ms
[POS] Refrescando cache DBF...
[POS] Cargando DBF...
[POS] MAPRE: 40640
[POS] DPOFE: 2448
[POS] Cache cargado en 1889 ms
[POS] Refrescando cache DBF...
[POS] Cargando DBF...
[POS] MAPRE: 40640
[POS] DPOFE: 2448
[POS] Cache cargado en 1912 ms
[POS] Refrescando cache DBF...
[POS] Cargando DBF...
[POS] MAPRE: 40640
[POS] DPOFE: 2448
[POS] Cache cargado en 1882 ms
[POS] Refrescando cache DBF...
[POS] Cargando DBF...
[POS] MAPRE: 40640
[POS] DPOFE: 2448
[POS] Cache cargado en 1890 ms
[POS] Refrescando cache DBF...
[POS] Cargando DBF...
[POS] MAPRE: 40640
[POS] DPOFE: 2448
[POS] Cache cargado en 1884 ms
[POS] Refrescando cache DBF...
[POS] Cargando DBF...
[POS] MAPRE: 40640
[POS] DPOFE: 2448
[POS] Cache cargado en 1903 ms
[POS] Refrescando cache DBF...
[POS] Cargando DBF...
[POS] MAPRE: 40640
[POS] DPOFE: 2448
[POS] Cache cargado en 1878 ms
[POS] Refrescando cache DBF...
[POS] Cargando DBF...
[POS] MAPRE: 40640
[POS] DPOFE: 2448
[POS] Cache cargado en 1902 ms
[POS] Refrescando cache DBF...
[POS] Cargando DBF...
[POS] MAPRE: 40640
[POS] DPOFE: 2448
[POS] Cache cargado en 1888 ms
[POS] Refrescando cache DBF...
[POS] Cargando DBF...
[POS] MAPRE: 40640
[POS] DPOFE: 2448
[POS] Cache cargado en 1901 ms
[POS] Refrescando cache DBF...
[POS] Cargando DBF...
[POS] MAPRE: 40640
[POS] DPOFE: 2448
[POS] Cache cargado en 1891 ms
[POS] Refrescando cache DBF...
[POS] Cargando DBF...
[POS] MAPRE: 40640
[POS] DPOFE: 2448
[POS] Cache cargado en 1890 ms
[POS] Refrescando cache DBF...
[POS] Cargando DBF...
[POS] MAPRE: 40640
[POS] DPOFE: 2448
[POS] Cache cargado en 1881 ms
[POS] Refrescando cache DBF...
[POS] Cargando DBF...
[POS] MAPRE: 40640
[POS] DPOFE: 2448
[POS] Cache cargado en 1904 ms
[POS] Refrescando cache DBF...
[POS] Cargando DBF...
[POS] MAPRE: 40640
[POS] DPOFE: 2448
[POS] Cache cargado en 1895 ms
[POS] Refrescando cache DBF...
[POS] Cargando DBF...
[POS] MAPRE: 40640
[POS] DPOFE: 2448
[POS] Cache cargado en 1887 ms
[POS] Refrescando cache DBF...
[POS] Cargando DBF...
[POS] MAPRE: 40640
[POS] DPOFE: 2448
[POS] Cache cargado en 1888 ms
[POS] Refrescando cache DBF...
[POS] Cargando DBF...
[POS] MAPRE: 40640
[POS] DPOFE: 2448
[POS] Cache cargado en 1902 ms
[POS] Refrescando cache DBF...
[POS] Cargando DBF...
[POS] MAPRE: 40640
[POS] DPOFE: 2448
[POS] Cache cargado en 1890 ms
[POS] Refrescando cache DBF...
[POS] Cargando DBF...
[POS] MAPRE: 40640
[POS] DPOFE: 2448
[POS] Cache cargado en 1911 ms
[POS] Refrescando cache DBF...
[POS] Cargando DBF...
[POS] MAPRE: 40640
[POS] DPOFE: 2448
[POS] Cache cargado en 1890 ms
[POS] Refrescando cache DBF...
[POS] Cargando DBF...
[POS] MAPRE: 40640
[POS] DPOFE: 2448
[POS] Cache cargado en 1904 ms
[POS] Refrescando cache DBF...
[POS] Cargando DBF...
[POS] MAPRE: 40640
[POS] DPOFE: 2448
[POS] Cache cargado en 1878 ms
[POS] Refrescando cache DBF...
[POS] Cargando DBF...
[POS] MAPRE: 40640
[POS] DPOFE: 2448
[POS] Cache cargado en 1890 ms
[POS] Refrescando cache DBF...
[POS] Cargando DBF...
[POS] MAPRE: 40640
[POS] DPOFE: 2448
[POS] Cache cargado en 1893 ms
[POS] Refrescando cache DBF...
[POS] Cargando DBF...
[POS] MAPRE: 40640
[POS] DPOFE: 2448
[POS] Cache cargado en 1890 ms
[POS] Refrescando cache DBF...
[POS] Cargando DBF...
[POS] MAPRE: 40640
[POS] DPOFE: 2448
[POS] Cache cargado en 1903 ms
[POS] Refrescando cache DBF...
[POS] Cargando DBF...
[POS] MAPRE: 40640
[POS] DPOFE: 2448
[POS] Cache cargado en 1900 ms
[POS] Refrescando cache DBF...
[POS] Cargando DBF...
[POS] MAPRE: 40640
[POS] DPOFE: 2448
[POS] Cache cargado en 1936 ms
[POS] Refrescando cache DBF...
[POS] Cargando DBF...
[POS] MAPRE: 40640
[POS] DPOFE: 2448
[POS] Cache cargado en 1888 ms
[POS] Refrescando cache DBF...
[POS] Cargando DBF...
[POS] MAPRE: 40640
[POS] DPOFE: 2448
[POS] Cache cargado en 1877 ms
[POS] Refrescando cache DBF...
[POS] Cargando DBF...
[POS] MAPRE: 40640
[POS] DPOFE: 2448
[POS] Cache cargado en 1899 ms
[POS] Refrescando cache DBF...
[POS] Cargando DBF...
[POS] MAPRE: 40640
[POS] DPOFE: 2448
[POS] Cache cargado en 1879 ms
[POS] Refrescando cache DBF...
[POS] Cargando DBF...
[POS] MAPRE: 40640
[POS] DPOFE: 2448
[POS] Cache cargado en 1895 ms
[POS] Refrescando cache DBF...
[POS] Cargando DBF...
[POS] MAPRE: 40640
[POS] DPOFE: 2448
[POS] Cache cargado en 1878 ms
[POS] Refrescando cache DBF...
[POS] Cargando DBF...
[POS] MAPRE: 40640
[POS] DPOFE: 2448
[POS] Cache cargado en 1902 ms
[POS] Refrescando cache DBF...
[POS] Cargando DBF...
[POS] MAPRE: 40640
[POS] DPOFE: 2448
[POS] Cache cargado en 1881 ms
[POS] Refrescando cache DBF...
[POS] Cargando DBF...
[POS] MAPRE: 40640
[POS] DPOFE: 2448
[POS] Cache cargado en 1898 ms
[POS] Refrescando cache DBF...
[POS] Cargando DBF...
[POS] MAPRE: 40640
[POS] DPOFE: 2448
[POS] Cache cargado en 1879 ms
[POS] Refrescando cache DBF...
[POS] Cargando DBF...
[POS] MAPRE: 40640
[POS] DPOFE: 2448
[POS] Cache cargado en 1884 ms
[POS] Refrescando cache DBF...
[POS] Cargando DBF...
[POS] MAPRE: 40640
[POS] DPOFE: 2448
[POS] Cache cargado en 1896 ms
[POS] Refrescando cache DBF...
[POS] Cargando DBF...
[POS] MAPRE: 40640
[POS] DPOFE: 2448
[POS] Cache cargado en 1892 ms
[POS] Refrescando cache DBF...
[POS] Cargando DBF...
[POS] MAPRE: 40640
[POS] DPOFE: 2448
[POS] Cache cargado en 1874 ms
[POS] Refrescando cache DBF...
[POS] Cargando DBF...
[POS] MAPRE: 40640
[POS] DPOFE: 2448
[POS] Cache cargado en 1904 ms
[POS] Refrescando cache DBF...
[POS] Cargando DBF...
[POS] MAPRE: 40640
[POS] DPOFE: 2448
[POS] Cache cargado en 1878 ms
[POS] Refrescando cache DBF...
[POS] Cargando DBF...
[POS] MAPRE: 40640
[POS] DPOFE: 2448
[POS] Cache cargado en 1897 ms
[POS] Refrescando cache DBF...
[POS] Cargando DBF...
[POS] MAPRE: 40640
[POS] DPOFE: 2448
[POS] Cache cargado en 1891 ms
[POS] Refrescando cache DBF...
[POS] Cargando DBF...
[POS] MAPRE: 40640
[POS] DPOFE: 2448
[POS] Cache cargado en 1886 ms
[POS] Refrescando cache DBF...
[POS] Cargando DBF...
[POS] MAPRE: 40640
[POS] DPOFE: 2448
[POS] Cache cargado en 1878 ms
[POS] Refrescando cache DBF...
[POS] Cargando DBF...
[POS] MAPRE: 40640
[POS] DPOFE: 2448
[POS] Cache cargado en 1899 ms
[POS] Refrescando cache DBF...
[POS] Cargando DBF...
[POS] MAPRE: 40640
[POS] DPOFE: 2448
[POS] Cache cargado en 1890 ms
[POS] Refrescando cache DBF...
[POS] Cargando DBF...
[POS] MAPRE: 40640
[POS] DPOFE: 2448
[POS] Cache cargado en 1901 ms
[POS] Refrescando cache DBF...
[POS] Cargando DBF...
[POS] MAPRE: 40640
[POS] DPOFE: 2448
[POS] Cache cargado en 1892 ms
[POS] Refrescando cache DBF...
[POS] Cargando DBF...
[POS] MAPRE: 40640
[POS] DPOFE: 2448
[POS] Cache cargado en 1888 ms
[POS] Refrescando cache DBF...
[POS] Cargando DBF...
[POS] MAPRE: 40640
[POS] DPOFE: 2448
[POS] Cache cargado en 1874 ms
[POS] Refrescando cache DBF...
[POS] Cargando DBF...
[POS] MAPRE: 40640
[POS] DPOFE: 2448
[POS] Cache cargado en 1903 ms
[POS] Refrescando cache DBF...
[POS] Cargando DBF...
[POS] MAPRE: 40640
[POS] DPOFE: 2448
[POS] Cache cargado en 1882 ms
[POS] Refrescando cache DBF...
[POS] Cargando DBF...
[POS] MAPRE: 40640
[POS] DPOFE: 2448
[POS] Cache cargado en 1893 ms
[POS] Refrescando cache DBF...
[POS] Cargando DBF...
[POS] MAPRE: 40640
[POS] DPOFE: 2448
[POS] Cache cargado en 1918 ms
[POS] Refrescando cache DBF...
[POS] Cargando DBF...
[POS] MAPRE: 40640
[POS] DPOFE: 2448
[POS] Cache cargado en 1892 ms
[POS] Refrescando cache DBF...
[POS] Cargando DBF...
[POS] MAPRE: 40640
[POS] DPOFE: 2448
[POS] Cache cargado en 1874 ms
[POS] Refrescando cache DBF...
[POS] Cargando DBF...
[POS] MAPRE: 40640
[POS] DPOFE: 2448
[POS] Cache cargado en 1889 ms
[POS] Refrescando cache DBF...
[POS] Cargando DBF...
[POS] MAPRE: 40640
[POS] DPOFE: 2448
[POS] Cache cargado en 1892 ms
[POS] Refrescando cache DBF...
[POS] Cargando DBF...
[POS] MAPRE: 40640
[POS] DPOFE: 2448
[POS] Cache cargado en 1903 ms
[POS] Refrescando cache DBF...
[POS] Cargando DBF...
[POS] MAPRE: 40640
[POS] DPOFE: 2448
[POS] Cache cargado en 1880 ms
[POS] Refrescando cache DBF...
[POS] Cargando DBF...
[POS] MAPRE: 40640
[POS] DPOFE: 2448
[POS] Cache cargado en 1901 ms
[POS] Refrescando cache DBF...
[POS] Cargando DBF...
[POS] MAPRE: 40640
[POS] DPOFE: 2448
[POS] Cache cargado en 1894 ms
[POS] Refrescando cache DBF...
[POS] Cargando DBF...
[POS] MAPRE: 40640
[POS] DPOFE: 2448
[POS] Cache cargado en 1895 ms
[POS] Refrescando cache DBF...
[POS] Cargando DBF...
[POS] MAPRE: 40640
[POS] DPOFE: 2448
[POS] Cache cargado en 1897 ms
[POS] Refrescando cache DBF...
[POS] Cargando DBF...
[POS] MAPRE: 40640
[POS] DPOFE: 2448
[POS] Cache cargado en 1909 ms
[POS] Refrescando cache DBF...
[POS] Cargando DBF...
[POS] MAPRE: 40640
[POS] DPOFE: 2448
[POS] Cache cargado en 1884 ms
[POS] Refrescando cache DBF...
[POS] Cargando DBF...
[POS] MAPRE: 40640
[POS] DPOFE: 2448
[POS] Cache cargado en 1894 ms
[POS] Refrescando cache DBF...
[POS] Cargando DBF...
[POS] MAPRE: 40640
[POS] DPOFE: 2448
[POS] Cache cargado en 1884 ms
[POS] Refrescando cache DBF...
[POS] Cargando DBF...
[POS] MAPRE: 40640
[POS] DPOFE: 2448
[POS] Cache cargado en 1897 ms
[POS] Refrescando cache DBF...
[POS] Cargando DBF...
[POS] MAPRE: 40640
[POS] DPOFE: 2448
[POS] Cache cargado en 1889 ms
[POS] Refrescando cache DBF...
[POS] Cargando DBF...
[POS] MAPRE: 40640
[POS] DPOFE: 2448
[POS] Cache cargado en 1895 ms
[POS] Refrescando cache DBF...
[POS] Cargando DBF...
[POS] MAPRE: 40640
[POS] DPOFE: 2448
[POS] Cache cargado en 1879 ms
[POS] Refrescando cache DBF...
[POS] Cargando DBF...
[POS] MAPRE: 40640
[POS] DPOFE: 2448
[POS] Cache cargado en 1907 ms
[POS] Refrescando cache DBF...
[POS] Cargando DBF...
[POS] MAPRE: 40640
[POS] DPOFE: 2448
[POS] Cache cargado en 1891 ms
[POS] Refrescando cache DBF...
[POS] Cargando DBF...
[POS] MAPRE: 40640
[POS] DPOFE: 2448
[POS] Cache cargado en 1900 ms
[POS] Refrescando cache DBF...
[POS] Cargando DBF...
[POS] MAPRE: 40640
[POS] DPOFE: 2448
[POS] Cache cargado en 1888 ms
[POS] Refrescando cache DBF...
[POS] Cargando DBF...
[POS] MAPRE: 40640
[POS] DPOFE: 2448
[POS] Cache cargado en 1897 ms
[POS] Refrescando cache DBF...
[POS] Cargando DBF...
[POS] MAPRE: 40640
[POS] DPOFE: 2448
[POS] Cache cargado en 1914 ms
[POS] Refrescando cache DBF...
[POS] Cargando DBF...
[POS] MAPRE: 40640
[POS] DPOFE: 2448
[POS] Cache cargado en 1894 ms
[POS] Refrescando cache DBF...
[POS] Cargando DBF...
[POS] MAPRE: 40640
[POS] DPOFE: 2448
[POS] Cache cargado en 1883 ms
[POS] Refrescando cache DBF...
[POS] Cargando DBF...
[POS] MAPRE: 40640
[POS] DPOFE: 2448
[POS] Cache cargado en 1884 ms
[POS] Refrescando cache DBF...
[POS] Cargando DBF...
[POS] MAPRE: 40640
[POS] DPOFE: 2448
[POS] Cache cargado en 1885 ms
[POS] Refrescando cache DBF...
[POS] Cargando DBF...
[POS] MAPRE: 40640
[POS] DPOFE: 2448
[POS] Cache cargado en 1904 ms
[POS] Refrescando cache DBF...
[POS] Cargando DBF...
[POS] MAPRE: 40640
[POS] DPOFE: 2448
[POS] Cache cargado en 1922 ms
[POS] Refrescando cache DBF...
[POS] Cargando DBF...
[POS] MAPRE: 40640
[POS] DPOFE: 2448
[POS] Cache cargado en 1894 ms
[POS] Refrescando cache DBF...
[POS] Cargando DBF...
[POS] MAPRE: 40640
[POS] DPOFE: 2448
[POS] Cache cargado en 1889 ms
[POS] Refrescando cache DBF...
[POS] Cargando DBF...
[POS] MAPRE: 40640
[POS] DPOFE: 2448
[POS] Cache cargado en 1888 ms
[POS] Refrescando cache DBF...
[POS] Cargando DBF...
[POS] MAPRE: 40640
[POS] DPOFE: 2448
[POS] Cache cargado en 1888 ms
[POS] Refrescando cache DBF...
[POS] Cargando DBF...
[POS] MAPRE: 40640
[POS] DPOFE: 2448
[POS] Cache cargado en 1923 ms
[POS] Refrescando cache DBF...
[POS] Cargando DBF...
[POS] MAPRE: 40640
[POS] DPOFE: 2448
[POS] Cache cargado en 1899 ms
[POS] Refrescando cache DBF...
[POS] Cargando DBF...
[POS] MAPRE: 40640
[POS] DPOFE: 2448
[POS] Cache cargado en 1902 ms
[POS] Refrescando cache DBF...
[POS] Cargando DBF...
[POS] MAPRE: 40640
[POS] DPOFE: 2448
[POS] Cache cargado en 1888 ms
[POS] Refrescando cache DBF...
[POS] Cargando DBF...
[POS] MAPRE: 40640
[POS] DPOFE: 2448
[POS] Cache cargado en 1897 ms
[POS] Refrescando cache DBF...
[POS] Cargando DBF...
[POS] MAPRE: 40640
[POS] DPOFE: 2448
[POS] Cache cargado en 1889 ms
[POS] Refrescando cache DBF...
[POS] Cargando DBF...
[POS] MAPRE: 40640
[POS] DPOFE: 2448
[POS] Cache cargado en 1896 ms
[POS] Refrescando cache DBF...
[POS] Cargando DBF...
[POS] MAPRE: 40640
[POS] DPOFE: 2448
[POS] Cache cargado en 1929 ms
[POS] Refrescando cache DBF...
[POS] Cargando DBF...
[POS] MAPRE: 40640
[POS] DPOFE: 2448
[POS] Cache cargado en 1909 ms
[POS] Refrescando cache DBF...
[POS] Cargando DBF...
[POS] MAPRE: 40640
[POS] DPOFE: 2448
[POS] Cache cargado en 1890 ms
[POS] Refrescando cache DBF...
[POS] Cargando DBF...
[POS] MAPRE: 40640
[POS] DPOFE: 2448
[POS] Cache cargado en 1914 ms
[POS] Refrescando cache DBF...
[POS] Cargando DBF...
[POS] MAPRE: 40640
[POS] DPOFE: 2448
[POS] Cache cargado en 1899 ms
[POS] Refrescando cache DBF...
[POS] Cargando DBF...
[POS] MAPRE: 40640
[POS] DPOFE: 2448
[POS] Cache cargado en 1911 ms
[POS] Refrescando cache DBF...
[POS] Cargando DBF...
[POS] MAPRE: 40640
[POS] DPOFE: 2448
[POS] Cache cargado en 1901 ms
[POS] Refrescando cache DBF...
[POS] Cargando DBF...
[POS] MAPRE: 40640
[POS] DPOFE: 2448
[POS] Cache cargado en 1904 ms
[POS] Refrescando cache DBF...
[POS] Cargando DBF...
[POS] MAPRE: 40640
[POS] DPOFE: 2448
[POS] Cache cargado en 1943 ms
[POS] Refrescando cache DBF...
[POS] Cargando DBF...
[POS] MAPRE: 40640
[POS] DPOFE: 2448
[POS] Cache cargado en 1916 ms
[POS] Refrescando cache DBF...
[POS] Cargando DBF...
[POS] MAPRE: 40640
[POS] DPOFE: 2448
[POS] Cache cargado en 1926 ms
[POS] Refrescando cache DBF...
[POS] Cargando DBF...
[POS] MAPRE: 40640
[POS] DPOFE: 2448
[POS] Cache cargado en 1908 ms
[POS] Refrescando cache DBF...
[POS] Cargando DBF...
[POS] MAPRE: 40640
[POS] DPOFE: 2448
[POS] Cache cargado en 1933 ms
[POS] Refrescando cache DBF...
[POS] Cargando DBF...
[POS] MAPRE: 40640
[POS] DPOFE: 2448
[POS] Cache cargado en 1910 ms
[POS] Refrescando cache DBF...
[POS] Cargando DBF...
[POS] MAPRE: 40640
[POS] DPOFE: 2448
[POS] Cache cargado en 1935 ms
[POS] Refrescando cache DBF...
[POS] Cargando DBF...
[POS] MAPRE: 40640
[POS] DPOFE: 2448
[POS] Cache cargado en 1917 ms
[POS] Refrescando cache DBF...
[POS] Cargando DBF...
[POS] MAPRE: 40640
[POS] DPOFE: 2448
[POS] Cache cargado en 1938 ms
[POS] Refrescando cache DBF...
[POS] Cargando DBF...
[POS] MAPRE: 40640
[POS] DPOFE: 2448
[POS] Cache cargado en 1906 ms
[POS] Refrescando cache DBF...
[POS] Cargando DBF...
[POS] MAPRE: 40640
[POS] DPOFE: 2448
[POS] Cache cargado en 1899 ms
[POS] Refrescando cache DBF...
[POS] Cargando DBF...
[POS] MAPRE: 40640
[POS] DPOFE: 2448
[POS] Cache cargado en 1904 ms
[POS] Refrescando cache DBF...
[POS] Cargando DBF...
[POS] MAPRE: 40640
[POS] DPOFE: 2448
[POS] Cache cargado en 1934 ms
[POS] Refrescando cache DBF...
[POS] Cargando DBF...
[POS] MAPRE: 40640
[POS] DPOFE: 2448
[POS] Cache cargado en 1900 ms
[POS] Refrescando cache DBF...
[POS] Cargando DBF...
[POS] MAPRE: 40640
[POS] DPOFE: 2448
[POS] Cache cargado en 1938 ms
[POS] Refrescando cache DBF...
[POS] Cargando DBF...
[POS] MAPRE: 40640
[POS] DPOFE: 2448
[POS] Cache cargado en 1911 ms
[POS] Refrescando cache DBF...
[POS] Cargando DBF...
[POS] MAPRE: 40640
[POS] DPOFE: 2448
[POS] Cache cargado en 1941 ms
[POS] Refrescando cache DBF...
[POS] Cargando DBF...
[POS] MAPRE: 40640
[POS] DPOFE: 2448
[POS] Cache cargado en 1908 ms
[POS] Refrescando cache DBF...
[POS] Cargando DBF...
[POS] MAPRE: 40640
[POS] DPOFE: 2448
[POS] Cache cargado en 1941 ms
[POS] Refrescando cache DBF...
[POS] Cargando DBF...
[POS] MAPRE: 40640
[POS] DPOFE: 2448
[POS] Cache cargado en 1909 ms
[POS] Refrescando cache DBF...
[POS] Cargando DBF...
[POS] MAPRE: 40640
[POS] DPOFE: 2448
[POS] Cache cargado en 1938 ms
[POS] Refrescando cache DBF...
[POS] Cargando DBF...
[POS] MAPRE: 40640
[POS] DPOFE: 2448
[POS] Cache cargado en 1905 ms
[POS] Refrescando cache DBF...
[POS] Cargando DBF...
[POS] MAPRE: 40640
[POS] DPOFE: 2448
[POS] Cache cargado en 1931 ms
[POS] Refrescando cache DBF...
[POS] Cargando DBF...
[POS] MAPRE: 40640
[POS] DPOFE: 2448
[POS] Cache cargado en 1912 ms
[POS] Refrescando cache DBF...
[POS] Cargando DBF...
[POS] MAPRE: 40640
[POS] DPOFE: 2448
[POS] Cache cargado en 1937 ms
[POS] Refrescando cache DBF...
[POS] Cargando DBF...
[POS] MAPRE: 40640
[POS] DPOFE: 2448
[POS] Cache cargado en 1901 ms
[POS] Refrescando cache DBF...
[POS] Cargando DBF...
[POS] MAPRE: 40640
[POS] DPOFE: 2448
[POS] Cache cargado en 1927 ms
[POS] Refrescando cache DBF...
[POS] Cargando DBF...
[POS] MAPRE: 40640
[POS] DPOFE: 2448
[POS] Cache cargado en 1902 ms
[POS] Refrescando cache DBF...
[POS] Cargando DBF...
[POS] MAPRE: 40640
[POS] DPOFE: 2448
[POS] Cache cargado en 1926 ms
[POS] Refrescando cache DBF...
[POS] Cargando DBF...
[POS] MAPRE: 40640
[POS] DPOFE: 2448
[POS] Cache cargado en 1906 ms
[POS] Refrescando cache DBF...
[POS] Cargando DBF...
[POS] MAPRE: 40640
[POS] DPOFE: 2448
[POS] Cache cargado en 1950 ms
[POS] Refrescando cache DBF...
[POS] Cargando DBF...
[POS] MAPRE: 40640
[POS] DPOFE: 2448
[POS] Cache cargado en 1913 ms
[POS] Refrescando cache DBF...
[POS] Cargando DBF...
[POS] MAPRE: 40640
[POS] DPOFE: 2448
[POS] Cache cargado en 1895 ms
[POS] Refrescando cache DBF...
[POS] Cargando DBF...
[POS] MAPRE: 40640
[POS] DPOFE: 2448
[POS] Cache cargado en 1911 ms
[POS] Refrescando cache DBF...
[POS] Cargando DBF...
[POS] MAPRE: 40640
[POS] DPOFE: 2448
[POS] Cache cargado en 1945 ms
[POS] Refrescando cache DBF...
[POS] Cargando DBF...
[POS] MAPRE: 40640
[POS] DPOFE: 2448
[POS] Cache cargado en 1899 ms
[POS] Refrescando cache DBF...
[POS] Cargando DBF...
[POS] MAPRE: 40640
[POS] DPOFE: 2448
[POS] Cache cargado en 1938 ms
[POS] Refrescando cache DBF...
[POS] Cargando DBF...
[POS] MAPRE: 40640
[POS] DPOFE: 2448
[POS] Cache cargado en 1900 ms
[POS] Refrescando cache DBF...
[POS] Cargando DBF...
[POS] MAPRE: 40640
[POS] DPOFE: 2448
[POS] Cache cargado en 1935 ms
[POS] Refrescando cache DBF...
[POS] Cargando DBF...
[POS] MAPRE: 40640
[POS] DPOFE: 2448
[POS] Cache cargado en 1902 ms
[POS] Refrescando cache DBF...
[POS] Cargando DBF...
[POS] MAPRE: 40640
[POS] DPOFE: 2448
[POS] Cache cargado en 1930 ms
[POS] Refrescando cache DBF...
[POS] Cargando DBF...
[POS] MAPRE: 40640
[POS] DPOFE: 2448
[POS] Cache cargado en 1938 ms
[POS] Refrescando cache DBF...
[POS] Cargando DBF...
[POS] MAPRE: 40640
[POS] DPOFE: 2448
[POS] Cache cargado en 1932 ms
[POS] Refrescando cache DBF...
[POS] Cargando DBF...
[POS] MAPRE: 40640
[POS] DPOFE: 2448
[POS] Cache cargado en 1920 ms
[POS] Refrescando cache DBF...
[POS] Cargando DBF...
[POS] MAPRE: 40640
[POS] DPOFE: 2448
[POS] Cache cargado en 1936 ms
[POS] Refrescando cache DBF...
[POS] Cargando DBF...
[POS] MAPRE: 40640
[POS] DPOFE: 2448
[POS] Cache cargado en 1911 ms
[POS] Refrescando cache DBF...
[POS] Cargando DBF...
[POS] MAPRE: 40640
[POS] DPOFE: 2448
[POS] Cache cargado en 1927 ms
[POS] Refrescando cache DBF...
[POS] Cargando DBF...
[POS] MAPRE: 40640
[POS] DPOFE: 2448
[POS] Cache cargado en 1929 ms
[POS] Refrescando cache DBF...
[POS] Cargando DBF...
[POS] MAPRE: 40640
[POS] DPOFE: 2448
[POS] Cache cargado en 1935 ms
[POS] Refrescando cache DBF...
[POS] Cargando DBF...
[POS] MAPRE: 40640
[POS] DPOFE: 2448
[POS] Cache cargado en 1905 ms
[POS] Refrescando cache DBF...
[POS] Cargando DBF...
[POS] MAPRE: 40640
[POS] DPOFE: 2448
[POS] Cache cargado en 1939 ms
[POS] Refrescando cache DBF...
[POS] Cargando DBF...
[POS] MAPRE: 40640
[POS] DPOFE: 2448
[POS] Cache cargado en 1912 ms
[POS] Refrescando cache DBF...
[POS] Cargando DBF...
[POS] MAPRE: 40640
[POS] DPOFE: 2448
[POS] Cache cargado en 1938 ms
[POS] Refrescando cache DBF...
[POS] Cargando DBF...
[POS] MAPRE: 40640
[POS] DPOFE: 2448
[POS] Cache cargado en 1905 ms
[POS] Refrescando cache DBF...
[POS] Cargando DBF...
[POS] MAPRE: 40640
[POS] DPOFE: 2448
[POS] Cache cargado en 1907 ms
[POS] Refrescando cache DBF...
[POS] Cargando DBF...
[POS] MAPRE: 40640
[POS] DPOFE: 2448
[POS] Cache cargado en 1911 ms
[POS] Refrescando cache DBF...
[POS] Cargando DBF...
[POS] MAPRE: 40640
[POS] DPOFE: 2448
[POS] Cache cargado en 1941 ms
[POS] Refrescando cache DBF...
[POS] Cargando DBF...
[POS] MAPRE: 40640
[POS] DPOFE: 2448
[POS] Cache cargado en 1911 ms
[POS] Refrescando cache DBF...
[POS] Cargando DBF...
[POS] MAPRE: 40640
[POS] DPOFE: 2448
[POS] Cache cargado en 1952 ms
[POS] Refrescando cache DBF...
[POS] Cargando DBF...
[POS] MAPRE: 40640
[POS] DPOFE: 2448
[POS] Cache cargado en 1909 ms
[POS] Refrescando cache DBF...
[POS] Cargando DBF...
[POS] MAPRE: 40640
[POS] DPOFE: 2448
[POS] Cache cargado en 1923 ms
[POS] Refrescando cache DBF...
[POS] Cargando DBF...
[POS] MAPRE: 40640
[POS] DPOFE: 2448
[POS] Cache cargado en 1912 ms
[POS] Refrescando cache DBF...
[POS] Cargando DBF...
[POS] MAPRE: 40640
[POS] DPOFE: 2448
[POS] Cache cargado en 1917 ms
[POS] Refrescando cache DBF...
[POS] Cargando DBF...
[POS] MAPRE: 40640
[POS] DPOFE: 2448
[POS] Cache cargado en 1913 ms
[POS] Refrescando cache DBF...
[POS] Cargando DBF...
[POS] MAPRE: 40640
[POS] DPOFE: 2448
[POS] Cache cargado en 1912 ms
[POS] Refrescando cache DBF...
[POS] Cargando DBF...
[POS] MAPRE: 40640
[POS] DPOFE: 2448
[POS] Cache cargado en 1912 ms
[POS] Refrescando cache DBF...
[POS] Cargando DBF...
[POS] MAPRE: 40640
[POS] DPOFE: 2448
[POS] Cache cargado en 1907 ms
[POS] Refrescando cache DBF...
[POS] Cargando DBF...
[POS] MAPRE: 40640
[POS] DPOFE: 2448
[POS] Cache cargado en 1911 ms
[POS] Refrescando cache DBF...
[POS] Cargando DBF...
[POS] MAPRE: 40640
[POS] DPOFE: 2448
[POS] Cache cargado en 1918 ms
[POS] Refrescando cache DBF...
[POS] Cargando DBF...
[POS] MAPRE: 40640
[POS] DPOFE: 2448
[POS] Cache cargado en 1916 ms
[POS] Refrescando cache DBF...
[POS] Cargando DBF...
[POS] MAPRE: 40640
[POS] DPOFE: 2448
[POS] Cache cargado en 1922 ms
[POS] Refrescando cache DBF...
[POS] Cargando DBF...
[POS] MAPRE: 40640
[POS] DPOFE: 2448
[POS] Cache cargado en 1908 ms
[POS] Refrescando cache DBF...
[POS] Cargando DBF...
[POS] MAPRE: 40640
[POS] DPOFE: 2448
[POS] Cache cargado en 1920 ms
[POS] Refrescando cache DBF...
[POS] Cargando DBF...
[POS] MAPRE: 40640
[POS] DPOFE: 2448
[POS] Cache cargado en 1910 ms
[POS] Refrescando cache DBF...
[POS] Cargando DBF...
[POS] MAPRE: 40640
[POS] DPOFE: 2448
[POS] Cache cargado en 1905 ms
[POS] Refrescando cache DBF...
[POS] Cargando DBF...
[POS] MAPRE: 40640
[POS] DPOFE: 2448
[POS] Cache cargado en 1913 ms
[POS] Refrescando cache DBF...
[POS] Cargando DBF...
[POS] MAPRE: 40640
[POS] DPOFE: 2448
[POS] Cache cargado en 1916 ms
[POS] Refrescando cache DBF...
[POS] Cargando DBF...
[POS] MAPRE: 40640
[POS] DPOFE: 2448
[POS] Cache cargado en 1890 ms
[POS] Refrescando cache DBF...
[POS] Cargando DBF...
[POS] MAPRE: 40640
[POS] DPOFE: 2448
[POS] Cache cargado en 1915 ms
[POS] Refrescando cache DBF...
[POS] Cargando DBF...
[POS] MAPRE: 40640
[POS] DPOFE: 2448
[POS] Cache cargado en 1911 ms
[POS] Refrescando cache DBF...
[POS] Cargando DBF...
[POS] MAPRE: 40640
[POS] DPOFE: 2448
[POS] Cache cargado en 1902 ms
[POS] Refrescando cache DBF...
[POS] Cargando DBF...
[POS] MAPRE: 40640
[POS] DPOFE: 2448
[POS] Cache cargado en 1915 ms
[POS] Refrescando cache DBF...
[POS] Cargando DBF...
[POS] MAPRE: 40640
[POS] DPOFE: 2448
[POS] Cache cargado en 1901 ms
[POS] Refrescando cache DBF...
[POS] Cargando DBF...
[POS] MAPRE: 40640
[POS] DPOFE: 2448
[POS] Cache cargado en 1908 ms
[POS] Refrescando cache DBF...
[POS] Cargando DBF...
[POS] MAPRE: 40640
[POS] DPOFE: 2448
[POS] Cache cargado en 1921 ms
[POS] Refrescando cache DBF...
[POS] Cargando DBF...
[POS] MAPRE: 40640
[POS] DPOFE: 2448
[POS] Cache cargado en 1905 ms
[POS] Refrescando cache DBF...
[POS] Cargando DBF...
[POS] MAPRE: 40640
[POS] DPOFE: 2448
[POS] Cache cargado en 1889 ms
[POS] Refrescando cache DBF...
[POS] Cargando DBF...
[POS] MAPRE: 40640
[POS] DPOFE: 2448
[POS] Cache cargado en 1918 ms
[POS] Refrescando cache DBF...
[POS] Cargando DBF...
[POS] MAPRE: 40640
[POS] DPOFE: 2448
[POS] Cache cargado en 1902 ms
[POS] Refrescando cache DBF...
[POS] Cargando DBF...
[POS] MAPRE: 40640
[POS] DPOFE: 2448
[POS] Cache cargado en 1900 ms
[POS] Refrescando cache DBF...
[POS] Cargando DBF...
[POS] MAPRE: 40640
[POS] DPOFE: 2448
[POS] Cache cargado en 1906 ms
[POS] Refrescando cache DBF...
[POS] Cargando DBF...
[POS] MAPRE: 40640
[POS] DPOFE: 2448
[POS] Cache cargado en 1903 ms
[POS] Refrescando cache DBF...
[POS] Cargando DBF...
[POS] MAPRE: 40640
[POS] DPOFE: 2448
[POS] Cache cargado en 1920 ms
[POS] Refrescando cache DBF...
[POS] Cargando DBF...
[POS] MAPRE: 40640
[POS] DPOFE: 2448
[POS] Cache cargado en 1918 ms
[POS] Refrescando cache DBF...
[POS] Cargando DBF...
[POS] MAPRE: 40640
[POS] DPOFE: 2448
[POS] Cache cargado en 1916 ms
[POS] Refrescando cache DBF...
[POS] Cargando DBF...
[POS] MAPRE: 40640
[POS] DPOFE: 2448
[POS] Cache cargado en 1901 ms
[POS] Refrescando cache DBF...
[POS] Cargando DBF...
[POS] MAPRE: 40640
[POS] DPOFE: 2448
[POS] Cache cargado en 1909 ms
[POS] Refrescando cache DBF...
[POS] Cargando DBF...
[POS] MAPRE: 40640
[POS] DPOFE: 2448
[POS] Cache cargado en 1895 ms
[POS] Refrescando cache DBF...
[POS] Cargando DBF...
[POS] MAPRE: 40640
[POS] DPOFE: 2448
[POS] Cache cargado en 1906 ms
[POS] Refrescando cache DBF...
[POS] Cargando DBF...
[POS] MAPRE: 40640
[POS] DPOFE: 2448
[POS] Cache cargado en 1913 ms
[POS] Refrescando cache DBF...
[POS] Cargando DBF...
[POS] MAPRE: 40640
[POS] DPOFE: 2448
[POS] Cache cargado en 1900 ms
[POS] Refrescando cache DBF...
[POS] Cargando DBF...
[POS] MAPRE: 40640
[POS] DPOFE: 2448
[POS] Cache cargado en 1910 ms
[POS] Refrescando cache DBF...
[POS] Cargando DBF...
[POS] MAPRE: 40640
[POS] DPOFE: 2448
[POS] Cache cargado en 1921 ms
[POS] Refrescando cache DBF...
[POS] Cargando DBF...
[POS] MAPRE: 40640
[POS] DPOFE: 2448
[POS] Cache cargado en 1904 ms
[POS] Refrescando cache DBF...
[POS] Cargando DBF...
[POS] MAPRE: 40640
[POS] DPOFE: 2448
[POS] Cache cargado en 1916 ms
[POS] Refrescando cache DBF...
[POS] Cargando DBF...
[POS] MAPRE: 40640
[POS] DPOFE: 2448
[POS] Cache cargado en 1915 ms
[POS] Refrescando cache DBF...
[POS] Cargando DBF...
[POS] MAPRE: 40640
[POS] DPOFE: 2448
[POS] Cache cargado en 1918 ms
[POS] Refrescando cache DBF...
[POS] Cargando DBF...
[POS] MAPRE: 40640
[POS] DPOFE: 2448
[POS] Cache cargado en 1910 ms
[POS] Refrescando cache DBF...
[POS] Cargando DBF...
[POS] MAPRE: 40640
[POS] DPOFE: 2448
[POS] Cache cargado en 1913 ms
[POS] Refrescando cache DBF...
[POS] Cargando DBF...
[POS] MAPRE: 40640
[POS] DPOFE: 2448
[POS] Cache cargado en 1909 ms
[POS] Refrescando cache DBF...
[POS] Cargando DBF...
[POS] MAPRE: 40640
[POS] DPOFE: 2448
[POS] Cache cargado en 1926 ms
[POS] Refrescando cache DBF...
[POS] Cargando DBF...
[POS] MAPRE: 40640
[POS] DPOFE: 2448
[POS] Cache cargado en 1915 ms
[POS] Refrescando cache DBF...
[POS] Cargando DBF...
[POS] MAPRE: 40640
[POS] DPOFE: 2448
[POS] Cache cargado en 1930 ms
[POS] Refrescando cache DBF...
[POS] Cargando DBF...
[POS] MAPRE: 40640
[POS] DPOFE: 2448
[POS] Cache cargado en 1919 ms
[POS] Refrescando cache DBF...
[POS] Cargando DBF...
[POS] MAPRE: 40640
[POS] DPOFE: 2448
[POS] Cache cargado en 1904 ms
[POS] Refrescando cache DBF...
[POS] Cargando DBF...
[POS] MAPRE: 40640
[POS] DPOFE: 2448
[POS] Cache cargado en 1898 ms
[POS] Refrescando cache DBF...
[POS] Cargando DBF...
[POS] MAPRE: 40640
[POS] DPOFE: 2448
[POS] Cache cargado en 1899 ms
[POS] Refrescando cache DBF...
[POS] Cargando DBF...
[POS] MAPRE: 40640
[POS] DPOFE: 2448
[POS] Cache cargado en 1917 ms
[POS] Refrescando cache DBF...
[POS] Cargando DBF...
[POS] MAPRE: 40640
[POS] DPOFE: 2448
[POS] Cache cargado en 1903 ms
[POS] Refrescando cache DBF...
[POS] Cargando DBF...
[POS] MAPRE: 40640
[POS] DPOFE: 2448
[POS] Cache cargado en 1897 ms
[POS] Refrescando cache DBF...
[POS] Cargando DBF...
[POS] MAPRE: 40640
[POS] DPOFE: 2448
[POS] Cache cargado en 1899 ms
[POS] Refrescando cache DBF...
[POS] Cargando DBF...
[POS] MAPRE: 40640
[POS] DPOFE: 2448
[POS] Cache cargado en 1914 ms
[POS] Refrescando cache DBF...
[POS] Cargando DBF...
[POS] MAPRE: 40640
[POS] DPOFE: 2448
[POS] Cache cargado en 1905 ms
[POS] Refrescando cache DBF...
[POS] Cargando DBF...
[POS] MAPRE: 40640
[POS] DPOFE: 2448
[POS] Cache cargado en 1910 ms
[POS] Refrescando cache DBF...
[POS] Cargando DBF...
[POS] MAPRE: 40640
[POS] DPOFE: 2448
[POS] Cache cargado en 1913 ms
[POS] Refrescando cache DBF...
[POS] Cargando DBF...
[POS] MAPRE: 40640
[POS] DPOFE: 2448
[POS] Cache cargado en 1907 ms
[POS] Refrescando cache DBF...
[POS] Cargando DBF...
[POS] MAPRE: 40640
[POS] DPOFE: 2448
[POS] Cache cargado en 1905 ms
[POS] Refrescando cache DBF...
[POS] Cargando DBF...
[POS] MAPRE: 40640
[POS] DPOFE: 2448
[POS] Cache cargado en 1904 ms
[POS] Refrescando cache DBF...
[POS] Cargando DBF...
[POS] MAPRE: 40640
[POS] DPOFE: 2448
[POS] Cache cargado en 1903 ms
[POS] Refrescando cache DBF...
[POS] Cargando DBF...
[POS] MAPRE: 40640
[POS] DPOFE: 2448
[POS] Cache cargado en 1916 ms
[POS] Refrescando cache DBF...
[POS] Cargando DBF...
[POS] MAPRE: 40640
[POS] DPOFE: 2448
[POS] Cache cargado en 1901 ms
[POS] Refrescando cache DBF...
[POS] Cargando DBF...
[POS] MAPRE: 40640
[POS] DPOFE: 2448
[POS] Cache cargado en 1904 ms
[POS] Refrescando cache DBF...
[POS] Cargando DBF...
[POS] MAPRE: 40640
[POS] DPOFE: 2448
[POS] Cache cargado en 1907 ms
[POS] Refrescando cache DBF...
[POS] Cargando DBF...
[POS] MAPRE: 40640
[POS] DPOFE: 2448
[POS] Cache cargado en 1896 ms
[POS] Refrescando cache DBF...
[POS] Cargando DBF...
[POS] MAPRE: 40640
[POS] DPOFE: 2448
[POS] Cache cargado en 1917 ms
[POS] Refrescando cache DBF...
[POS] Cargando DBF...
[POS] MAPRE: 40640
[POS] DPOFE: 2448
[POS] Cache cargado en 1912 ms
[POS] Refrescando cache DBF...
[POS] Cargando DBF...
[POS] MAPRE: 40640
[POS] DPOFE: 2448
[POS] Cache cargado en 1905 ms
[POS] Refrescando cache DBF...
[POS] Cargando DBF...
[POS] MAPRE: 40640
[POS] DPOFE: 2448
[POS] Cache cargado en 1898 ms
[POS] Refrescando cache DBF...
[POS] Cargando DBF...
[POS] MAPRE: 40640
[POS] DPOFE: 2448
[POS] Cache cargado en 1905 ms
[POS] Refrescando cache DBF...
[POS] Cargando DBF...
[POS] MAPRE: 40640
[POS] DPOFE: 2448
[POS] Cache cargado en 1911 ms
[POS] Refrescando cache DBF...
[POS] Cargando DBF...
[POS] MAPRE: 40640
[POS] DPOFE: 2448
[POS] Cache cargado en 1923 ms
[POS] Refrescando cache DBF...
[POS] Cargando DBF...
[POS] MAPRE: 40640
[POS] DPOFE: 2448
[POS] Cache cargado en 1916 ms
[POS] Refrescando cache DBF...
[POS] Cargando DBF...
[POS] MAPRE: 40640
[POS] DPOFE: 2448
[POS] Cache cargado en 1898 ms
[POS] Refrescando cache DBF...
[POS] Cargando DBF...
[POS] MAPRE: 40640
[POS] DPOFE: 2448
[POS] Cache cargado en 1921 ms
[POS] Refrescando cache DBF...
[POS] Cargando DBF...
[POS] MAPRE: 40640
[POS] DPOFE: 2448
[POS] Cache cargado en 1927 ms
[POS] Refrescando cache DBF...
[POS] Cargando DBF...
[POS] MAPRE: 40640
[POS] DPOFE: 2448
[POS] Cache cargado en 1920 ms
[POS] Refrescando cache DBF...
[POS] Cargando DBF...
[POS] MAPRE: 40640
[POS] DPOFE: 2448
[POS] Cache cargado en 1914 ms
[POS] Refrescando cache DBF...
[POS] Cargando DBF...
[POS] MAPRE: 40640
[POS] DPOFE: 2448
[POS] Cache cargado en 1913 ms
[POS] Refrescando cache DBF...
[POS] Cargando DBF...
[POS] MAPRE: 40640
[POS] DPOFE: 2448
[POS] Cache cargado en 1915 ms
[POS] Refrescando cache DBF...
[POS] Cargando DBF...
[POS] MAPRE: 40640
[POS] DPOFE: 2448
[POS] Cache cargado en 1889 ms
[POS] Refrescando cache DBF...
[POS] Cargando DBF...
[POS] MAPRE: 40640
[POS] DPOFE: 2448
[POS] Cache cargado en 1902 ms
[POS] Refrescando cache DBF...
[POS] Cargando DBF...
[POS] MAPRE: 40640
[POS] DPOFE: 2448
[POS] Cache cargado en 1896 ms
[POS] Refrescando cache DBF...
[POS] Cargando DBF...
[POS] MAPRE: 40640
[POS] DPOFE: 2448
[POS] Cache cargado en 1918 ms
[POS] Refrescando cache DBF...
[POS] Cargando DBF...
[POS] MAPRE: 40640
[POS] DPOFE: 2448
[POS] Cache cargado en 1922 ms
[POS] Refrescando cache DBF...
[POS] Cargando DBF...
[POS] MAPRE: 40640
[POS] DPOFE: 2448
[POS] Cache cargado en 1900 ms
[POS] Refrescando cache DBF...
[POS] Cargando DBF...
[POS] MAPRE: 40640
[POS] DPOFE: 2448
[POS] Cache cargado en 1936 ms
[POS] Refrescando cache DBF...
[POS] Cargando DBF...
[POS] MAPRE: 40640
[POS] DPOFE: 2448
[POS] Cache cargado en 1914 ms
[POS] Refrescando cache DBF...
[POS] Cargando DBF...
[POS] MAPRE: 40640
[POS] DPOFE: 2448
[POS] Cache cargado en 1915 ms
[POS] Refrescando cache DBF...
[POS] Cargando DBF...
[POS] MAPRE: 40640
[POS] DPOFE: 2448
[POS] Cache cargado en 1905 ms
[POS] Refrescando cache DBF...
[POS] Cargando DBF...
[POS] MAPRE: 40640
[POS] DPOFE: 2448
[POS] Cache cargado en 1924 ms
[POS] Refrescando cache DBF...
[POS] Cargando DBF...
[POS] MAPRE: 40640
[POS] DPOFE: 2448
[POS] Cache cargado en 1900 ms
[POS] Refrescando cache DBF...
[POS] Cargando DBF...
[POS] MAPRE: 40640
[POS] DPOFE: 2448
[POS] Cache cargado en 1894 ms
[POS] Refrescando cache DBF...
[POS] Cargando DBF...
[POS] MAPRE: 40640
[POS] DPOFE: 2448
[POS] Cache cargado en 1925 ms
[POS] Refrescando cache DBF...
[POS] Cargando DBF...
[POS] MAPRE: 40640
[POS] DPOFE: 2448
[POS] Cache cargado en 1916 ms
[POS] Refrescando cache DBF...
[POS] Cargando DBF...
[POS] MAPRE: 40640
[POS] DPOFE: 2448
[POS] Cache cargado en 1928 ms
[POS] Refrescando cache DBF...
[POS] Cargando DBF...
[POS] MAPRE: 40640
[POS] DPOFE: 2448
[POS] Cache cargado en 1919 ms
[POS] Refrescando cache DBF...
[POS] Cargando DBF...
[POS] MAPRE: 40640
[POS] DPOFE: 2448
[POS] Cache cargado en 1916 ms
[POS] Refrescando cache DBF...
[POS] Cargando DBF...
[POS] MAPRE: 40640
[POS] DPOFE: 2448
[POS] Cache cargado en 1911 ms
[POS] Refrescando cache DBF...
[POS] Cargando DBF...
[POS] MAPRE: 40640
[POS] DPOFE: 2448
[POS] Cache cargado en 1910 ms
[POS] Refrescando cache DBF...
[POS] Cargando DBF...
[POS] MAPRE: 40640
[POS] DPOFE: 2448
[POS] Cache cargado en 1916 ms
[POS] Refrescando cache DBF...
[POS] Cargando DBF...
[POS] MAPRE: 40640
[POS] DPOFE: 2448
[POS] Cache cargado en 1917 ms
[POS] Refrescando cache DBF...
[POS] Cargando DBF...
[POS] MAPRE: 40640
[POS] DPOFE: 2448
[POS] Cache cargado en 1903 ms
[POS] Refrescando cache DBF...
[POS] Cargando DBF...
[POS] MAPRE: 40640
[POS] DPOFE: 2448
[POS] Cache cargado en 1901 ms
[POS] Refrescando cache DBF...
[POS] Cargando DBF...
[POS] MAPRE: 40640
[POS] DPOFE: 2448
[POS] Cache cargado en 1911 ms
[POS] Refrescando cache DBF...
[POS] Cargando DBF...
[POS] MAPRE: 40640
[POS] DPOFE: 2448
[POS] Cache cargado en 1914 ms
[POS] Refrescando cache DBF...
[POS] Cargando DBF...
[POS] MAPRE: 40640
[POS] DPOFE: 2448
[POS] Cache cargado en 1887 ms
[POS] Refrescando cache DBF...
[POS] Cargando DBF...
[POS] MAPRE: 40640
[POS] DPOFE: 2448
[POS] Cache cargado en 1906 ms
[POS] Refrescando cache DBF...
[POS] Cargando DBF...
[POS] MAPRE: 40640
[POS] DPOFE: 2448
[POS] Cache cargado en 1905 ms
[POS] Refrescando cache DBF...
[POS] Cargando DBF...
[POS] MAPRE: 40640
[POS] DPOFE: 2448
[POS] Cache cargado en 1905 ms
[POS] Refrescando cache DBF...
[POS] Cargando DBF...
[POS] MAPRE: 40640
[POS] DPOFE: 2448
[POS] Cache cargado en 1898 ms
[POS] Refrescando cache DBF...
[POS] Cargando DBF...
[POS] MAPRE: 40640
[POS] DPOFE: 2448
[POS] Cache cargado en 1918 ms
[POS] Refrescando cache DBF...
[POS] Cargando DBF...
[POS] MAPRE: 40640
[POS] DPOFE: 2448
[POS] Cache cargado en 1918 ms
[POS] Refrescando cache DBF...
[POS] Cargando DBF...
[POS] MAPRE: 40640
[POS] DPOFE: 2448
[POS] Cache cargado en 1915 ms
[POS] Refrescando cache DBF...
[POS] Cargando DBF...
[POS] MAPRE: 40640
[POS] DPOFE: 2448
[POS] Cache cargado en 1922 ms
[POS] Refrescando cache DBF...
[POS] Cargando DBF...
[POS] MAPRE: 40640
[POS] DPOFE: 2448
[POS] Cache cargado en 1901 ms
[POS] Refrescando cache DBF...
[POS] Cargando DBF...
[POS] MAPRE: 40640
[POS] DPOFE: 2448
[POS] Cache cargado en 1914 ms
[POS] Refrescando cache DBF...
[POS] Cargando DBF...
[POS] MAPRE: 40640
[POS] DPOFE: 2448
[POS] Cache cargado en 1903 ms
[POS] Refrescando cache DBF...
[POS] Cargando DBF...
[POS] MAPRE: 40640
[POS] DPOFE: 2448
[POS] Cache cargado en 1919 ms
[POS] Refrescando cache DBF...
[POS] Cargando DBF...
[POS] MAPRE: 40640
[POS] DPOFE: 2448
[POS] Cache cargado en 1932 ms
[POS] Refrescando cache DBF...
[POS] Cargando DBF...
[POS] MAPRE: 40640
[POS] DPOFE: 2448
[POS] Cache cargado en 1917 ms
[POS] Refrescando cache DBF...
[POS] Cargando DBF...
[POS] MAPRE: 40640
[POS] DPOFE: 2448
[POS] Cache cargado en 1925 ms
[POS] Refrescando cache DBF...
[POS] Cargando DBF...
[POS] MAPRE: 40640
[POS] DPOFE: 2448
[POS] Cache cargado en 1915 ms
[POS] Refrescando cache DBF...
[POS] Cargando DBF...
[POS] MAPRE: 40640
[POS] DPOFE: 2448
[POS] Cache cargado en 1882 ms
[POS] Refrescando cache DBF...
[POS] Cargando DBF...
[POS] MAPRE: 40640
[POS] DPOFE: 2448
[POS] Cache cargado en 1920 ms
[POS] Refrescando cache DBF...
[POS] Cargando DBF...
[POS] MAPRE: 40640
[POS] DPOFE: 2448
[POS] Cache cargado en 1900 ms
[POS] Refrescando cache DBF...
[POS] Cargando DBF...
[POS] MAPRE: 40640
[POS] DPOFE: 2448
[POS] Cache cargado en 1922 ms
[POS] Refrescando cache DBF...
[POS] Cargando DBF...
[POS] MAPRE: 40640
[POS] DPOFE: 2448
[POS] Cache cargado en 1906 ms
[POS] Refrescando cache DBF...
[POS] Cargando DBF...
[POS] MAPRE: 40640
[POS] DPOFE: 2448
[POS] Cache cargado en 1899 ms
[POS] Refrescando cache DBF...
[POS] Cargando DBF...
[POS] MAPRE: 40640
[POS] DPOFE: 2448
[POS] Cache cargado en 1910 ms
[POS] Refrescando cache DBF...
[POS] Cargando DBF...
[POS] MAPRE: 40640
[POS] DPOFE: 2448
[POS] Cache cargado en 1915 ms
[POS] Refrescando cache DBF...
[POS] Cargando DBF...
[POS] MAPRE: 40640
[POS] DPOFE: 2448
[POS] Cache cargado en 1906 ms
[POS] Refrescando cache DBF...
[POS] Cargando DBF...
[POS] MAPRE: 40640
[POS] DPOFE: 2448
[POS] Cache cargado en 1927 ms
[POS] Refrescando cache DBF...
[POS] Cargando DBF...
[POS] MAPRE: 40640
[POS] DPOFE: 2448
[POS] Cache cargado en 1915 ms
[POS] Refrescando cache DBF...
[POS] Cargando DBF...
[POS] MAPRE: 40640
[POS] DPOFE: 2448
[POS] Cache cargado en 1919 ms
[POS] Refrescando cache DBF...
[POS] Cargando DBF...
[POS] MAPRE: 40640
[POS] DPOFE: 2448
[POS] Cache cargado en 1914 ms
[POS] Refrescando cache DBF...
[POS] Cargando DBF...
[POS] MAPRE: 40640
[POS] DPOFE: 2448
[POS] Cache cargado en 1906 ms
[POS] Refrescando cache DBF...
[POS] Cargando DBF...
[POS] MAPRE: 40640
[POS] DPOFE: 2448
[POS] Cache cargado en 1917 ms
[POS] Refrescando cache DBF...
[POS] Cargando DBF...
[POS] MAPRE: 40640
[POS] DPOFE: 2448
[POS] Cache cargado en 1930 ms
[POS] Refrescando cache DBF...
[POS] Cargando DBF...
[POS] MAPRE: 40640
[POS] DPOFE: 2448
[POS] Cache cargado en 1926 ms
[POS] Refrescando cache DBF...
[POS] Cargando DBF...
[POS] MAPRE: 40640
[POS] DPOFE: 2448
[POS] Cache cargado en 1924 ms
[POS] Refrescando cache DBF...
[POS] Cargando DBF...
[POS] MAPRE: 40640
[POS] DPOFE: 2448
[POS] Cache cargado en 1924 ms
[POS] Refrescando cache DBF...
[POS] Cargando DBF...
[POS] MAPRE: 40640
[POS] DPOFE: 2448
[POS] Cache cargado en 1913 ms
[POS] Refrescando cache DBF...
[POS] Cargando DBF...
[POS] MAPRE: 40640
[POS] DPOFE: 2448
[POS] Cache cargado en 1906 ms
[POS] Refrescando cache DBF...
[POS] Cargando DBF...
[POS] MAPRE: 40640
[POS] DPOFE: 2448
[POS] Cache cargado en 1923 ms
[POS] Refrescando cache DBF...
[POS] Cargando DBF...
[POS] MAPRE: 40640
[POS] DPOFE: 2448
[POS] Cache cargado en 1909 ms
[POS] Refrescando cache DBF...
[POS] Cargando DBF...
[POS] MAPRE: 40640
[POS] DPOFE: 2448
[POS] Cache cargado en 1887 ms
[POS] Refrescando cache DBF...
[POS] Cargando DBF...
[POS] MAPRE: 40640
[POS] DPOFE: 2448
[POS] Cache cargado en 1911 ms
[POS] Refrescando cache DBF...
[POS] Cargando DBF...
[POS] MAPRE: 40640
[POS] DPOFE: 2448
[POS] Cache cargado en 1913 ms
[POS] Refrescando cache DBF...
[POS] Cargando DBF...
[POS] MAPRE: 40640
[POS] DPOFE: 2448
[POS] Cache cargado en 1909 ms
[POS] Refrescando cache DBF...
[POS] Cargando DBF...
[POS] MAPRE: 40640
[POS] DPOFE: 2448
[POS] Cache cargado en 1936 ms
[POS] Refrescando cache DBF...
[POS] Cargando DBF...
[POS] MAPRE: 40640
[POS] DPOFE: 2448
[POS] Cache cargado en 1909 ms
[POS] Refrescando cache DBF...
[POS] Cargando DBF...
[POS] MAPRE: 40640
[POS] DPOFE: 2448
[POS] Cache cargado en 1911 ms
[POS] Refrescando cache DBF...
[POS] Cargando DBF...
[POS] MAPRE: 40640
[POS] DPOFE: 2448
[POS] Cache cargado en 1916 ms
[POS] Refrescando cache DBF...
[POS] Cargando DBF...
[POS] MAPRE: 40640
[POS] DPOFE: 2448
[POS] Cache cargado en 1907 ms
[POS] Refrescando cache DBF...
[POS] Cargando DBF...
[POS] MAPRE: 40640
[POS] DPOFE: 2448
[POS] Cache cargado en 1909 ms
[POS] Refrescando cache DBF...
[POS] Cargando DBF...
[POS] MAPRE: 40640
[POS] DPOFE: 2448
[POS] Cache cargado en 1913 ms
[POS] Refrescando cache DBF...
[POS] Cargando DBF...
[POS] MAPRE: 40640
[POS] DPOFE: 2448
[POS] Cache cargado en 1917 ms
[POS] Refrescando cache DBF...
[POS] Cargando DBF...
[POS] MAPRE: 40640
[POS] DPOFE: 2448
[POS] Cache cargado en 1914 ms
[POS] Refrescando cache DBF...
[POS] Cargando DBF...
[POS] MAPRE: 40640
[POS] DPOFE: 2448
[POS] Cache cargado en 1906 ms
[POS] Refrescando cache DBF...
[POS] Cargando DBF...
[POS] MAPRE: 40640
[POS] DPOFE: 2448
[POS] Cache cargado en 1887 ms
[POS] Refrescando cache DBF...
[POS] Cargando DBF...
[POS] MAPRE: 40640
[POS] DPOFE: 2448
[POS] Cache cargado en 1923 ms
[POS] Refrescando cache DBF...
[POS] Cargando DBF...
[POS] MAPRE: 40640
[POS] DPOFE: 2448
[POS] Cache cargado en 1923 ms
[POS] Refrescando cache DBF...
[POS] Cargando DBF...
[POS] MAPRE: 40640
[POS] DPOFE: 2448
[POS] Cache cargado en 1910 ms
[POS] Refrescando cache DBF...
[POS] Cargando DBF...
[POS] MAPRE: 40640
[POS] DPOFE: 2448
[POS] Cache cargado en 1918 ms
[POS] Refrescando cache DBF...
[POS] Cargando DBF...
[POS] MAPRE: 40640
[POS] DPOFE: 2448
[POS] Cache cargado en 1906 ms
[POS] Refrescando cache DBF...
[POS] Cargando DBF...
[POS] MAPRE: 40640
[POS] DPOFE: 2448
[POS] Cache cargado en 1919 ms
[POS] Refrescando cache DBF...
[POS] Cargando DBF...
[POS] MAPRE: 40640
[POS] DPOFE: 2448
[POS] Cache cargado en 1904 ms
[POS] Refrescando cache DBF...
[POS] Cargando DBF...
[POS] MAPRE: 40640
[POS] DPOFE: 2448
[POS] Cache cargado en 1914 ms
[POS] Refrescando cache DBF...
[POS] Cargando DBF...
[POS] MAPRE: 40640
[POS] DPOFE: 2448
[POS] Cache cargado en 1915 ms
[POS] Refrescando cache DBF...
[POS] Cargando DBF...
[POS] MAPRE: 40640
[POS] DPOFE: 2448
[POS] Cache cargado en 1932 ms
[POS] Refrescando cache DBF...
[POS] Cargando DBF...
[POS] MAPRE: 40640
[POS] DPOFE: 2448
[POS] Cache cargado en 1912 ms
[POS] Refrescando cache DBF...
[POS] Cargando DBF...
[POS] MAPRE: 40640
[POS] DPOFE: 2448
[POS] Cache cargado en 1927 ms
[POS] Refrescando cache DBF...
[POS] Cargando DBF...
[POS] MAPRE: 40640
[POS] DPOFE: 2448
[POS] Cache cargado en 1915 ms
[POS] Refrescando cache DBF...
[POS] Cargando DBF...
[POS] MAPRE: 40640
[POS] DPOFE: 2448
[POS] Cache cargado en 1910 ms
[POS] Refrescando cache DBF...
[POS] Cargando DBF...
[POS] MAPRE: 40640
[POS] DPOFE: 2448
[POS] Cache cargado en 1908 ms
[POS] Refrescando cache DBF...
[POS] Cargando DBF...
[POS] MAPRE: 40640
[POS] DPOFE: 2448
[POS] Cache cargado en 1885 ms
[POS] Refrescando cache DBF...
[POS] Cargando DBF...
[POS] MAPRE: 40640
[POS] DPOFE: 2448
[POS] Cache cargado en 1911 ms
[POS] Refrescando cache DBF...
[POS] Cargando DBF...
[POS] MAPRE: 40640
[POS] DPOFE: 2448
[POS] Cache cargado en 1926 ms
[POS] Refrescando cache DBF...
[POS] Cargando DBF...
[POS] MAPRE: 40640
[POS] DPOFE: 2448
[POS] Cache cargado en 1913 ms
[POS] Refrescando cache DBF...
[POS] Cargando DBF...
[POS] MAPRE: 40640
[POS] DPOFE: 2448
[POS] Cache cargado en 1916 ms
[POS] Refrescando cache DBF...
[POS] Cargando DBF...
[POS] MAPRE: 40640
[POS] DPOFE: 2448
[POS] Cache cargado en 1918 ms
[POS] Refrescando cache DBF...
[POS] Cargando DBF...
[POS] MAPRE: 40640
[POS] DPOFE: 2448
[POS] Cache cargado en 1913 ms
[POS] Refrescando cache DBF...
[POS] Cargando DBF...
[POS] MAPRE: 40640
[POS] DPOFE: 2448
[POS] Cache cargado en 1918 ms
[POS] Refrescando cache DBF...
[POS] Cargando DBF...
[POS] MAPRE: 40640
[POS] DPOFE: 2448
[POS] Cache cargado en 1916 ms
[POS] Refrescando cache DBF...
[POS] Cargando DBF...
[POS] MAPRE: 40640
[POS] DPOFE: 2448
[POS] Cache cargado en 1911 ms
[POS] Refrescando cache DBF...
[POS] Cargando DBF...
[POS] MAPRE: 40640
[POS] DPOFE: 2448
[POS] Cache cargado en 1917 ms
[POS] Refrescando cache DBF...
[POS] Cargando DBF...
[POS] MAPRE: 40640
[POS] DPOFE: 2448
[POS] Cache cargado en 1914 ms
[POS] Refrescando cache DBF...
[POS] Cargando DBF...
[POS] MAPRE: 40640
[POS] DPOFE: 2448
[POS] Cache cargado en 1922 ms
[POS] Refrescando cache DBF...
[POS] Cargando DBF...
[POS] MAPRE: 40640
[POS] DPOFE: 2448
[POS] Cache cargado en 1911 ms
[POS] Refrescando cache DBF...
[POS] Cargando DBF...
[POS] MAPRE: 40640
[POS] DPOFE: 2448
[POS] Cache cargado en 1916 ms
[POS] Refrescando cache DBF...
[POS] Cargando DBF...
[POS] MAPRE: 40640
[POS] DPOFE: 2448
[POS] Cache cargado en 1904 ms
[POS] Refrescando cache DBF...
[POS] Cargando DBF...
[POS] MAPRE: 40640
[POS] DPOFE: 2448
[POS] Cache cargado en 1915 ms
[POS] Refrescando cache DBF...
[POS] Cargando DBF...
[POS] MAPRE: 40640
[POS] DPOFE: 2448
[POS] Cache cargado en 1906 ms
[POS] Refrescando cache DBF...
[POS] Cargando DBF...
[POS] MAPRE: 40640
[POS] DPOFE: 2448
[POS] Cache cargado en 1918 ms
[POS] Refrescando cache DBF...
[POS] Cargando DBF...
[POS] MAPRE: 40640
[POS] DPOFE: 2448
[POS] Cache cargado en 1915 ms
[POS] Refrescando cache DBF...
[POS] Cargando DBF...
[POS] MAPRE: 40640
[POS] DPOFE: 2448
[POS] Cache cargado en 1918 ms
[POS] Refrescando cache DBF...
[POS] Cargando DBF...
[POS] MAPRE: 40640
[POS] DPOFE: 2448
[POS] Cache cargado en 1905 ms
[POS] Refrescando cache DBF...
[POS] Cargando DBF...
[POS] MAPRE: 40640
[POS] DPOFE: 2448
[POS] Cache cargado en 1911 ms
[POS] Refrescando cache DBF...
[POS] Cargando DBF...
[POS] MAPRE: 40640
[POS] DPOFE: 2448
[POS] Cache cargado en 1917 ms
[POS] Refrescando cache DBF...
[POS] Cargando DBF...
[POS] MAPRE: 40640
[POS] DPOFE: 2448
[POS] Cache cargado en 1907 ms
[POS] Refrescando cache DBF...
[POS] Cargando DBF...
[POS] MAPRE: 40640
[POS] DPOFE: 2448
[POS] Cache cargado en 1900 ms
[POS] Refrescando cache DBF...
[POS] Cargando DBF...
[POS] MAPRE: 40640
[POS] DPOFE: 2448
[POS] Cache cargado en 1892 ms
[POS] Refrescando cache DBF...
[POS] Cargando DBF...
[POS] MAPRE: 40640
[POS] DPOFE: 2448
[POS] Cache cargado en 1910 ms
[POS] Refrescando cache DBF...
[POS] Cargando DBF...
[POS] MAPRE: 40640
[POS] DPOFE: 2448
[POS] Cache cargado en 1904 ms
[POS] Refrescando cache DBF...
[POS] Cargando DBF...
[POS] MAPRE: 40640
[POS] DPOFE: 2448
[POS] Cache cargado en 1919 ms
[POS] Refrescando cache DBF...
[POS] Cargando DBF...
[POS] MAPRE: 40640
[POS] DPOFE: 2448
[POS] Cache cargado en 1895 ms
[POS] Refrescando cache DBF...
[POS] Cargando DBF...
[POS] MAPRE: 40640
[POS] DPOFE: 2448
[POS] Cache cargado en 1903 ms
[POS] Refrescando cache DBF...
[POS] Cargando DBF...
[POS] MAPRE: 40640
[POS] DPOFE: 2448
[POS] Cache cargado en 1920 ms
[POS] Refrescando cache DBF...
[POS] Cargando DBF...
[POS] MAPRE: 40640
[POS] DPOFE: 2448
[POS] Cache cargado en 1900 ms
[POS] Refrescando cache DBF...
[POS] Cargando DBF...
[POS] MAPRE: 40640
[POS] DPOFE: 2448
[POS] Cache cargado en 1915 ms
[POS] Refrescando cache DBF...
[POS] Cargando DBF...
[POS] MAPRE: 40640
[POS] DPOFE: 2448
[POS] Cache cargado en 1912 ms
[POS] Refrescando cache DBF...
[POS] Cargando DBF...
[POS] MAPRE: 40640
[POS] DPOFE: 2448
[POS] Cache cargado en 1903 ms
[POS] Refrescando cache DBF...
[POS] Cargando DBF...
[POS] MAPRE: 40640
[POS] DPOFE: 2448
[POS] Cache cargado en 1892 ms
[POS] Refrescando cache DBF...
[POS] Cargando DBF...
[POS] MAPRE: 40640
[POS] DPOFE: 2448
[POS] Cache cargado en 1911 ms
[POS] Refrescando cache DBF...
[POS] Cargando DBF...
[POS] MAPRE: 40640
[POS] DPOFE: 2448
[POS] Cache cargado en 1898 ms
[POS] Refrescando cache DBF...
[POS] Cargando DBF...
[POS] MAPRE: 40640
[POS] DPOFE: 2448
[POS] Cache cargado en 1913 ms
[POS] Refrescando cache DBF...
[POS] Cargando DBF...
[POS] MAPRE: 40640
[POS] DPOFE: 2448
[POS] Cache cargado en 1902 ms
[POS] Refrescando cache DBF...
[POS] Cargando DBF...
[POS] MAPRE: 40640
[POS] DPOFE: 2448
[POS] Cache cargado en 1906 ms
[POS] Refrescando cache DBF...
[POS] Cargando DBF...
[POS] MAPRE: 40640
[POS] DPOFE: 2448
[POS] Cache cargado en 1915 ms
[POS] Refrescando cache DBF...
[POS] Cargando DBF...
[POS] MAPRE: 40640
[POS] DPOFE: 2448
[POS] Cache cargado en 1916 ms
[POS] Refrescando cache DBF...
[POS] Cargando DBF...
[POS] MAPRE: 40640
[POS] DPOFE: 2448
[POS] Cache cargado en 1912 ms
[POS] Refrescando cache DBF...
[POS] Cargando DBF...
[POS] MAPRE: 40640
[POS] DPOFE: 2448
[POS] Cache cargado en 1913 ms
[POS] Refrescando cache DBF...
[POS] Cargando DBF...
[POS] MAPRE: 40640
[POS] DPOFE: 2448
[POS] Cache cargado en 1908 ms
[POS] Refrescando cache DBF...
[POS] Cargando DBF...
[POS] MAPRE: 40640
[POS] DPOFE: 2448
[POS] Cache cargado en 1917 ms
[POS] Refrescando cache DBF...
[POS] Cargando DBF...
[POS] MAPRE: 40640
[POS] DPOFE: 2448
[POS] Cache cargado en 1908 ms
[POS] Refrescando cache DBF...
[POS] Cargando DBF...
[POS] MAPRE: 40640
[POS] DPOFE: 2448
[POS] Cache cargado en 1890 ms
[POS] Refrescando cache DBF...
[POS] Cargando DBF...
[POS] MAPRE: 40640
[POS] DPOFE: 2448
[POS] Cache cargado en 1902 ms
[POS] Refrescando cache DBF...
[POS] Cargando DBF...
[POS] MAPRE: 40640
[POS] DPOFE: 2448
[POS] Cache cargado en 1922 ms
[POS] Refrescando cache DBF...
[POS] Cargando DBF...
[POS] MAPRE: 40640
[POS] DPOFE: 2448
[POS] Cache cargado en 1918 ms
[POS] Refrescando cache DBF...
[POS] Cargando DBF...
[POS] MAPRE: 40640
[POS] DPOFE: 2448
[POS] Cache cargado en 1915 ms
[POS] Refrescando cache DBF...
[POS] Cargando DBF...
[POS] MAPRE: 40640
[POS] DPOFE: 2448
[POS] Cache cargado en 1900 ms
[POS] Refrescando cache DBF...
[POS] Cargando DBF...
[POS] MAPRE: 40640
[POS] DPOFE: 2448
[POS] Cache cargado en 1903 ms
[POS] Refrescando cache DBF...
[POS] Cargando DBF...
[POS] MAPRE: 40640
[POS] DPOFE: 2448
[POS] Cache cargado en 1915 ms
[POS] Refrescando cache DBF...
[POS] Cargando DBF...
[POS] MAPRE: 40640
[POS] DPOFE: 2448
[POS] Cache cargado en 1889 ms
[POS] Refrescando cache DBF...
[POS] Cargando DBF...
[POS] MAPRE: 40640
[POS] DPOFE: 2448
[POS] Cache cargado en 1906 ms
[POS] Refrescando cache DBF...
[POS] Cargando DBF...
[POS] MAPRE: 40640
[POS] DPOFE: 2448
[POS] Cache cargado en 1910 ms
[POS] Refrescando cache DBF...
[POS] Cargando DBF...
[POS] MAPRE: 40640
[POS] DPOFE: 2448
[POS] Cache cargado en 1906 ms
[POS] Refrescando cache DBF...
[POS] Cargando DBF...
[POS] MAPRE: 40640
[POS] DPOFE: 2448
[POS] Cache cargado en 1898 ms
[POS] Refrescando cache DBF...
[POS] Cargando DBF...
[POS] MAPRE: 40640
[POS] DPOFE: 2448
[POS] Cache cargado en 1915 ms
[POS] Refrescando cache DBF...
[POS] Cargando DBF...
[POS] MAPRE: 40640
[POS] DPOFE: 2448
[POS] Cache cargado en 1915 ms
[POS] Refrescando cache DBF...
[POS] Cargando DBF...
[POS] MAPRE: 40640
[POS] DPOFE: 2448
[POS] Cache cargado en 1913 ms
[POS] Refrescando cache DBF...
[POS] Cargando DBF...
[POS] MAPRE: 40640
[POS] DPOFE: 2448
[POS] Cache cargado en 1920 ms
[POS] Refrescando cache DBF...
[POS] Cargando DBF...
[POS] MAPRE: 40640
[POS] DPOFE: 2448
[POS] Cache cargado en 1913 ms
[POS] Refrescando cache DBF...
[POS] Cargando DBF...
[POS] MAPRE: 40640
[POS] DPOFE: 2448
[POS] Cache cargado en 1892 ms
[POS] Refrescando cache DBF...
[POS] Cargando DBF...
[POS] MAPRE: 40640
[POS] DPOFE: 2448
[POS] Cache cargado en 1905 ms
[POS] Refrescando cache DBF...
[POS] Cargando DBF...
[POS] MAPRE: 40640
[POS] DPOFE: 2448
[POS] Cache cargado en 1933 ms
[POS] Refrescando cache DBF...
[POS] Cargando DBF...
[POS] MAPRE: 40640
[POS] DPOFE: 2448
[POS] Cache cargado en 1935 ms
[POS] Refrescando cache DBF...
[POS] Cargando DBF...
[POS] MAPRE: 40640
[POS] DPOFE: 2448
[POS] Cache cargado en 1891 ms
[POS] Refrescando cache DBF...
[POS] Cargando DBF...
[POS] MAPRE: 40640
[POS] DPOFE: 2448
[POS] Cache cargado en 1899 ms
[POS] Refrescando cache DBF...
[POS] Cargando DBF...
[POS] MAPRE: 40640
[POS] DPOFE: 2448
[POS] Cache cargado en 1917 ms
[POS] Refrescando cache DBF...
[POS] Cargando DBF...
[POS] MAPRE: 40640
[POS] DPOFE: 2448
[POS] Cache cargado en 1910 ms
[POS] Refrescando cache DBF...
[POS] Cargando DBF...
[POS] MAPRE: 40640
[POS] DPOFE: 2448
[POS] Cache cargado en 1905 ms
[POS] Refrescando cache DBF...
[POS] Cargando DBF...
[POS] MAPRE: 40640
[POS] DPOFE: 2448
[POS] Cache cargado en 1911 ms
[POS] Refrescando cache DBF...
[POS] Cargando DBF...
[POS] MAPRE: 40640
[POS] DPOFE: 2448
[POS] Cache cargado en 1889 ms
[POS] Refrescando cache DBF...
[POS] Cargando DBF...
[POS] MAPRE: 40640
[POS] DPOFE: 2448
[POS] Cache cargado en 1923 ms
[POS] Refrescando cache DBF...
[POS] Cargando DBF...
[POS] MAPRE: 40640
[POS] DPOFE: 2448
[POS] Cache cargado en 1905 ms
[POS] Refrescando cache DBF...
[POS] Cargando DBF...
[POS] MAPRE: 40640
[POS] DPOFE: 2448
[POS] Cache cargado en 1911 ms
[POS] Refrescando cache DBF...
[POS] Cargando DBF...
[POS] MAPRE: 40640
[POS] DPOFE: 2448
[POS] Cache cargado en 1916 ms
[POS] Refrescando cache DBF...
[POS] Cargando DBF...
[POS] MAPRE: 40640
[POS] DPOFE: 2448
[POS] Cache cargado en 1911 ms
[POS] Refrescando cache DBF...
[POS] Cargando DBF...
[POS] MAPRE: 40640
[POS] DPOFE: 2448
[POS] Cache cargado en 1916 ms
[POS] Refrescando cache DBF...
[POS] Cargando DBF...
[POS] MAPRE: 40640
[POS] DPOFE: 2448
[POS] Cache cargado en 1909 ms
[POS] Refrescando cache DBF...
[POS] Cargando DBF...
[POS] MAPRE: 40640
[POS] DPOFE: 2448
[POS] Cache cargado en 1888 ms
[POS] Refrescando cache DBF...
[POS] Cargando DBF...
[POS] MAPRE: 40640
[POS] DPOFE: 2448
[POS] Cache cargado en 1906 ms
[POS] Refrescando cache DBF...
[POS] Cargando DBF...
[POS] MAPRE: 40640
[POS] DPOFE: 2448
[POS] Cache cargado en 1919 ms
[POS] Refrescando cache DBF...
[POS] Cargando DBF...
[POS] MAPRE: 40640
[POS] DPOFE: 2448
[POS] Cache cargado en 1911 ms
[POS] Refrescando cache DBF...
[POS] Cargando DBF...
[POS] MAPRE: 40640
[POS] DPOFE: 2448
[POS] Cache cargado en 1910 ms
[POS] Refrescando cache DBF...
[POS] Cargando DBF...
[POS] MAPRE: 40640
[POS] DPOFE: 2448
[POS] Cache cargado en 1923 ms
[POS] Refrescando cache DBF...
[POS] Cargando DBF...
[POS] MAPRE: 40640
[POS] DPOFE: 2448
[POS] Cache cargado en 1909 ms
[POS] Refrescando cache DBF...
[POS] Cargando DBF...
[POS] MAPRE: 40640
[POS] DPOFE: 2448
[POS] Cache cargado en 1906 ms
[POS] Refrescando cache DBF...
[POS] Cargando DBF...
[POS] MAPRE: 40640
[POS] DPOFE: 2448
[POS] Cache cargado en 1907 ms
[POS] Refrescando cache DBF...
[POS] Cargando DBF...
[POS] MAPRE: 40640
[POS] DPOFE: 2448
[POS] Cache cargado en 1902 ms
[POS] Refrescando cache DBF...
[POS] Cargando DBF...
[POS] MAPRE: 40640
[POS] DPOFE: 2448
[POS] Cache cargado en 1910 ms
[POS] Refrescando cache DBF...
[POS] Cargando DBF...
[POS] MAPRE: 40640
[POS] DPOFE: 2448
[POS] Cache cargado en 1917 ms
[POS] Refrescando cache DBF...
[POS] Cargando DBF...
[POS] MAPRE: 40640
[POS] DPOFE: 2448
[POS] Cache cargado en 1920 ms
[POS] Refrescando cache DBF...
[POS] Cargando DBF...
[POS] MAPRE: 40640
[POS] DPOFE: 2448
[POS] Cache cargado en 1943 ms
[POS] Refrescando cache DBF...
[POS] Cargando DBF...
[POS] MAPRE: 40640
[POS] DPOFE: 2448
[POS] Cache cargado en 1925 ms
[POS] Refrescando cache DBF...
[POS] Cargando DBF...
[POS] MAPRE: 40640
[POS] DPOFE: 2448
[POS] Cache cargado en 1936 ms
[POS] Refrescando cache DBF...
[POS] Cargando DBF...
[POS] MAPRE: 40640
[POS] DPOFE: 2448
[POS] Cache cargado en 1914 ms
[POS] Refrescando cache DBF...
[POS] Cargando DBF...
[POS] MAPRE: 40640
[POS] DPOFE: 2448
[POS] Cache cargado en 1905 ms
[POS] Refrescando cache DBF...
[POS] Cargando DBF...
[POS] MAPRE: 40640
[POS] DPOFE: 2448
[POS] Cache cargado en 1910 ms
[POS] Refrescando cache DBF...
[POS] Cargando DBF...
[POS] MAPRE: 40640
[POS] DPOFE: 2448
[POS] Cache cargado en 1918 ms
[POS] Refrescando cache DBF...
[POS] Cargando DBF...
[POS] MAPRE: 40640
[POS] DPOFE: 2448
[POS] Cache cargado en 1899 ms
[POS] Refrescando cache DBF...
[POS] Cargando DBF...
[POS] MAPRE: 40640
[POS] DPOFE: 2448
[POS] Cache cargado en 1900 ms
[POS] Refrescando cache DBF...
[POS] Cargando DBF...
[POS] MAPRE: 40640
[POS] DPOFE: 2448
[POS] Cache cargado en 1897 ms
[POS] Refrescando cache DBF...
[POS] Cargando DBF...
[POS] MAPRE: 40640
[POS] DPOFE: 2448
[POS] Cache cargado en 1923 ms
[POS] Refrescando cache DBF...
[POS] Cargando DBF...
[POS] MAPRE: 40640
[POS] DPOFE: 2448
[POS] Cache cargado en 1912 ms
[POS] Refrescando cache DBF...
[POS] Cargando DBF...
[POS] MAPRE: 40640
[POS] DPOFE: 2448
[POS] Cache cargado en 1904 ms
[POS] Refrescando cache DBF...
[POS] Cargando DBF...
[POS] MAPRE: 40640
[POS] DPOFE: 2448
[POS] Cache cargado en 1908 ms
[POS] Refrescando cache DBF...
[POS] Cargando DBF...
[POS] MAPRE: 40640
[POS] DPOFE: 2448
[POS] Cache cargado en 1899 ms
[POS] Refrescando cache DBF...
[POS] Cargando DBF...
[POS] MAPRE: 40640
[POS] DPOFE: 2448
[POS] Cache cargado en 1915 ms
[POS] Refrescando cache DBF...
[POS] Cargando DBF...
[POS] MAPRE: 40640
[POS] DPOFE: 2448
[POS] Cache cargado en 1922 ms
[POS] Refrescando cache DBF...
[POS] Cargando DBF...
[POS] MAPRE: 40640
[POS] DPOFE: 2448
[POS] Cache cargado en 1916 ms
[POS] Refrescando cache DBF...
[POS] Cargando DBF...
[POS] MAPRE: 40640
[POS] DPOFE: 2448
[POS] Cache cargado en 1911 ms
[POS] Refrescando cache DBF...
[POS] Cargando DBF...
[POS] MAPRE: 40640
[POS] DPOFE: 2448
[POS] Cache cargado en 1919 ms
[POS] Refrescando cache DBF...
[POS] Cargando DBF...
[POS] MAPRE: 40640
[POS] DPOFE: 2448
[POS] Cache cargado en 1921 ms
[POS] Refrescando cache DBF...
[POS] Cargando DBF...
[POS] MAPRE: 40640
[POS] DPOFE: 2448
[POS] Cache cargado en 1927 ms
[POS] Refrescando cache DBF...
[POS] Cargando DBF...
[POS] MAPRE: 40640
[POS] DPOFE: 2448
[POS] Cache cargado en 1913 ms
[POS] Refrescando cache DBF...
[POS] Cargando DBF...
[POS] MAPRE: 40640
[POS] DPOFE: 2448
[POS] Cache cargado en 1912 ms
[POS] Refrescando cache DBF...
[POS] Cargando DBF...
[POS] MAPRE: 40640
[POS] DPOFE: 2448
[POS] Cache cargado en 1906 ms
[POS] Refrescando cache DBF...
[POS] Cargando DBF...
[POS] MAPRE: 40640
[POS] DPOFE: 2448
[POS] Cache cargado en 1919 ms
[POS] Refrescando cache DBF...
[POS] Cargando DBF...
[POS] MAPRE: 40640
[POS] DPOFE: 2448
[POS] Cache cargado en 1909 ms
[POS] Refrescando cache DBF...
[POS] Cargando DBF...
[POS] MAPRE: 40640
[POS] DPOFE: 2448
[POS] Cache cargado en 1909 ms
[POS] Refrescando cache DBF...
[POS] Cargando DBF...
[POS] MAPRE: 40640
[POS] DPOFE: 2448
[POS] Cache cargado en 1905 ms
[POS] Refrescando cache DBF...
[POS] Cargando DBF...
[POS] MAPRE: 40640
[POS] DPOFE: 2448
[POS] Cache cargado en 1912 ms
[POS] Refrescando cache DBF...
[POS] Cargando DBF...
[POS] MAPRE: 40640
[POS] DPOFE: 2448
[POS] Cache cargado en 1894 ms
[POS] Refrescando cache DBF...
[POS] Cargando DBF...
[POS] MAPRE: 40640
[POS] DPOFE: 2448
[POS] Cache cargado en 1911 ms
[POS] Refrescando cache DBF...
[POS] Cargando DBF...
[POS] MAPRE: 40640
[POS] DPOFE: 2448
[POS] Cache cargado en 1909 ms
[POS] Refrescando cache DBF...
[POS] Cargando DBF...
[POS] MAPRE: 40640
[POS] DPOFE: 2448
[POS] Cache cargado en 1909 ms
[POS] Refrescando cache DBF...
[POS] Cargando DBF...
[POS] MAPRE: 40640
[POS] DPOFE: 2448
[POS] Cache cargado en 1908 ms
[POS] Refrescando cache DBF...
[POS] Cargando DBF...
[POS] MAPRE: 40640
[POS] DPOFE: 2448
[POS] Cache cargado en 1910 ms
[POS] Refrescando cache DBF...
[POS] Cargando DBF...
[POS] MAPRE: 40640
[POS] DPOFE: 2448
[POS] Cache cargado en 1917 ms
[POS] Refrescando cache DBF...
[POS] Cargando DBF...
[POS] MAPRE: 40640
[POS] DPOFE: 2448
[POS] Cache cargado en 1900 ms
[POS] Refrescando cache DBF...
[POS] Cargando DBF...
[POS] MAPRE: 40640
[POS] DPOFE: 2448
[POS] Cache cargado en 1901 ms
[POS] Refrescando cache DBF...
[POS] Cargando DBF...
[POS] MAPRE: 40640
[POS] DPOFE: 2448
[POS] Cache cargado en 1919 ms
[POS] Refrescando cache DBF...
[POS] Cargando DBF...
[POS] MAPRE: 40640
[POS] DPOFE: 2448
[POS] Cache cargado en 1906 ms
[POS] Refrescando cache DBF...
[POS] Cargando DBF...
[POS] MAPRE: 40640
[POS] DPOFE: 2448
[POS] Cache cargado en 1900 ms
[POS] Refrescando cache DBF...
[POS] Cargando DBF...
[POS] MAPRE: 40640
[POS] DPOFE: 2448
[POS] Cache cargado en 1916 ms
[POS] Refrescando cache DBF...
[POS] Cargando DBF...
[POS] MAPRE: 40640
[POS] DPOFE: 2448
[POS] Cache cargado en 1931 ms
[POS] Refrescando cache DBF...
[POS] Cargando DBF...
[POS] MAPRE: 40640
[POS] DPOFE: 2448
[POS] Cache cargado en 1907 ms
[POS] Refrescando cache DBF...
[POS] Cargando DBF...
[POS] MAPRE: 40640
[POS] DPOFE: 2448
[POS] Cache cargado en 1917 ms
[POS] Refrescando cache DBF...
[POS] Cargando DBF...
[POS] MAPRE: 40640
[POS] DPOFE: 2448
[POS] Cache cargado en 1901 ms
[POS] Refrescando cache DBF...
[POS] Cargando DBF...
[POS] MAPRE: 40640
[POS] DPOFE: 2448
[POS] Cache cargado en 1890 ms
[POS] Refrescando cache DBF...
[POS] Cargando DBF...
[POS] MAPRE: 40640
[POS] DPOFE: 2448
[POS] Cache cargado en 1911 ms
[POS] Refrescando cache DBF...
[POS] Cargando DBF...
[POS] MAPRE: 40640
[POS] DPOFE: 2448
[POS] Cache cargado en 1912 ms
[POS] Refrescando cache DBF...
[POS] Cargando DBF...
[POS] MAPRE: 40640
[POS] DPOFE: 2448
[POS] Cache cargado en 1915 ms
[POS] Refrescando cache DBF...
[POS] Cargando DBF...
[POS] MAPRE: 40640
[POS] DPOFE: 2448
[POS] Cache cargado en 1918 ms
[POS] Refrescando cache DBF...
[POS] Cargando DBF...
[POS] MAPRE: 40640
[POS] DPOFE: 2448
[POS] Cache cargado en 1913 ms
[POS] Refrescando cache DBF...
[POS] Cargando DBF...
[POS] MAPRE: 40640
[POS] DPOFE: 2448
[POS] Cache cargado en 1927 ms
[POS] Refrescando cache DBF...
[POS] Cargando DBF...
[POS] MAPRE: 40640
[POS] DPOFE: 2448
[POS] Cache cargado en 1907 ms
[POS] Refrescando cache DBF...
[POS] Cargando DBF...
[POS] MAPRE: 40640
[POS] DPOFE: 2448
[POS] Cache cargado en 1914 ms
[POS] Refrescando cache DBF...
[POS] Cargando DBF...
[POS] MAPRE: 40640
[POS] DPOFE: 2448
[POS] Cache cargado en 1905 ms
[POS] Refrescando cache DBF...
[POS] Cargando DBF...
[POS] MAPRE: 40640
[POS] DPOFE: 2448
[POS] Cache cargado en 1903 ms
[POS] Refrescando cache DBF...
[POS] Cargando DBF...
[POS] MAPRE: 40640
[POS] DPOFE: 2448
[POS] Cache cargado en 1896 ms
[POS] Refrescando cache DBF...
[POS] Cargando DBF...
[POS] MAPRE: 40640
[POS] DPOFE: 2448
[POS] Cache cargado en 1921 ms
[POS] Refrescando cache DBF...
[POS] Cargando DBF...
[POS] MAPRE: 40640
[POS] DPOFE: 2448
[POS] Cache cargado en 1916 ms
[POS] Refrescando cache DBF...
[POS] Cargando DBF...
[POS] MAPRE: 40640
[POS] DPOFE: 2448
[POS] Cache cargado en 1900 ms
[POS] Refrescando cache DBF...
[POS] Cargando DBF...
[POS] MAPRE: 40640
[POS] DPOFE: 2448
[POS] Cache cargado en 1906 ms
[POS] Refrescando cache DBF...
[POS] Cargando DBF...
[POS] MAPRE: 40640
[POS] DPOFE: 2448
[POS] Cache cargado en 1914 ms
[POS] Refrescando cache DBF...
[POS] Cargando DBF...
[POS] MAPRE: 40640
[POS] DPOFE: 2448
[POS] Cache cargado en 1903 ms
[POS] Refrescando cache DBF...
[POS] Cargando DBF...
[POS] MAPRE: 40640
[POS] DPOFE: 2448
[POS] Cache cargado en 1923 ms
[POS] Refrescando cache DBF...
[POS] Cargando DBF...
[POS] MAPRE: 40640
[POS] DPOFE: 2448
[POS] Cache cargado en 1899 ms
[POS] Refrescando cache DBF...
[POS] Cargando DBF...
[POS] MAPRE: 40640
[POS] DPOFE: 2448
[POS] Cache cargado en 1913 ms
[POS] Refrescando cache DBF...
[POS] Cargando DBF...
[POS] MAPRE: 40640
[POS] DPOFE: 2448
[POS] Cache cargado en 1900 ms
[POS] Refrescando cache DBF...
[POS] Cargando DBF...
[POS] MAPRE: 40640
[POS] DPOFE: 2448
[POS] Cache cargado en 1913 ms
[POS] Refrescando cache DBF...
[POS] Cargando DBF...
[POS] MAPRE: 40640
[POS] DPOFE: 2448
[POS] Cache cargado en 1904 ms
[POS] Refrescando cache DBF...
[POS] Cargando DBF...
[POS] MAPRE: 40640
[POS] DPOFE: 2448
[POS] Cache cargado en 1914 ms
[POS] Refrescando cache DBF...
[POS] Cargando DBF...
[POS] MAPRE: 40640
[POS] DPOFE: 2448
[POS] Cache cargado en 1913 ms
[POS] Refrescando cache DBF...
[POS] Cargando DBF...
[POS] MAPRE: 40640
[POS] DPOFE: 2448
[POS] Cache cargado en 1919 ms
[POS] Refrescando cache DBF...
[POS] Cargando DBF...
[POS] MAPRE: 40640
[POS] DPOFE: 2448
[POS] Cache cargado en 1890 ms
[POS] Refrescando cache DBF...
[POS] Cargando DBF...
[POS] MAPRE: 40640
[POS] DPOFE: 2448
[POS] Cache cargado en 1917 ms
[POS] Refrescando cache DBF...
[POS] Cargando DBF...
[POS] MAPRE: 40640
[POS] DPOFE: 2448
[POS] Cache cargado en 1908 ms
[POS] Refrescando cache DBF...
[POS] Cargando DBF...
[POS] MAPRE: 40640
[POS] DPOFE: 2448
[POS] Cache cargado en 1914 ms
[POS] Refrescando cache DBF...
[POS] Cargando DBF...
[POS] MAPRE: 40640
[POS] DPOFE: 2448
[POS] Cache cargado en 1912 ms
[POS] Refrescando cache DBF...
[POS] Cargando DBF...
[POS] MAPRE: 40640
[POS] DPOFE: 2448
[POS] Cache cargado en 1898 ms
[POS] Refrescando cache DBF...
[POS] Cargando DBF...
[POS] MAPRE: 40640
[POS] DPOFE: 2448
[POS] Cache cargado en 1896 ms
[POS] Refrescando cache DBF...
[POS] Cargando DBF...
[POS] MAPRE: 40640
[POS] DPOFE: 2448
[POS] Cache cargado en 1925 ms
[POS] Refrescando cache DBF...
[POS] Cargando DBF...
[POS] MAPRE: 40640
[POS] DPOFE: 2448
[POS] Cache cargado en 1904 ms
[POS] Refrescando cache DBF...
[POS] Cargando DBF...
[POS] MAPRE: 40640
[POS] DPOFE: 2448
[POS] Cache cargado en 1905 ms
[POS] Refrescando cache DBF...
[POS] Cargando DBF...
[POS] MAPRE: 40640
[POS] DPOFE: 2448
[POS] Cache cargado en 1934 ms
[POS] Refrescando cache DBF...
[POS] Cargando DBF...
[POS] MAPRE: 40640
[POS] DPOFE: 2448
[POS] Cache cargado en 1916 ms
[POS] Refrescando cache DBF...
[POS] Cargando DBF...
[POS] MAPRE: 40640
[POS] DPOFE: 2448
[POS] Cache cargado en 1900 ms
[POS] Refrescando cache DBF...
[POS] Cargando DBF...
[POS] MAPRE: 40640
[POS] DPOFE: 2448
[POS] Cache cargado en 1930 ms
[POS] Refrescando cache DBF...
[POS] Cargando DBF...
[POS] MAPRE: 40640
[POS] DPOFE: 2448
[POS] Cache cargado en 1911 ms
[POS] Refrescando cache DBF...
[POS] Cargando DBF...
[POS] MAPRE: 40640
[POS] DPOFE: 2448
[POS] Cache cargado en 1900 ms
[POS] Refrescando cache DBF...
[POS] Cargando DBF...
[POS] MAPRE: 40640
[POS] DPOFE: 2448
[POS] Cache cargado en 1912 ms
[POS] Refrescando cache DBF...
[POS] Cargando DBF...
[POS] MAPRE: 40640
[POS] DPOFE: 2448
[POS] Cache cargado en 1925 ms
[POS] Refrescando cache DBF...
[POS] Cargando DBF...
[POS] MAPRE: 40640
[POS] DPOFE: 2448
[POS] Cache cargado en 1902 ms
[POS] Refrescando cache DBF...
[POS] Cargando DBF...
[POS] MAPRE: 40640
[POS] DPOFE: 2448
[POS] Cache cargado en 1908 ms
[POS] Refrescando cache DBF...
[POS] Cargando DBF...
[POS] MAPRE: 40640
[POS] DPOFE: 2448
[POS] Cache cargado en 1907 ms
[POS] Refrescando cache DBF...
[POS] Cargando DBF...
[POS] MAPRE: 40640
[POS] DPOFE: 2448
[POS] Cache cargado en 1918 ms
[POS] Refrescando cache DBF...
[POS] Cargando DBF...
[POS] MAPRE: 40640
[POS] DPOFE: 2448
[POS] Cache cargado en 1915 ms
[POS] Refrescando cache DBF...
[POS] Cargando DBF...
[POS] MAPRE: 40640
[POS] DPOFE: 2448
[POS] Cache cargado en 1903 ms
[POS] Refrescando cache DBF...
[POS] Cargando DBF...
[POS] MAPRE: 40640
[POS] DPOFE: 2448
[POS] Cache cargado en 1900 ms
[POS] Refrescando cache DBF...
[POS] Cargando DBF...
[POS] MAPRE: 40640
[POS] DPOFE: 2448
[POS] Cache cargado en 1916 ms
[POS] Refrescando cache DBF...
[POS] Cargando DBF...
[POS] MAPRE: 40640
[POS] DPOFE: 2448
[POS] Cache cargado en 1897 ms
[POS] Refrescando cache DBF...
[POS] Cargando DBF...
[POS] MAPRE: 40640
[POS] DPOFE: 2448
[POS] Cache cargado en 1916 ms
[POS] Refrescando cache DBF...
[POS] Cargando DBF...
[POS] MAPRE: 40640
[POS] DPOFE: 2448
[POS] Cache cargado en 1922 ms
[POS] Refrescando cache DBF...
[POS] Cargando DBF...
[POS] MAPRE: 40640
[POS] DPOFE: 2448
[POS] Cache cargado en 1912 ms
[POS] Refrescando cache DBF...
[POS] Cargando DBF...
[POS] MAPRE: 40640
[POS] DPOFE: 2448
[POS] Cache cargado en 1908 ms
[POS] Refrescando cache DBF...
[POS] Cargando DBF...
[POS] MAPRE: 40640
[POS] DPOFE: 2448
[POS] Cache cargado en 1918 ms
[POS] Refrescando cache DBF...
[POS] Cargando DBF...
[POS] MAPRE: 40640
[POS] DPOFE: 2448
[POS] Cache cargado en 1903 ms
[POS] Refrescando cache DBF...
[POS] Cargando DBF...
[POS] MAPRE: 40640
[POS] DPOFE: 2448
[POS] Cache cargado en 1909 ms
[POS] Refrescando cache DBF...
[POS] Cargando DBF...
[POS] MAPRE: 40640
[POS] DPOFE: 2448
[POS] Cache cargado en 1920 ms
[POS] Refrescando cache DBF...
[POS] Cargando DBF...
[POS] MAPRE: 40640
[POS] DPOFE: 2448
[POS] Cache cargado en 1900 ms
[POS] Refrescando cache DBF...
[POS] Cargando DBF...
[POS] MAPRE: 40640
[POS] DPOFE: 2448
[POS] Cache cargado en 1907 ms
[POS] Refrescando cache DBF...
[POS] Cargando DBF...
[POS] MAPRE: 40640
[POS] DPOFE: 2448
[POS] Cache cargado en 1900 ms
[POS] Refrescando cache DBF...
[POS] Cargando DBF...
[POS] MAPRE: 40640
[POS] DPOFE: 2448
[POS] Cache cargado en 1905 ms
[POS] Refrescando cache DBF...
[POS] Cargando DBF...
[POS] MAPRE: 40640
[POS] DPOFE: 2448
[POS] Cache cargado en 1899 ms
[POS] Refrescando cache DBF...
[POS] Cargando DBF...
[POS] MAPRE: 40640
[POS] DPOFE: 2448
[POS] Cache cargado en 1908 ms
[POS] Refrescando cache DBF...
[POS] Cargando DBF...
[POS] MAPRE: 40640
[POS] DPOFE: 2448
[POS] Cache cargado en 1919 ms
[POS] Refrescando cache DBF...
[POS] Cargando DBF...
[POS] MAPRE: 40640
[POS] DPOFE: 2448
[POS] Cache cargado en 1922 ms
[POS] Refrescando cache DBF...
[POS] Cargando DBF...
[POS] MAPRE: 40640
[POS] DPOFE: 2448
[POS] Cache cargado en 1905 ms
[POS] Refrescando cache DBF...
[POS] Cargando DBF...
[POS] MAPRE: 40640
[POS] DPOFE: 2448
[POS] Cache cargado en 1891 ms
[POS] Refrescando cache DBF...
[POS] Cargando DBF...
[POS] MAPRE: 40640
[POS] DPOFE: 2448
[POS] Cache cargado en 1894 ms
[POS] Refrescando cache DBF...
[POS] Cargando DBF...
[POS] MAPRE: 40640
[POS] DPOFE: 2448
[POS] Cache cargado en 1907 ms
[POS] Refrescando cache DBF...
[POS] Cargando DBF...
[POS] MAPRE: 40640
[POS] DPOFE: 2448
[POS] Cache cargado en 1922 ms
[POS] Refrescando cache DBF...
[POS] Cargando DBF...
[POS] MAPRE: 40640
[POS] DPOFE: 2448
[POS] Cache cargado en 1901 ms
[POS] Refrescando cache DBF...
[POS] Cargando DBF...
[POS] MAPRE: 40640
[POS] DPOFE: 2448
[POS] Cache cargado en 1918 ms
[POS] Refrescando cache DBF...
[POS] Cargando DBF...
[POS] MAPRE: 40640
[POS] DPOFE: 2448
[POS] Cache cargado en 1915 ms
[POS] Refrescando cache DBF...
[POS] Cargando DBF...
[POS] MAPRE: 40640
[POS] DPOFE: 2448
[POS] Cache cargado en 1906 ms
[POS] Refrescando cache DBF...
[POS] Cargando DBF...
[POS] MAPRE: 40640
[POS] DPOFE: 2448
[POS] Cache cargado en 1911 ms
[POS] Refrescando cache DBF...
[POS] Cargando DBF...
[POS] MAPRE: 40640
[POS] DPOFE: 2448
[POS] Cache cargado en 1903 ms
[POS] Refrescando cache DBF...
[POS] Cargando DBF...
[POS] MAPRE: 40640
[POS] DPOFE: 2448
[POS] Cache cargado en 1910 ms
[POS] Refrescando cache DBF...
[POS] Cargando DBF...
[POS] MAPRE: 40640
[POS] DPOFE: 2448
[POS] Cache cargado en 1912 ms
[POS] Refrescando cache DBF...
[POS] Cargando DBF...
[POS] MAPRE: 40640
[POS] DPOFE: 2448
[POS] Cache cargado en 1917 ms
[POS] Refrescando cache DBF...
[POS] Cargando DBF...
[POS] MAPRE: 40640
[POS] DPOFE: 2448
[POS] Cache cargado en 1905 ms
[POS] Refrescando cache DBF...
[POS] Cargando DBF...
[POS] MAPRE: 40640
[POS] DPOFE: 2448
[POS] Cache cargado en 1919 ms
[POS] Refrescando cache DBF...
[POS] Cargando DBF...
[POS] MAPRE: 40640
[POS] DPOFE: 2448
[POS] Cache cargado en 1923 ms
[POS] Refrescando cache DBF...
[POS] Cargando DBF...
[POS] MAPRE: 40640
[POS] DPOFE: 2448
[POS] Cache cargado en 1893 ms
[POS] Refrescando cache DBF...
[POS] Cargando DBF...
[POS] MAPRE: 40640
[POS] DPOFE: 2448
[POS] Cache cargado en 1917 ms
[POS] Refrescando cache DBF...
[POS] Cargando DBF...
[POS] MAPRE: 40640
[POS] DPOFE: 2448
[POS] Cache cargado en 1903 ms
[POS] Refrescando cache DBF...
[POS] Cargando DBF...
[POS] MAPRE: 40640
[POS] DPOFE: 2448
[POS] Cache cargado en 1918 ms
[POS] Refrescando cache DBF...
[POS] Cargando DBF...
[POS] MAPRE: 40640
[POS] DPOFE: 2448
[POS] Cache cargado en 1900 ms
[POS] Refrescando cache DBF...
[POS] Cargando DBF...
[POS] MAPRE: 40640
[POS] DPOFE: 2448
[POS] Cache cargado en 1918 ms
[POS] Refrescando cache DBF...
[POS] Cargando DBF...
[POS] MAPRE: 40640
[POS] DPOFE: 2448
[POS] Cache cargado en 1922 ms
[POS] Refrescando cache DBF...
[POS] Cargando DBF...
[POS] MAPRE: 40640
[POS] DPOFE: 2448
[POS] Cache cargado en 1919 ms
[POS] Refrescando cache DBF...
[POS] Cargando DBF...
[POS] MAPRE: 40640
[POS] DPOFE: 2448
[POS] Cache cargado en 1918 ms
[POS] Refrescando cache DBF...
[POS] Cargando DBF...
[POS] MAPRE: 40640
[POS] DPOFE: 2448
[POS] Cache cargado en 1926 ms
[POS] Refrescando cache DBF...
[POS] Cargando DBF...
[POS] MAPRE: 40640
[POS] DPOFE: 2448
[POS] Cache cargado en 1908 ms
[POS] Refrescando cache DBF...
[POS] Cargando DBF...
[POS] MAPRE: 40640
[POS] DPOFE: 2448
[POS] Cache cargado en 1908 ms
[POS] Refrescando cache DBF...
[POS] Cargando DBF...
[POS] MAPRE: 40640
[POS] DPOFE: 2448
[POS] Cache cargado en 1896 ms
[POS] Refrescando cache DBF...
[POS] Cargando DBF...
[POS] MAPRE: 40640
[POS] DPOFE: 2448
[POS] Cache cargado en 1920 ms
[POS] Refrescando cache DBF...
[POS] Cargando DBF...
[POS] MAPRE: 40640
[POS] DPOFE: 2448
[POS] Cache cargado en 1914 ms
[POS] Refrescando cache DBF...
[POS] Cargando DBF...
[POS] MAPRE: 40640
[POS] DPOFE: 2448
[POS] Cache cargado en 1912 ms
[POS] Refrescando cache DBF...
[POS] Cargando DBF...
[POS] MAPRE: 40640
[POS] DPOFE: 2448
[POS] Cache cargado en 1917 ms
[POS] Refrescando cache DBF...
[POS] Cargando DBF...
[POS] MAPRE: 40640
[POS] DPOFE: 2448
[POS] Cache cargado en 1911 ms
[POS] Refrescando cache DBF...
[POS] Cargando DBF...
[POS] MAPRE: 40640
[POS] DPOFE: 2448
[POS] Cache cargado en 1910 ms
[POS] Refrescando cache DBF...
[POS] Cargando DBF...
[POS] MAPRE: 40640
[POS] DPOFE: 2448
[POS] Cache cargado en 1904 ms
[POS] Refrescando cache DBF...
[POS] Cargando DBF...
[POS] MAPRE: 40640
[POS] DPOFE: 2448
[POS] Cache cargado en 1913 ms
[POS] Refrescando cache DBF...
[POS] Cargando DBF...
[POS] MAPRE: 40640
[POS] DPOFE: 2448
[POS] Cache cargado en 1898 ms
[POS] Refrescando cache DBF...
[POS] Cargando DBF...
[POS] MAPRE: 40640
[POS] DPOFE: 2448
[POS] Cache cargado en 1929 ms
[POS] Refrescando cache DBF...
[POS] Cargando DBF...
[POS] MAPRE: 40640
[POS] DPOFE: 2448
[POS] Cache cargado en 1906 ms
[POS] Refrescando cache DBF...
[POS] Cargando DBF...
[POS] MAPRE: 40640
[POS] DPOFE: 2448
[POS] Cache cargado en 1898 ms
[POS] Refrescando cache DBF...
[POS] Cargando DBF...
[POS] MAPRE: 40640
[POS] DPOFE: 2448
[POS] Cache cargado en 1893 ms
[POS] Refrescando cache DBF...
[POS] Cargando DBF...
[POS] MAPRE: 40640
[POS] DPOFE: 2448
[POS] Cache cargado en 1905 ms
[POS] Refrescando cache DBF...
[POS] Cargando DBF...
[POS] MAPRE: 40640
[POS] DPOFE: 2448
[POS] Cache cargado en 1940 ms
[POS] Refrescando cache DBF...
[POS] Cargando DBF...
[POS] MAPRE: 40640
[POS] DPOFE: 2448
[POS] Cache cargado en 1911 ms
[POS] Refrescando cache DBF...
[POS] Cargando DBF...
[POS] MAPRE: 40640
[POS] DPOFE: 2448
[POS] Cache cargado en 1917 ms
[POS] Refrescando cache DBF...
[POS] Cargando DBF...
[POS] MAPRE: 40640
[POS] DPOFE: 2448
[POS] Cache cargado en 1893 ms
[POS] Refrescando cache DBF...
[POS] Cargando DBF...
[POS] MAPRE: 40640
[POS] DPOFE: 2448
[POS] Cache cargado en 1906 ms
[POS] Refrescando cache DBF...
[POS] Cargando DBF...
[POS] MAPRE: 40640
[POS] DPOFE: 2448
[POS] Cache cargado en 1909 ms
[POS] Refrescando cache DBF...
[POS] Cargando DBF...
[POS] MAPRE: 40640
[POS] DPOFE: 2448
[POS] Cache cargado en 1918 ms
[POS] Refrescando cache DBF...
[POS] Cargando DBF...
[POS] MAPRE: 40640
[POS] DPOFE: 2448
[POS] Cache cargado en 1912 ms
[POS] Refrescando cache DBF...
[POS] Cargando DBF...
[POS] MAPRE: 40640
[POS] DPOFE: 2448
[POS] Cache cargado en 1891 ms
[POS] Refrescando cache DBF...
[POS] Cargando DBF...
[POS] MAPRE: 40640
[POS] DPOFE: 2448
[POS] Cache cargado en 1913 ms
[POS] Refrescando cache DBF...
[POS] Cargando DBF...
[POS] MAPRE: 40640
[POS] DPOFE: 2448
[POS] Cache cargado en 1922 ms
[POS] Refrescando cache DBF...
[POS] Cargando DBF...
[POS] MAPRE: 40640
[POS] DPOFE: 2448
[POS] Cache cargado en 1908 ms
[POS] Refrescando cache DBF...
[POS] Cargando DBF...
[POS] MAPRE: 40640
[POS] DPOFE: 2448
[POS] Cache cargado en 1904 ms
[POS] Refrescando cache DBF...
[POS] Cargando DBF...
[POS] MAPRE: 40640
[POS] DPOFE: 2448
[POS] Cache cargado en 1899 ms
[POS] Refrescando cache DBF...
[POS] Cargando DBF...
[POS] MAPRE: 40640
[POS] DPOFE: 2448
[POS] Cache cargado en 1928 ms
[POS] Refrescando cache DBF...
[POS] Cargando DBF...
[POS] MAPRE: 40640
[POS] DPOFE: 2448
[POS] Cache cargado en 1914 ms
[POS] Refrescando cache DBF...
[POS] Cargando DBF...
[POS] MAPRE: 40640
[POS] DPOFE: 2448
[POS] Cache cargado en 1913 ms
[POS] Refrescando cache DBF...
[POS] Cargando DBF...
[POS] MAPRE: 40640
[POS] DPOFE: 2448
[POS] Cache cargado en 1896 ms
[POS] Refrescando cache DBF...
[POS] Cargando DBF...
[POS] MAPRE: 40640
[POS] DPOFE: 2448
[POS] Cache cargado en 1913 ms
[POS] Refrescando cache DBF...
[POS] Cargando DBF...
[POS] MAPRE: 40640
[POS] DPOFE: 2448
[POS] Cache cargado en 1898 ms
[POS] Refrescando cache DBF...
[POS] Cargando DBF...
[POS] MAPRE: 40640
[POS] DPOFE: 2448
[POS] Cache cargado en 1914 ms
[POS] Refrescando cache DBF...
[POS] Cargando DBF...
[POS] MAPRE: 40640
[POS] DPOFE: 2448
[POS] Cache cargado en 1911 ms
[POS] Refrescando cache DBF...
[POS] Cargando DBF...
[POS] MAPRE: 40640
[POS] DPOFE: 2448
[POS] Cache cargado en 1887 ms
[POS] Refrescando cache DBF...
[POS] Cargando DBF...
[POS] MAPRE: 40640
[POS] DPOFE: 2448
[POS] Cache cargado en 1917 ms
[POS] Refrescando cache DBF...
[POS] Cargando DBF...
[POS] MAPRE: 40640
[POS] DPOFE: 2448
[POS] Cache cargado en 1909 ms
[POS] Refrescando cache DBF...
[POS] Cargando DBF...
[POS] MAPRE: 40640
[POS] DPOFE: 2448
[POS] Cache cargado en 1910 ms
[POS] Refrescando cache DBF...
[POS] Cargando DBF...
[POS] MAPRE: 40640
[POS] DPOFE: 2448
[POS] Cache cargado en 1918 ms
[POS] Refrescando cache DBF...
[POS] Cargando DBF...
[POS] MAPRE: 40640
[POS] DPOFE: 2448
[POS] Cache cargado en 1905 ms
[POS] Refrescando cache DBF...
[POS] Cargando DBF...
[POS] MAPRE: 40640
[POS] DPOFE: 2448
[POS] Cache cargado en 1911 ms
[POS] Refrescando cache DBF...
[POS] Cargando DBF...
[POS] MAPRE: 40640
[POS] DPOFE: 2448
[POS] Cache cargado en 1911 ms
[POS] Refrescando cache DBF...
[POS] Cargando DBF...
[POS] MAPRE: 40640
[POS] DPOFE: 2448
[POS] Cache cargado en 1931 ms
[POS] Refrescando cache DBF...
[POS] Cargando DBF...
[POS] MAPRE: 40640
[POS] DPOFE: 2448
[POS] Cache cargado en 1913 ms
[POS] Refrescando cache DBF...
[POS] Cargando DBF...
[POS] MAPRE: 40640
[POS] DPOFE: 2448
[POS] Cache cargado en 1921 ms
[POS] Refrescando cache DBF...
[POS] Cargando DBF...
[POS] MAPRE: 40640
[POS] DPOFE: 2448
[POS] Cache cargado en 1897 ms
[POS] Refrescando cache DBF...
[POS] Cargando DBF...
[POS] MAPRE: 40640
[POS] DPOFE: 2448
[POS] Cache cargado en 1913 ms
[POS] Refrescando cache DBF...
[POS] Cargando DBF...
[POS] MAPRE: 40640
[POS] DPOFE: 2448
[POS] Cache cargado en 1911 ms
[POS] Refrescando cache DBF...
[POS] Cargando DBF...
[POS] MAPRE: 40640
[POS] DPOFE: 2448
[POS] Cache cargado en 1919 ms
[POS] Refrescando cache DBF...
[POS] Cargando DBF...
[POS] MAPRE: 40640
[POS] DPOFE: 2448
[POS] Cache cargado en 1919 ms
[POS] Refrescando cache DBF...
[POS] Cargando DBF...
[POS] MAPRE: 40640
[POS] DPOFE: 2448
[POS] Cache cargado en 1912 ms
[POS] Refrescando cache DBF...
[POS] Cargando DBF...
[POS] MAPRE: 40640
[POS] DPOFE: 2448
[POS] Cache cargado en 1899 ms
[POS] Refrescando cache DBF...
[POS] Cargando DBF...
[POS] MAPRE: 40640
[POS] DPOFE: 2448
[POS] Cache cargado en 1907 ms
[POS] Refrescando cache DBF...
[POS] Cargando DBF...
[POS] MAPRE: 40640
[POS] DPOFE: 2448
[POS] Cache cargado en 1897 ms
[POS] Refrescando cache DBF...
[POS] Cargando DBF...
[POS] MAPRE: 40640
[POS] DPOFE: 2448
[POS] Cache cargado en 1897 ms
[POS] Refrescando cache DBF...
[POS] Cargando DBF...
[POS] MAPRE: 40640
[POS] DPOFE: 2448
[POS] Cache cargado en 1899 ms
[POS] Refrescando cache DBF...
[POS] Cargando DBF...
[POS] MAPRE: 40640
[POS] DPOFE: 2448
[POS] Cache cargado en 1903 ms
[POS] Refrescando cache DBF...
[POS] Cargando DBF...
[POS] MAPRE: 40640
[POS] DPOFE: 2448
[POS] Cache cargado en 1902 ms
[POS] Refrescando cache DBF...
[POS] Cargando DBF...
[POS] MAPRE: 40640
[POS] DPOFE: 2448
[POS] Cache cargado en 1915 ms
[POS] Refrescando cache DBF...
[POS] Cargando DBF...
[POS] MAPRE: 40640
[POS] DPOFE: 2448
[POS] Cache cargado en 1916 ms
[POS] Refrescando cache DBF...
[POS] Cargando DBF...
[POS] MAPRE: 40640
[POS] DPOFE: 2448
[POS] Cache cargado en 1889 ms
[POS] Refrescando cache DBF...
[POS] Cargando DBF...
[POS] MAPRE: 40640
[POS] DPOFE: 2448
[POS] Cache cargado en 1903 ms
[POS] Refrescando cache DBF...
[POS] Cargando DBF...
[POS] MAPRE: 40640
[POS] DPOFE: 2448
[POS] Cache cargado en 1914 ms
[POS] Refrescando cache DBF...
[POS] Cargando DBF...
[POS] MAPRE: 40640
[POS] DPOFE: 2448
[POS] Cache cargado en 1930 ms
[POS] Refrescando cache DBF...
[POS] Cargando DBF...
[POS] MAPRE: 40640
[POS] DPOFE: 2448
[POS] Cache cargado en 1899 ms
[POS] Refrescando cache DBF...
[POS] Cargando DBF...
[POS] MAPRE: 40640
[POS] DPOFE: 2448
[POS] Cache cargado en 1909 ms
[POS] Refrescando cache DBF...
[POS] Cargando DBF...
[POS] MAPRE: 40640
[POS] DPOFE: 2448
[POS] Cache cargado en 1910 ms
[POS] Refrescando cache DBF...
[POS] Cargando DBF...
[POS] MAPRE: 40640
[POS] DPOFE: 2448
[POS] Cache cargado en 1911 ms
[POS] Refrescando cache DBF...
[POS] Cargando DBF...
[POS] MAPRE: 40640
[POS] DPOFE: 2448
[POS] Cache cargado en 1907 ms
[POS] Refrescando cache DBF...
[POS] Cargando DBF...
[POS] MAPRE: 40640
[POS] DPOFE: 2448
[POS] Cache cargado en 1907 ms
[POS] Refrescando cache DBF...
[POS] Cargando DBF...
[POS] MAPRE: 40640
[POS] DPOFE: 2448
[POS] Cache cargado en 1913 ms
[POS] Refrescando cache DBF...
[POS] Cargando DBF...
[POS] MAPRE: 40640
[POS] DPOFE: 2448
[POS] Cache cargado en 1905 ms
[POS] Refrescando cache DBF...
[POS] Cargando DBF...
[POS] MAPRE: 40640
[POS] DPOFE: 2448
[POS] Cache cargado en 1915 ms
[POS] Refrescando cache DBF...
[POS] Cargando DBF...
[POS] MAPRE: 40640
[POS] DPOFE: 2448
[POS] Cache cargado en 1909 ms
[POS] Refrescando cache DBF...
[POS] Cargando DBF...
[POS] MAPRE: 40640
[POS] DPOFE: 2448
[POS] Cache cargado en 1924 ms
[POS] Refrescando cache DBF...
[POS] Cargando DBF...
[POS] MAPRE: 40640
[POS] DPOFE: 2448
[POS] Cache cargado en 1900 ms
[POS] Refrescando cache DBF...
[POS] Cargando DBF...
[POS] MAPRE: 40640
[POS] DPOFE: 2448
[POS] Cache cargado en 1907 ms
[POS] Refrescando cache DBF...
[POS] Cargando DBF...
[POS] MAPRE: 40640
[POS] DPOFE: 2448
[POS] Cache cargado en 1926 ms
[POS] Refrescando cache DBF...
[POS] Cargando DBF...
[POS] MAPRE: 40640
[POS] DPOFE: 2448
[POS] Cache cargado en 1896 ms
[POS] Refrescando cache DBF...
[POS] Cargando DBF...
[POS] MAPRE: 40640
[POS] DPOFE: 2448
[POS] Cache cargado en 1905 ms
[POS] Refrescando cache DBF...
[POS] Cargando DBF...
[POS] MAPRE: 40640
[POS] DPOFE: 2448
[POS] Cache cargado en 1916 ms
[POS] Refrescando cache DBF...
[POS] Cargando DBF...
[POS] MAPRE: 40640
[POS] DPOFE: 2448
[POS] Cache cargado en 1916 ms
[POS] Refrescando cache DBF...
[POS] Cargando DBF...
[POS] MAPRE: 40640
[POS] DPOFE: 2448
[POS] Cache cargado en 1923 ms
[POS] Refrescando cache DBF...
[POS] Cargando DBF...
[POS] MAPRE: 40640
[POS] DPOFE: 2448
[POS] Cache cargado en 1899 ms
[POS] Refrescando cache DBF...
[POS] Cargando DBF...
[POS] MAPRE: 40640
[POS] DPOFE: 2448
[POS] Cache cargado en 1916 ms
[POS] Refrescando cache DBF...
[POS] Cargando DBF...
[POS] MAPRE: 40640
[POS] DPOFE: 2448
[POS] Cache cargado en 1911 ms
[POS] Refrescando cache DBF...
[POS] Cargando DBF...
[POS] MAPRE: 40640
[POS] DPOFE: 2448
[POS] Cache cargado en 1917 ms
[POS] Refrescando cache DBF...
[POS] Cargando DBF...
[POS] MAPRE: 40640
[POS] DPOFE: 2448
[POS] Cache cargado en 1904 ms
[POS] Refrescando cache DBF...
[POS] Cargando DBF...
[POS] MAPRE: 40640
[POS] DPOFE: 2448
[POS] Cache cargado en 1898 ms
[POS] Refrescando cache DBF...
[POS] Cargando DBF...
[POS] MAPRE: 40640
[POS] DPOFE: 2448
[POS] Cache cargado en 1900 ms
[POS] Refrescando cache DBF...
[POS] Cargando DBF...
[POS] MAPRE: 40640
[POS] DPOFE: 2448
[POS] Cache cargado en 1915 ms
[POS] Refrescando cache DBF...
[POS] Cargando DBF...
[POS] MAPRE: 40640
[POS] DPOFE: 2448
[POS] Cache cargado en 1912 ms
[POS] Refrescando cache DBF...
[POS] Cargando DBF...
[POS] MAPRE: 40640
[POS] DPOFE: 2448
[POS] Cache cargado en 1920 ms
[POS] Refrescando cache DBF...
[POS] Cargando DBF...
[POS] MAPRE: 40640
[POS] DPOFE: 2448
[POS] Cache cargado en 1920 ms
[POS] Refrescando cache DBF...
[POS] Cargando DBF...
[POS] MAPRE: 40640
[POS] DPOFE: 2448
[POS] Cache cargado en 1922 ms
[POS] Refrescando cache DBF...
[POS] Cargando DBF...
[POS] MAPRE: 40640
[POS] DPOFE: 2448
[POS] Cache cargado en 1914 ms
[POS] Refrescando cache DBF...
[POS] Cargando DBF...
[POS] MAPRE: 40640
[POS] DPOFE: 2448
[POS] Cache cargado en 1912 ms
[POS] Refrescando cache DBF...
[POS] Cargando DBF...
[POS] MAPRE: 40640
[POS] DPOFE: 2448
[POS] Cache cargado en 1932 ms
[POS] Refrescando cache DBF...
[POS] Cargando DBF...
[POS] MAPRE: 40640
[POS] DPOFE: 2448
[POS] Cache cargado en 1918 ms
[POS] Refrescando cache DBF...
[POS] Cargando DBF...
[POS] MAPRE: 40640
[POS] DPOFE: 2448
[POS] Cache cargado en 1901 ms
[POS] Refrescando cache DBF...
[POS] Cargando DBF...
[POS] MAPRE: 40640
[POS] DPOFE: 2448
[POS] Cache cargado en 1913 ms
[POS] Refrescando cache DBF...
[POS] Cargando DBF...
[POS] MAPRE: 40640
[POS] DPOFE: 2448
[POS] Cache cargado en 1906 ms
[POS] Refrescando cache DBF...
[POS] Cargando DBF...
[POS] MAPRE: 40640
[POS] DPOFE: 2448
[POS] Cache cargado en 1902 ms
[POS] Refrescando cache DBF...
[POS] Cargando DBF...
[POS] MAPRE: 40640
[POS] DPOFE: 2448
[POS] Cache cargado en 1913 ms
[POS] Refrescando cache DBF...
[POS] Cargando DBF...
[POS] MAPRE: 40640
[POS] DPOFE: 2448
[POS] Cache cargado en 1914 ms
[POS] Refrescando cache DBF...
[POS] Cargando DBF...
[POS] MAPRE: 40640
[POS] DPOFE: 2448
[POS] Cache cargado en 1910 ms
[POS] Refrescando cache DBF...
[POS] Cargando DBF...
[POS] MAPRE: 40640
[POS] DPOFE: 2448
[POS] Cache cargado en 1899 ms
[POS] Refrescando cache DBF...
[POS] Cargando DBF...
[POS] MAPRE: 40640
[POS] DPOFE: 2448
[POS] Cache cargado en 1900 ms
[POS] Refrescando cache DBF...
[POS] Cargando DBF...
[POS] MAPRE: 40640
[POS] DPOFE: 2448
[POS] Cache cargado en 1917 ms
[POS] Refrescando cache DBF...
[POS] Cargando DBF...
[POS] MAPRE: 40640
[POS] DPOFE: 2448
[POS] Cache cargado en 1909 ms
[POS] Refrescando cache DBF...
[POS] Cargando DBF...
[POS] MAPRE: 40640
[POS] DPOFE: 2448
[POS] Cache cargado en 1915 ms
[POS] Refrescando cache DBF...
[POS] Cargando DBF...
[POS] MAPRE: 40640
[POS] DPOFE: 2448
[POS] Cache cargado en 1901 ms
[POS] Refrescando cache DBF...
[POS] Cargando DBF...
[POS] MAPRE: 40640
[POS] DPOFE: 2448
[POS] Cache cargado en 1912 ms
[POS] Refrescando cache DBF...
[POS] Cargando DBF...
[POS] MAPRE: 40640
[POS] DPOFE: 2448
[POS] Cache cargado en 1892 ms
[POS] Refrescando cache DBF...
[POS] Cargando DBF...
[POS] MAPRE: 40640
[POS] DPOFE: 2448
[POS] Cache cargado en 1917 ms
[POS] Refrescando cache DBF...
[POS] Cargando DBF...
[POS] MAPRE: 40640
[POS] DPOFE: 2448
[POS] Cache cargado en 1919 ms
[POS] Refrescando cache DBF...
[POS] Cargando DBF...
[POS] MAPRE: 40640
[POS] DPOFE: 2448
[POS] Cache cargado en 1916 ms
[POS] Refrescando cache DBF...
[POS] Cargando DBF...
[POS] MAPRE: 40640
[POS] DPOFE: 2448
[POS] Cache cargado en 1912 ms
[POS] Refrescando cache DBF...
[POS] Cargando DBF...
[POS] MAPRE: 40640
[POS] DPOFE: 2448
[POS] Cache cargado en 1914 ms
[POS] Refrescando cache DBF...
[POS] Cargando DBF...
[POS] MAPRE: 40640
[POS] DPOFE: 2448
[POS] Cache cargado en 1900 ms
[POS] Refrescando cache DBF...
[POS] Cargando DBF...
[POS] MAPRE: 40640
[POS] DPOFE: 2448
[POS] Cache cargado en 1906 ms
[POS] Refrescando cache DBF...
[POS] Cargando DBF...
[POS] MAPRE: 40640
[POS] DPOFE: 2448
[POS] Cache cargado en 1907 ms
[POS] Refrescando cache DBF...
[POS] Cargando DBF...
[POS] MAPRE: 40640
[POS] DPOFE: 2448
[POS] Cache cargado en 1935 ms
[POS] Refrescando cache DBF...
[POS] Cargando DBF...
[POS] MAPRE: 40640
[POS] DPOFE: 2448
[POS] Cache cargado en 1914 ms
[POS] Refrescando cache DBF...
[POS] Cargando DBF...
[POS] MAPRE: 40640
[POS] DPOFE: 2448
[POS] Cache cargado en 1908 ms
[POS] Refrescando cache DBF...
[POS] Cargando DBF...
[POS] MAPRE: 40640
[POS] DPOFE: 2448
[POS] Cache cargado en 1902 ms
[POS] Refrescando cache DBF...
[POS] Cargando DBF...
[POS] MAPRE: 40640
[POS] DPOFE: 2448
[POS] Cache cargado en 1915 ms
[POS] Refrescando cache DBF...
[POS] Cargando DBF...
[POS] MAPRE: 40640
[POS] DPOFE: 2448
[POS] Cache cargado en 1916 ms
[POS] Refrescando cache DBF...
[POS] Cargando DBF...
[POS] MAPRE: 40640
[POS] DPOFE: 2448
[POS] Cache cargado en 1918 ms
[POS] Refrescando cache DBF...
[POS] Cargando DBF...
[POS] MAPRE: 40640
[POS] DPOFE: 2448
[POS] Cache cargado en 1914 ms
[POS] Refrescando cache DBF...
[POS] Cargando DBF...
[POS] MAPRE: 40640
[POS] DPOFE: 2448
[POS] Cache cargado en 1911 ms
[POS] Refrescando cache DBF...
[POS] Cargando DBF...
[POS] MAPRE: 40640
[POS] DPOFE: 2448
[POS] Cache cargado en 1893 ms
[POS] Refrescando cache DBF...
[POS] Cargando DBF...
[POS] MAPRE: 40640
[POS] DPOFE: 2448
[POS] Cache cargado en 1932 ms
[POS] Refrescando cache DBF...
[POS] Cargando DBF...
[POS] MAPRE: 40640
[POS] DPOFE: 2448
[POS] Cache cargado en 1903 ms
[POS] Refrescando cache DBF...
[POS] Cargando DBF...
[POS] MAPRE: 40640
[POS] DPOFE: 2448
[POS] Cache cargado en 1918 ms
[POS] Refrescando cache DBF...
[POS] Cargando DBF...
[POS] MAPRE: 40640
[POS] DPOFE: 2448
[POS] Cache cargado en 1911 ms
[POS] Refrescando cache DBF...
[POS] Cargando DBF...
[POS] MAPRE: 40640
[POS] DPOFE: 2448
[POS] Cache cargado en 1914 ms
[POS] Refrescando cache DBF...
[POS] Cargando DBF...
[POS] MAPRE: 40640
[POS] DPOFE: 2448
[POS] Cache cargado en 1912 ms
[POS] Refrescando cache DBF...
[POS] Cargando DBF...
[POS] MAPRE: 40640
[POS] DPOFE: 2448
[POS] Cache cargado en 1915 ms
[POS] Refrescando cache DBF...
[POS] Cargando DBF...
[POS] MAPRE: 40640
[POS] DPOFE: 2448
[POS] Cache cargado en 1906 ms
[POS] Refrescando cache DBF...
[POS] Cargando DBF...
[POS] MAPRE: 40640
[POS] DPOFE: 2448
[POS] Cache cargado en 1917 ms
[POS] Refrescando cache DBF...
[POS] Cargando DBF...
[POS] MAPRE: 40640
[POS] DPOFE: 2448
[POS] Cache cargado en 1948 ms
[POS] Refrescando cache DBF...
[POS] Cargando DBF...
[POS] MAPRE: 40640
[POS] DPOFE: 2448
[POS] Cache cargado en 1911 ms
[POS] Refrescando cache DBF...
[POS] Cargando DBF...
[POS] MAPRE: 40640
[POS] DPOFE: 2448
[POS] Cache cargado en 1901 ms
[POS] Refrescando cache DBF...
[POS] Cargando DBF...
[POS] MAPRE: 40640
[POS] DPOFE: 2448
[POS] Cache cargado en 1910 ms
[POS] Refrescando cache DBF...
[POS] Cargando DBF...
[POS] MAPRE: 40640
[POS] DPOFE: 2448
[POS] Cache cargado en 1909 ms
[POS] Refrescando cache DBF...
[POS] Cargando DBF...
[POS] MAPRE: 40640
[POS] DPOFE: 2448
[POS] Cache cargado en 1930 ms
[POS] Refrescando cache DBF...
[POS] Cargando DBF...
[POS] MAPRE: 40640
[POS] DPOFE: 2448
[POS] Cache cargado en 1918 ms
[POS] Refrescando cache DBF...
[POS] Cargando DBF...
[POS] MAPRE: 40640
[POS] DPOFE: 2448
[POS] Cache cargado en 1902 ms
[POS] Refrescando cache DBF...
[POS] Cargando DBF...
[POS] MAPRE: 40640
[POS] DPOFE: 2448
[POS] Cache cargado en 1943 ms
[POS] Refrescando cache DBF...
[POS] Cargando DBF...
[POS] MAPRE: 40640
[POS] DPOFE: 2448
[POS] Cache cargado en 1917 ms
[POS] Refrescando cache DBF...
[POS] Cargando DBF...
[POS] MAPRE: 40640
[POS] DPOFE: 2448
[POS] Cache cargado en 1932 ms
[POS] Refrescando cache DBF...
[POS] Cargando DBF...
[POS] MAPRE: 40640
[POS] DPOFE: 2448
[POS] Cache cargado en 1922 ms
[POS] Refrescando cache DBF...
[POS] Cargando DBF...
[POS] MAPRE: 40640
[POS] DPOFE: 2448
[POS] Cache cargado en 1924 ms
[POS] Refrescando cache DBF...
[POS] Cargando DBF...
[POS] MAPRE: 40640
[POS] DPOFE: 2448
[POS] Cache cargado en 1916 ms
[POS] Refrescando cache DBF...
[POS] Cargando DBF...
[POS] MAPRE: 40640
[POS] DPOFE: 2448
[POS] Cache cargado en 1907 ms
[POS] Refrescando cache DBF...
[POS] Cargando DBF...
[POS] MAPRE: 40640
[POS] DPOFE: 2448
[POS] Cache cargado en 1915 ms
[POS] Refrescando cache DBF...
[POS] Cargando DBF...
[POS] MAPRE: 40640
[POS] DPOFE: 2448
[POS] Cache cargado en 1899 ms
[POS] Refrescando cache DBF...
[POS] Cargando DBF...
[POS] MAPRE: 40640
[POS] DPOFE: 2448
[POS] Cache cargado en 1902 ms
[POS] Refrescando cache DBF...
[POS] Cargando DBF...
[POS] MAPRE: 40640
[POS] DPOFE: 2448
[POS] Cache cargado en 1908 ms
[POS] Refrescando cache DBF...
[POS] Cargando DBF...
[POS] MAPRE: 40640
[POS] DPOFE: 2448
[POS] Cache cargado en 1912 ms
[POS] Refrescando cache DBF...
[POS] Cargando DBF...
[POS] MAPRE: 40640
[POS] DPOFE: 2448
[POS] Cache cargado en 1919 ms
[POS] Refrescando cache DBF...
[POS] Cargando DBF...
[POS] MAPRE: 40640
[POS] DPOFE: 2448
[POS] Cache cargado en 1911 ms
[POS] Refrescando cache DBF...
[POS] Cargando DBF...
[POS] MAPRE: 40640
[POS] DPOFE: 2448
[POS] Cache cargado en 1901 ms
[POS] Refrescando cache DBF...
[POS] Cargando DBF...
[POS] MAPRE: 40640
[POS] DPOFE: 2448
[POS] Cache cargado en 1924 ms
[POS] Refrescando cache DBF...
[POS] Cargando DBF...
[POS] MAPRE: 40640
[POS] DPOFE: 2448
[POS] Cache cargado en 1900 ms
[POS] Refrescando cache DBF...
[POS] Cargando DBF...
[POS] MAPRE: 40640
[POS] DPOFE: 2448
[POS] Cache cargado en 1915 ms
[POS] Refrescando cache DBF...
[POS] Cargando DBF...
[POS] MAPRE: 40640
[POS] DPOFE: 2448
[POS] Cache cargado en 1902 ms
[POS] Refrescando cache DBF...
[POS] Cargando DBF...
[POS] MAPRE: 40640
[POS] DPOFE: 2448
[POS] Cache cargado en 1929 ms
[POS] Refrescando cache DBF...
[POS] Cargando DBF...
[POS] MAPRE: 40640
[POS] DPOFE: 2448
[POS] Cache cargado en 1898 ms
[POS] Refrescando cache DBF...
[POS] Cargando DBF...
[POS] MAPRE: 40640
[POS] DPOFE: 2448
[POS] Cache cargado en 1923 ms
[POS] Refrescando cache DBF...
[POS] Cargando DBF...
[POS] MAPRE: 40640
[POS] DPOFE: 2448
[POS] Cache cargado en 1898 ms
[POS] Refrescando cache DBF...
[POS] Cargando DBF...
[POS] MAPRE: 40640
[POS] DPOFE: 2448
[POS] Cache cargado en 1920 ms
[POS] Refrescando cache DBF...
[POS] Cargando DBF...
[POS] MAPRE: 40640
[POS] DPOFE: 2448
[POS] Cache cargado en 1904 ms
[POS] Refrescando cache DBF...
[POS] Cargando DBF...
[POS] MAPRE: 40640
[POS] DPOFE: 2448
[POS] Cache cargado en 1914 ms
[POS] Refrescando cache DBF...
[POS] Cargando DBF...
[POS] MAPRE: 40640
[POS] DPOFE: 2448
[POS] Cache cargado en 1903 ms
[POS] Refrescando cache DBF...
[POS] Cargando DBF...
[POS] MAPRE: 40640
[POS] DPOFE: 2448
[POS] Cache cargado en 1919 ms
[POS] Refrescando cache DBF...
[POS] Cargando DBF...
[POS] MAPRE: 40640
[POS] DPOFE: 2448
[POS] Cache cargado en 1918 ms
[POS] Refrescando cache DBF...
[POS] Cargando DBF...
[POS] MAPRE: 40640
[POS] DPOFE: 2448
[POS] Cache cargado en 1889 ms
[POS] Refrescando cache DBF...
[POS] Cargando DBF...
[POS] MAPRE: 40640
[POS] DPOFE: 2448
[POS] Cache cargado en 1910 ms
[POS] Refrescando cache DBF...
[POS] Cargando DBF...
[POS] MAPRE: 40640
[POS] DPOFE: 2448
[POS] Cache cargado en 1885 ms
[POS] Refrescando cache DBF...
[POS] Cargando DBF...
[POS] MAPRE: 40640
[POS] DPOFE: 2448
[POS] Cache cargado en 1924 ms
[POS] Refrescando cache DBF...
[POS] Cargando DBF...
[POS] MAPRE: 40640
[POS] DPOFE: 2448
[POS] Cache cargado en 1920 ms
[POS] Refrescando cache DBF...
[POS] Cargando DBF...
[POS] MAPRE: 40640
[POS] DPOFE: 2448
[POS] Cache cargado en 1936 ms
[POS] Refrescando cache DBF...
[POS] Cargando DBF...
[POS] MAPRE: 40640
[POS] DPOFE: 2448
[POS] Cache cargado en 1932 ms
[POS] Refrescando cache DBF...
[POS] Cargando DBF...
[POS] MAPRE: 40640
[POS] DPOFE: 2448
[POS] Cache cargado en 1901 ms
[POS] Refrescando cache DBF...
[POS] Cargando DBF...
[POS] MAPRE: 40640
[POS] DPOFE: 2448
[POS] Cache cargado en 1909 ms
[POS] Refrescando cache DBF...
[POS] Cargando DBF...
[POS] MAPRE: 40640
[POS] DPOFE: 2448
[POS] Cache cargado en 1897 ms
[POS] Refrescando cache DBF...
[POS] Cargando DBF...
[POS] MAPRE: 40640
[POS] DPOFE: 2448
[POS] Cache cargado en 1921 ms
[POS] Refrescando cache DBF...
[POS] Cargando DBF...
[POS] MAPRE: 40640
[POS] DPOFE: 2448
[POS] Cache cargado en 1922 ms
[POS] Refrescando cache DBF...
[POS] Cargando DBF...
[POS] MAPRE: 40640
[POS] DPOFE: 2448
[POS] Cache cargado en 1922 ms
[POS] Refrescando cache DBF...
[POS] Cargando DBF...
[POS] MAPRE: 40640
[POS] DPOFE: 2448
[POS] Cache cargado en 1900 ms
[POS] Refrescando cache DBF...
[POS] Cargando DBF...
[POS] MAPRE: 40640
[POS] DPOFE: 2448
[POS] Cache cargado en 1925 ms
[POS] Refrescando cache DBF...
[POS] Cargando DBF...
[POS] MAPRE: 40640
[POS] DPOFE: 2448
[POS] Cache cargado en 1909 ms
[POS] Refrescando cache DBF...
[POS] Cargando DBF...
[POS] MAPRE: 40640
[POS] DPOFE: 2448
[POS] Cache cargado en 1913 ms
[POS] Refrescando cache DBF...
[POS] Cargando DBF...
[POS] MAPRE: 40640
[POS] DPOFE: 2448
[POS] Cache cargado en 1894 ms
[POS] Refrescando cache DBF...
[POS] Cargando DBF...
[POS] MAPRE: 40640
[POS] DPOFE: 2448
[POS] Cache cargado en 1903 ms
[POS] Refrescando cache DBF...
[POS] Cargando DBF...
[POS] MAPRE: 40640
[POS] DPOFE: 2448
[POS] Cache cargado en 1909 ms
[POS] Refrescando cache DBF...
[POS] Cargando DBF...
[POS] MAPRE: 40640
[POS] DPOFE: 2448
[POS] Cache cargado en 1906 ms
[POS] Refrescando cache DBF...
[POS] Cargando DBF...
[POS] MAPRE: 40640
[POS] DPOFE: 2448
[POS] Cache cargado en 1907 ms
[POS] Refrescando cache DBF...
[POS] Cargando DBF...
[POS] MAPRE: 40640
[POS] DPOFE: 2448
[POS] Cache cargado en 1913 ms
[POS] Refrescando cache DBF...
[POS] Cargando DBF...
[POS] MAPRE: 40640
[POS] DPOFE: 2448
[POS] Cache cargado en 1935 ms
[POS] Refrescando cache DBF...
[POS] Cargando DBF...
[POS] MAPRE: 40640
[POS] DPOFE: 2448
[POS] Cache cargado en 1916 ms
[POS] Refrescando cache DBF...
[POS] Cargando DBF...
[POS] MAPRE: 40640
[POS] DPOFE: 2448
[POS] Cache cargado en 1901 ms
[POS] Refrescando cache DBF...
[POS] Cargando DBF...
[POS] MAPRE: 40640
[POS] DPOFE: 2448
[POS] Cache cargado en 1917 ms
[POS] Refrescando cache DBF...
[POS] Cargando DBF...
[POS] MAPRE: 40640
[POS] DPOFE: 2448
[POS] Cache cargado en 1899 ms
[POS] Refrescando cache DBF...
[POS] Cargando DBF...
[POS] MAPRE: 40640
[POS] DPOFE: 2448
[POS] Cache cargado en 1919 ms
[POS] Refrescando cache DBF...
[POS] Cargando DBF...
[POS] MAPRE: 40640
[POS] DPOFE: 2448
[POS] Cache cargado en 1921 ms
[POS] Refrescando cache DBF...
[POS] Cargando DBF...
[POS] MAPRE: 40640
[POS] DPOFE: 2448
[POS] Cache cargado en 1922 ms
[POS] Refrescando cache DBF...
[POS] Cargando DBF...
[POS] MAPRE: 40640
[POS] DPOFE: 2448
[POS] Cache cargado en 1910 ms
[POS] Refrescando cache DBF...
[POS] Cargando DBF...
[POS] MAPRE: 40640
[POS] DPOFE: 2448
[POS] Cache cargado en 1926 ms
[POS] Refrescando cache DBF...
[POS] Cargando DBF...
[POS] MAPRE: 40640
[POS] DPOFE: 2448
[POS] Cache cargado en 1901 ms
[POS] Refrescando cache DBF...
[POS] Cargando DBF...
[POS] MAPRE: 40640
[POS] DPOFE: 2448
[POS] Cache cargado en 1907 ms
[POS] Refrescando cache DBF...
[POS] Cargando DBF...
[POS] MAPRE: 40640
[POS] DPOFE: 2448
[POS] Cache cargado en 1910 ms
[POS] Refrescando cache DBF...
[POS] Cargando DBF...
[POS] MAPRE: 40640
[POS] DPOFE: 2448
[POS] Cache cargado en 1914 ms
[POS] Refrescando cache DBF...
[POS] Cargando DBF...
[POS] MAPRE: 40640
[POS] DPOFE: 2448
[POS] Cache cargado en 1913 ms
[POS] Refrescando cache DBF...
[POS] Cargando DBF...
[POS] MAPRE: 40640
[POS] DPOFE: 2448
[POS] Cache cargado en 1907 ms
[POS] Refrescando cache DBF...
[POS] Cargando DBF...
[POS] MAPRE: 40640
[POS] DPOFE: 2448
[POS] Cache cargado en 1906 ms
[POS] Refrescando cache DBF...
[POS] Cargando DBF...
[POS] MAPRE: 40640
[POS] DPOFE: 2448
[POS] Cache cargado en 1919 ms
[POS] Refrescando cache DBF...
[POS] Cargando DBF...
[POS] MAPRE: 40640
[POS] DPOFE: 2448
[POS] Cache cargado en 1918 ms
[POS] Refrescando cache DBF...
[POS] Cargando DBF...
[POS] MAPRE: 40640
[POS] DPOFE: 2448
[POS] Cache cargado en 1913 ms
[POS] Refrescando cache DBF...
[POS] Cargando DBF...
[POS] MAPRE: 40640
[POS] DPOFE: 2448
[POS] Cache cargado en 1919 ms
[POS] Refrescando cache DBF...
[POS] Cargando DBF...
[POS] MAPRE: 40640
[POS] DPOFE: 2448
[POS] Cache cargado en 1926 ms
[POS] Refrescando cache DBF...
[POS] Cargando DBF...
[POS] MAPRE: 40640
[POS] DPOFE: 2448
[POS] Cache cargado en 1907 ms
[POS] Refrescando cache DBF...
[POS] Cargando DBF...
[POS] MAPRE: 40640
[POS] DPOFE: 2448
[POS] Cache cargado en 1921 ms
[POS] Refrescando cache DBF...
[POS] Cargando DBF...
[POS] MAPRE: 40640
[POS] DPOFE: 2448
[POS] Cache cargado en 1907 ms
[POS] Refrescando cache DBF...
[POS] Cargando DBF...
[POS] MAPRE: 40640
[POS] DPOFE: 2448
[POS] Cache cargado en 1916 ms
[POS] Refrescando cache DBF...
[POS] Cargando DBF...
[POS] MAPRE: 40640
[POS] DPOFE: 2448
[POS] Cache cargado en 1903 ms
[POS] Refrescando cache DBF...
[POS] Cargando DBF...
[POS] MAPRE: 40640
[POS] DPOFE: 2448
[POS] Cache cargado en 1923 ms
[POS] Refrescando cache DBF...
[POS] Cargando DBF...
[POS] MAPRE: 40640
[POS] DPOFE: 2448
[POS] Cache cargado en 1904 ms
[POS] Refrescando cache DBF...
[POS] Cargando DBF...
[POS] MAPRE: 40640
[POS] DPOFE: 2448
[POS] Cache cargado en 1913 ms
[POS] Refrescando cache DBF...
[POS] Cargando DBF...
[POS] MAPRE: 40640
[POS] DPOFE: 2448
[POS] Cache cargado en 1912 ms
[POS] Refrescando cache DBF...
[POS] Cargando DBF...
[POS] MAPRE: 40640
[POS] DPOFE: 2448
[POS] Cache cargado en 1914 ms
[POS] Refrescando cache DBF...
[POS] Cargando DBF...
[POS] MAPRE: 40640
[POS] DPOFE: 2448
[POS] Cache cargado en 1910 ms
[POS] Refrescando cache DBF...
[POS] Cargando DBF...
[POS] MAPRE: 40640
[POS] DPOFE: 2448
[POS] Cache cargado en 1905 ms
[POS] Refrescando cache DBF...
[POS] Cargando DBF...
[POS] MAPRE: 40640
[POS] DPOFE: 2448
[POS] Cache cargado en 1919 ms
[POS] Refrescando cache DBF...
[POS] Cargando DBF...
[POS] MAPRE: 40640
[POS] DPOFE: 2448
[POS] Cache cargado en 1919 ms
[POS] Refrescando cache DBF...
[POS] Cargando DBF...
[POS] MAPRE: 40640
[POS] DPOFE: 2448
[POS] Cache cargado en 1907 ms
[POS] Refrescando cache DBF...
[POS] Cargando DBF...
[POS] MAPRE: 40640
[POS] DPOFE: 2448
[POS] Cache cargado en 1911 ms
[POS] Refrescando cache DBF...
[POS] Cargando DBF...
[POS] MAPRE: 40640
[POS] DPOFE: 2448
[POS] Cache cargado en 1916 ms
[POS] Refrescando cache DBF...
[POS] Cargando DBF...
[POS] MAPRE: 40640
[POS] DPOFE: 2448
[POS] Cache cargado en 1915 ms
[POS] Refrescando cache DBF...
[POS] Cargando DBF...
[POS] MAPRE: 40640
[POS] DPOFE: 2448
[POS] Cache cargado en 1916 ms
[POS] Refrescando cache DBF...
[POS] Cargando DBF...
[POS] MAPRE: 40640
[POS] DPOFE: 2448
[POS] Cache cargado en 1921 ms
[POS] Refrescando cache DBF...
[POS] Cargando DBF...
[POS] MAPRE: 40640
[POS] DPOFE: 2448
[POS] Cache cargado en 1917 ms
[POS] Refrescando cache DBF...
[POS] Cargando DBF...
[POS] MAPRE: 40640
[POS] DPOFE: 2448
[POS] Cache cargado en 1915 ms
[POS] Refrescando cache DBF...
[POS] Cargando DBF...
[POS] MAPRE: 40640
[POS] DPOFE: 2448
[POS] Cache cargado en 1907 ms
[POS] Refrescando cache DBF...
[POS] Cargando DBF...
[POS] MAPRE: 40640
[POS] DPOFE: 2448
[POS] Cache cargado en 1909 ms
[POS] Refrescando cache DBF...
[POS] Cargando DBF...
[POS] MAPRE: 40640
[POS] DPOFE: 2448
[POS] Cache cargado en 1907 ms
[POS] Refrescando cache DBF...
[POS] Cargando DBF...
[POS] MAPRE: 40640
[POS] DPOFE: 2448
[POS] Cache cargado en 1915 ms
[POS] Refrescando cache DBF...
[POS] Cargando DBF...
[POS] MAPRE: 40640
[POS] DPOFE: 2448
[POS] Cache cargado en 1924 ms
[POS] Refrescando cache DBF...
[POS] Cargando DBF...
[POS] MAPRE: 40640
[POS] DPOFE: 2448
[POS] Cache cargado en 1900 ms
[POS] Refrescando cache DBF...
[POS] Cargando DBF...
[POS] MAPRE: 40640
[POS] DPOFE: 2448
[POS] Cache cargado en 1910 ms
[POS] Refrescando cache DBF...
[POS] Cargando DBF...
[POS] MAPRE: 40640
[POS] DPOFE: 2448
[POS] Cache cargado en 1931 ms
[POS] Refrescando cache DBF...
[POS] Cargando DBF...
[POS] MAPRE: 40640
[POS] DPOFE: 2448
[POS] Cache cargado en 1915 ms
[POS] Refrescando cache DBF...
[POS] Cargando DBF...
[POS] MAPRE: 40640
[POS] DPOFE: 2448
[POS] Cache cargado en 1919 ms
[POS] Refrescando cache DBF...
[POS] Cargando DBF...
[POS] MAPRE: 40640
[POS] DPOFE: 2448
[POS] Cache cargado en 1913 ms
[POS] Refrescando cache DBF...
[POS] Cargando DBF...
[POS] MAPRE: 40640
[POS] DPOFE: 2448
[POS] Cache cargado en 1915 ms
[POS] Refrescando cache DBF...
[POS] Cargando DBF...
[POS] MAPRE: 40640
[POS] DPOFE: 2448
[POS] Cache cargado en 1919 ms
[POS] Refrescando cache DBF...
[POS] Cargando DBF...
[POS] MAPRE: 40640
[POS] DPOFE: 2448
[POS] Cache cargado en 1915 ms
[POS] Refrescando cache DBF...
[POS] Cargando DBF...
[POS] MAPRE: 40640
[POS] DPOFE: 2448
[POS] Cache cargado en 1915 ms
[POS] Refrescando cache DBF...
[POS] Cargando DBF...
[POS] MAPRE: 40640
[POS] DPOFE: 2448
[POS] Cache cargado en 1921 ms
[POS] Refrescando cache DBF...
[POS] Cargando DBF...
[POS] MAPRE: 40640
[POS] DPOFE: 2448
[POS] Cache cargado en 1894 ms
[POS] Refrescando cache DBF...
[POS] Cargando DBF...
[POS] MAPRE: 40640
[POS] DPOFE: 2448
[POS] Cache cargado en 1930 ms
[POS] Refrescando cache DBF...
[POS] Cargando DBF...
[POS] MAPRE: 40640
[POS] DPOFE: 2448
[POS] Cache cargado en 1918 ms
[POS] Refrescando cache DBF...
[POS] Cargando DBF...
[POS] MAPRE: 40640
[POS] DPOFE: 2448
[POS] Cache cargado en 1926 ms
[POS] Refrescando cache DBF...
[POS] Cargando DBF...
[POS] MAPRE: 40640
[POS] DPOFE: 2448
[POS] Cache cargado en 1907 ms
[POS] Refrescando cache DBF...
[POS] Cargando DBF...
[POS] MAPRE: 40640
[POS] DPOFE: 2448
[POS] Cache cargado en 1931 ms
[POS] Refrescando cache DBF...
[POS] Cargando DBF...
[POS] MAPRE: 40640
[POS] DPOFE: 2448
[POS] Cache cargado en 1923 ms
[POS] Refrescando cache DBF...
[POS] Cargando DBF...
[POS] MAPRE: 40640
[POS] DPOFE: 2448
[POS] Cache cargado en 1919 ms
[POS] Refrescando cache DBF...
[POS] Cargando DBF...
[POS] MAPRE: 40640
[POS] DPOFE: 2448
[POS] Cache cargado en 1909 ms
[POS] Refrescando cache DBF...
[POS] Cargando DBF...
[POS] MAPRE: 40640
[POS] DPOFE: 2448
[POS] Cache cargado en 1918 ms
[POS] Refrescando cache DBF...
[POS] Cargando DBF...
[POS] MAPRE: 40640
[POS] DPOFE: 2448
[POS] Cache cargado en 1903 ms
[POS] Refrescando cache DBF...
[POS] Cargando DBF...
[POS] MAPRE: 40640
[POS] DPOFE: 2448
[POS] Cache cargado en 1946 ms
[POS] Refrescando cache DBF...
[POS] Cargando DBF...
[POS] MAPRE: 40640
[POS] DPOFE: 2448
[POS] Cache cargado en 1913 ms
[POS] Refrescando cache DBF...
[POS] Cargando DBF...
[POS] MAPRE: 40640
[POS] DPOFE: 2448
[POS] Cache cargado en 1889 ms
[POS] Refrescando cache DBF...
[POS] Cargando DBF...
[POS] MAPRE: 40640
[POS] DPOFE: 2448
[POS] Cache cargado en 1901 ms
[POS] Refrescando cache DBF...
[POS] Cargando DBF...
[POS] MAPRE: 40640
[POS] DPOFE: 2448
[POS] Cache cargado en 1921 ms
[POS] Refrescando cache DBF...
[POS] Cargando DBF...
[POS] MAPRE: 40640
[POS] DPOFE: 2448
[POS] Cache cargado en 1910 ms
[POS] Refrescando cache DBF...
[POS] Cargando DBF...
[POS] MAPRE: 40640
[POS] DPOFE: 2448
[POS] Cache cargado en 1920 ms
[POS] Refrescando cache DBF...
[POS] Cargando DBF...
[POS] MAPRE: 40640
[POS] DPOFE: 2448
[POS] Cache cargado en 1901 ms
[POS] Refrescando cache DBF...
[POS] Cargando DBF...
[POS] MAPRE: 40640
[POS] DPOFE: 2448
[POS] Cache cargado en 1917 ms
[POS] Refrescando cache DBF...
[POS] Cargando DBF...
[POS] MAPRE: 40640
[POS] DPOFE: 2448
[POS] Cache cargado en 1921 ms
[POS] Refrescando cache DBF...
[POS] Cargando DBF...
[POS] MAPRE: 40640
[POS] DPOFE: 2448
[POS] Cache cargado en 1914 ms
[POS] Refrescando cache DBF...
[POS] Cargando DBF...
[POS] MAPRE: 40640
[POS] DPOFE: 2448
[POS] Cache cargado en 1903 ms
[POS] Refrescando cache DBF...
[POS] Cargando DBF...
[POS] MAPRE: 40640
[POS] DPOFE: 2448
[POS] Cache cargado en 1920 ms
[POS] Refrescando cache DBF...
[POS] Cargando DBF...
[POS] MAPRE: 40640
[POS] DPOFE: 2448
[POS] Cache cargado en 1922 ms
[POS] Refrescando cache DBF...
[POS] Cargando DBF...
[POS] MAPRE: 40640
[POS] DPOFE: 2448
[POS] Cache cargado en 1928 ms
[POS] Refrescando cache DBF...
[POS] Cargando DBF...
[POS] MAPRE: 40640
[POS] DPOFE: 2448
[POS] Cache cargado en 1917 ms
[POS] Refrescando cache DBF...
[POS] Cargando DBF...
[POS] MAPRE: 40640
[POS] DPOFE: 2448
[POS] Cache cargado en 1914 ms
[POS] Refrescando cache DBF...
[POS] Cargando DBF...
[POS] MAPRE: 40640
[POS] DPOFE: 2448
[POS] Cache cargado en 1906 ms
[POS] Refrescando cache DBF...
[POS] Cargando DBF...
[POS] MAPRE: 40640
[POS] DPOFE: 2448
[POS] Cache cargado en 1926 ms
[POS] Refrescando cache DBF...
[POS] Cargando DBF...
[POS] MAPRE: 40640
[POS] DPOFE: 2448
[POS] Cache cargado en 1922 ms
[POS] Refrescando cache DBF...
[POS] Cargando DBF...
[POS] MAPRE: 40640
[POS] DPOFE: 2448
[POS] Cache cargado en 1920 ms
[POS] Refrescando cache DBF...
[POS] Cargando DBF...
[POS] MAPRE: 40640
[POS] DPOFE: 2448
[POS] Cache cargado en 1907 ms
[POS] Refrescando cache DBF...
[POS] Cargando DBF...
[POS] MAPRE: 40640
[POS] DPOFE: 2448
[POS] Cache cargado en 1921 ms
[POS] Refrescando cache DBF...
[POS] Cargando DBF...
[POS] MAPRE: 40640
[POS] DPOFE: 2448
[POS] Cache cargado en 1910 ms
[POS] Refrescando cache DBF...
[POS] Cargando DBF...
[POS] MAPRE: 40640
[POS] DPOFE: 2448
[POS] Cache cargado en 1926 ms
[POS] Refrescando cache DBF...
[POS] Cargando DBF...
[POS] MAPRE: 40640
[POS] DPOFE: 2448
[POS] Cache cargado en 1917 ms
[POS] Refrescando cache DBF...
[POS] Cargando DBF...
[POS] MAPRE: 40640
[POS] DPOFE: 2448
[POS] Cache cargado en 1915 ms
[POS] Refrescando cache DBF...
[POS] Cargando DBF...
[POS] MAPRE: 40640
[POS] DPOFE: 2448
[POS] Cache cargado en 1896 ms
[POS] Refrescando cache DBF...
[POS] Cargando DBF...
[POS] MAPRE: 40640
[POS] DPOFE: 2448
[POS] Cache cargado en 1914 ms
[POS] Refrescando cache DBF...
[POS] Cargando DBF...
[POS] MAPRE: 40640
[POS] DPOFE: 2448
[POS] Cache cargado en 1920 ms
[POS] Refrescando cache DBF...
[POS] Cargando DBF...
[POS] MAPRE: 40640
[POS] DPOFE: 2448
[POS] Cache cargado en 1917 ms
[POS] Refrescando cache DBF...
[POS] Cargando DBF...
[POS] MAPRE: 40640
[POS] DPOFE: 2448
[POS] Cache cargado en 1900 ms
[POS] Refrescando cache DBF...
[POS] Cargando DBF...
[POS] MAPRE: 40640
[POS] DPOFE: 2448
[POS] Cache cargado en 1924 ms
[POS] Refrescando cache DBF...
[POS] Cargando DBF...
[POS] MAPRE: 40640
[POS] DPOFE: 2448
[POS] Cache cargado en 1915 ms
[POS] Refrescando cache DBF...
[POS] Cargando DBF...
[POS] MAPRE: 40640
[POS] DPOFE: 2448
[POS] Cache cargado en 1909 ms
[POS] Refrescando cache DBF...
[POS] Cargando DBF...
[POS] MAPRE: 40640
[POS] DPOFE: 2448
[POS] Cache cargado en 1914 ms
[POS] Refrescando cache DBF...
[POS] Cargando DBF...
[POS] MAPRE: 40640
[POS] DPOFE: 2448
[POS] Cache cargado en 1924 ms
[POS] Refrescando cache DBF...
[POS] Cargando DBF...
[POS] MAPRE: 40640
[POS] DPOFE: 2448
[POS] Cache cargado en 1895 ms
[POS] Refrescando cache DBF...
[POS] Cargando DBF...
[POS] MAPRE: 40640
[POS] DPOFE: 2448
[POS] Cache cargado en 1911 ms
[POS] Refrescando cache DBF...
[POS] Cargando DBF...
[POS] MAPRE: 40640
[POS] DPOFE: 2448
[POS] Cache cargado en 1904 ms
[POS] Refrescando cache DBF...
[POS] Cargando DBF...
[POS] MAPRE: 40640
[POS] DPOFE: 2448
[POS] Cache cargado en 1920 ms
[POS] Refrescando cache DBF...
[POS] Cargando DBF...
[POS] MAPRE: 40640
[POS] DPOFE: 2448
[POS] Cache cargado en 1913 ms
[POS] Refrescando cache DBF...
[POS] Cargando DBF...
[POS] MAPRE: 40640
[POS] DPOFE: 2448
[POS] Cache cargado en 1905 ms
[POS] Refrescando cache DBF...
[POS] Cargando DBF...
[POS] MAPRE: 40640
[POS] DPOFE: 2448
[POS] Cache cargado en 1909 ms
[POS] Refrescando cache DBF...
[POS] Cargando DBF...
[POS] MAPRE: 40640
[POS] DPOFE: 2448
[POS] Cache cargado en 1906 ms
[POS] Refrescando cache DBF...
[POS] Cargando DBF...
[POS] MAPRE: 40640
[POS] DPOFE: 2448
[POS] Cache cargado en 1907 ms
[POS] Refrescando cache DBF...
[POS] Cargando DBF...
[POS] MAPRE: 40640
[POS] DPOFE: 2448
[POS] Cache cargado en 1918 ms
[POS] Refrescando cache DBF...
[POS] Cargando DBF...
[POS] MAPRE: 40640
[POS] DPOFE: 2448
[POS] Cache cargado en 1902 ms
[POS] Refrescando cache DBF...
[POS] Cargando DBF...
[POS] MAPRE: 40640
[POS] DPOFE: 2448
[POS] Cache cargado en 1911 ms
[POS] Refrescando cache DBF...
[POS] Cargando DBF...
[POS] MAPRE: 40640
[POS] DPOFE: 2448
[POS] Cache cargado en 1903 ms
[POS] Refrescando cache DBF...
[POS] Cargando DBF...
[POS] MAPRE: 40640
[POS] DPOFE: 2448
[POS] Cache cargado en 1905 ms
[POS] Refrescando cache DBF...
[POS] Cargando DBF...
[POS] MAPRE: 40640
[POS] DPOFE: 2448
[POS] Cache cargado en 1900 ms
[POS] Refrescando cache DBF...
[POS] Cargando DBF...
[POS] MAPRE: 40640
[POS] DPOFE: 2448
[POS] Cache cargado en 1915 ms
[POS] Refrescando cache DBF...
[POS] Cargando DBF...
[POS] MAPRE: 40640
[POS] DPOFE: 2448
[POS] Cache cargado en 1897 ms
[POS] Refrescando cache DBF...
[POS] Cargando DBF...
[POS] MAPRE: 40640
[POS] DPOFE: 2448
[POS] Cache cargado en 1911 ms
[POS] Refrescando cache DBF...
[POS] Cargando DBF...
[POS] MAPRE: 40640
[POS] DPOFE: 2448
[POS] Cache cargado en 1889 ms
[POS] Refrescando cache DBF...
[POS] Cargando DBF...
[POS] MAPRE: 40640
[POS] DPOFE: 2448
[POS] Cache cargado en 1907 ms
[POS] Refrescando cache DBF...
[POS] Cargando DBF...
[POS] MAPRE: 40640
[POS] DPOFE: 2448
[POS] Cache cargado en 1905 ms
[POS] Refrescando cache DBF...
[POS] Cargando DBF...
[POS] MAPRE: 40640
[POS] DPOFE: 2448
[POS] Cache cargado en 1917 ms
[POS] Refrescando cache DBF...
[POS] Cargando DBF...
[POS] MAPRE: 40640
[POS] DPOFE: 2448
[POS] Cache cargado en 1925 ms
[POS] Refrescando cache DBF...
[POS] Cargando DBF...
[POS] MAPRE: 40640
[POS] DPOFE: 2448
[POS] Cache cargado en 1909 ms
[POS] Refrescando cache DBF...
[POS] Cargando DBF...
[POS] MAPRE: 40640
[POS] DPOFE: 2448
[POS] Cache cargado en 1914 ms
[POS] Refrescando cache DBF...
[POS] Cargando DBF...
[POS] MAPRE: 40640
[POS] DPOFE: 2448
[POS] Cache cargado en 1886 ms
[POS] Refrescando cache DBF...
[POS] Cargando DBF...
[POS] MAPRE: 40640
[POS] DPOFE: 2448
[POS] Cache cargado en 1909 ms
[POS] Refrescando cache DBF...
[POS] Cargando DBF...
[POS] MAPRE: 40640
[POS] DPOFE: 2448
[POS] Cache cargado en 1927 ms
[POS] Refrescando cache DBF...
[POS] Cargando DBF...
[POS] MAPRE: 40640
[POS] DPOFE: 2448
[POS] Cache cargado en 1915 ms
[POS] Refrescando cache DBF...
[POS] Cargando DBF...
[POS] MAPRE: 40640
[POS] DPOFE: 2448
[POS] Cache cargado en 1914 ms
[POS] Refrescando cache DBF...
[POS] Cargando DBF...
[POS] MAPRE: 40640
[POS] DPOFE: 2448
[POS] Cache cargado en 1918 ms
[POS] Refrescando cache DBF...
[POS] Cargando DBF...
[POS] MAPRE: 40640
[POS] DPOFE: 2448
[POS] Cache cargado en 1920 ms
[POS] Refrescando cache DBF...
[POS] Cargando DBF...
[POS] MAPRE: 40640
[POS] DPOFE: 2448
[POS] Cache cargado en 1895 ms
[POS] Refrescando cache DBF...
[POS] Cargando DBF...
[POS] MAPRE: 40640
[POS] DPOFE: 2448
[POS] Cache cargado en 1911 ms
[POS] Refrescando cache DBF...
[POS] Cargando DBF...
[POS] MAPRE: 40640
[POS] DPOFE: 2448
[POS] Cache cargado en 1910 ms
[POS] Refrescando cache DBF...
[POS] Cargando DBF...
[POS] MAPRE: 40640
[POS] DPOFE: 2448
[POS] Cache cargado en 1917 ms
[POS] Refrescando cache DBF...
[POS] Cargando DBF...
[POS] MAPRE: 40640
[POS] DPOFE: 2448
[POS] Cache cargado en 1901 ms
[POS] Refrescando cache DBF...
[POS] Cargando DBF...
[POS] MAPRE: 40640
[POS] DPOFE: 2448
[POS] Cache cargado en 1901 ms
[POS] Refrescando cache DBF...
[POS] Cargando DBF...
[POS] MAPRE: 40640
[POS] DPOFE: 2448
[POS] Cache cargado en 1920 ms
[POS] Refrescando cache DBF...
[POS] Cargando DBF...
[POS] MAPRE: 40640
[POS] DPOFE: 2448
[POS] Cache cargado en 1931 ms
[POS] Refrescando cache DBF...
[POS] Cargando DBF...
[POS] MAPRE: 40640
[POS] DPOFE: 2448
[POS] Cache cargado en 1924 ms
[POS] Refrescando cache DBF...
[POS] Cargando DBF...
[POS] MAPRE: 40640
[POS] DPOFE: 2448
[POS] Cache cargado en 1927 ms
[POS] Refrescando cache DBF...
[POS] Cargando DBF...
[POS] MAPRE: 40640
[POS] DPOFE: 2448
[POS] Cache cargado en 1896 ms
[POS] Refrescando cache DBF...
[POS] Cargando DBF...
[POS] MAPRE: 40640
[POS] DPOFE: 2448
[POS] Cache cargado en 1913 ms
[POS] Refrescando cache DBF...
[POS] Cargando DBF...
[POS] MAPRE: 40640
[POS] DPOFE: 2448
[POS] Cache cargado en 1905 ms
[POS] Refrescando cache DBF...
[POS] Cargando DBF...
[POS] MAPRE: 40640
[POS] DPOFE: 2448
[POS] Cache cargado en 1926 ms
[POS] Refrescando cache DBF...
[POS] Cargando DBF...
[POS] MAPRE: 40640
[POS] DPOFE: 2448
[POS] Cache cargado en 1917 ms
[POS] Refrescando cache DBF...
[POS] Cargando DBF...
[POS] MAPRE: 40640
[POS] DPOFE: 2448
[POS] Cache cargado en 1927 ms
[POS] Refrescando cache DBF...
[POS] Cargando DBF...
[POS] MAPRE: 40640
[POS] DPOFE: 2448
[POS] Cache cargado en 1918 ms
[POS] Refrescando cache DBF...
[POS] Cargando DBF...
[POS] MAPRE: 40640
[POS] DPOFE: 2448
[POS] Cache cargado en 1905 ms
[POS] Refrescando cache DBF...
[POS] Cargando DBF...
[POS] MAPRE: 40640
[POS] DPOFE: 2448
[POS] Cache cargado en 1908 ms
[POS] Refrescando cache DBF...
[POS] Cargando DBF...
[POS] MAPRE: 40640
[POS] DPOFE: 2448
[POS] Cache cargado en 1916 ms
[POS] Refrescando cache DBF...
[POS] Cargando DBF...
[POS] MAPRE: 40640
[POS] DPOFE: 2448
[POS] Cache cargado en 1915 ms
[POS] Refrescando cache DBF...
[POS] Cargando DBF...
[POS] MAPRE: 40640
[POS] DPOFE: 2448
[POS] Cache cargado en 1908 ms
[POS] Refrescando cache DBF...
[POS] Cargando DBF...
[POS] MAPRE: 40640
[POS] DPOFE: 2448
[POS] Cache cargado en 1915 ms
[POS] Refrescando cache DBF...
[POS] Cargando DBF...
[POS] MAPRE: 40640
[POS] DPOFE: 2448
[POS] Cache cargado en 1913 ms
[POS] Refrescando cache DBF...
[POS] Cargando DBF...
[POS] MAPRE: 40640
[POS] DPOFE: 2448
[POS] Cache cargado en 1911 ms
[POS] Refrescando cache DBF...
[POS] Cargando DBF...
[POS] MAPRE: 40640
[POS] DPOFE: 2448
[POS] Cache cargado en 1914 ms
[POS] Refrescando cache DBF...
[POS] Cargando DBF...
[POS] MAPRE: 40640
[POS] DPOFE: 2448
[POS] Cache cargado en 1903 ms
[POS] Refrescando cache DBF...
[POS] Cargando DBF...
[POS] MAPRE: 40640
[POS] DPOFE: 2448
[POS] Cache cargado en 1890 ms
[POS] Refrescando cache DBF...
[POS] Cargando DBF...
[POS] MAPRE: 40640
[POS] DPOFE: 2448
[POS] Cache cargado en 1911 ms
[POS] Refrescando cache DBF...
[POS] Cargando DBF...
[POS] MAPRE: 40640
[POS] DPOFE: 2448
[POS] Cache cargado en 1903 ms
[POS] Refrescando cache DBF...
[POS] Cargando DBF...
[POS] MAPRE: 40640
[POS] DPOFE: 2448
[POS] Cache cargado en 1913 ms
[POS] Refrescando cache DBF...
[POS] Cargando DBF...
[POS] MAPRE: 40640
[POS] DPOFE: 2448
[POS] Cache cargado en 1908 ms
[POS] Refrescando cache DBF...
[POS] Cargando DBF...
[POS] MAPRE: 40640
[POS] DPOFE: 2448
[POS] Cache cargado en 1909 ms
[POS] Refrescando cache DBF...
[POS] Cargando DBF...
[POS] MAPRE: 40640
[POS] DPOFE: 2448
[POS] Cache cargado en 1917 ms
[POS] Refrescando cache DBF...
[POS] Cargando DBF...
[POS] MAPRE: 40640
[POS] DPOFE: 2448
[POS] Cache cargado en 1915 ms
[POS] Refrescando cache DBF...
[POS] Cargando DBF...
[POS] MAPRE: 40640
[POS] DPOFE: 2448
[POS] Cache cargado en 1900 ms
[POS] Refrescando cache DBF...
[POS] Cargando DBF...
[POS] MAPRE: 40640
[POS] DPOFE: 2448
[POS] Cache cargado en 1906 ms
[POS] Refrescando cache DBF...
[POS] Cargando DBF...
[POS] MAPRE: 40640
[POS] DPOFE: 2448
[POS] Cache cargado en 1911 ms
[POS] Refrescando cache DBF...
[POS] Cargando DBF...
[POS] MAPRE: 40640
[POS] DPOFE: 2448
[POS] Cache cargado en 1911 ms
[POS] Refrescando cache DBF...
[POS] Cargando DBF...
[POS] MAPRE: 40640
[POS] DPOFE: 2448
[POS] Cache cargado en 1917 ms
[POS] Refrescando cache DBF...
[POS] Cargando DBF...
[POS] MAPRE: 40640
[POS] DPOFE: 2448
[POS] Cache cargado en 1916 ms
[POS] Refrescando cache DBF...
[POS] Cargando DBF...
[POS] MAPRE: 40640
[POS] DPOFE: 2448
[POS] Cache cargado en 1887 ms
[POS] Refrescando cache DBF...
[POS] Cargando DBF...
[POS] MAPRE: 40640
[POS] DPOFE: 2448
[POS] Cache cargado en 1904 ms
[POS] Refrescando cache DBF...
[POS] Cargando DBF...
[POS] MAPRE: 40640
[POS] DPOFE: 2448
[POS] Cache cargado en 1913 ms
[POS] Refrescando cache DBF...
[POS] Cargando DBF...
[POS] MAPRE: 40640
[POS] DPOFE: 2448
[POS] Cache cargado en 1909 ms
[POS] Refrescando cache DBF...
[POS] Cargando DBF...
[POS] MAPRE: 40640
[POS] DPOFE: 2448
[POS] Cache cargado en 1915 ms
[POS] Refrescando cache DBF...
[POS] Cargando DBF...
[POS] MAPRE: 40640
[POS] DPOFE: 2448
[POS] Cache cargado en 1897 ms
[POS] Refrescando cache DBF...
[POS] Cargando DBF...
[POS] MAPRE: 40640
[POS] DPOFE: 2448
[POS] Cache cargado en 1929 ms
[POS] Refrescando cache DBF...
[POS] Cargando DBF...
[POS] MAPRE: 40640
[POS] DPOFE: 2448
[POS] Cache cargado en 1913 ms
[POS] Refrescando cache DBF...
[POS] Cargando DBF...
[POS] MAPRE: 40640
[POS] DPOFE: 2448
[POS] Cache cargado en 1911 ms
[POS] Refrescando cache DBF...
[POS] Cargando DBF...
[POS] MAPRE: 40640
[POS] DPOFE: 2448
[POS] Cache cargado en 1931 ms
[POS] Refrescando cache DBF...
[POS] Cargando DBF...
[POS] MAPRE: 40640
[POS] DPOFE: 2448
[POS] Cache cargado en 1893 ms
[POS] Refrescando cache DBF...
[POS] Cargando DBF...
[POS] MAPRE: 40640
[POS] DPOFE: 2448
[POS] Cache cargado en 1936 ms
[POS] Refrescando cache DBF...
[POS] Cargando DBF...
[POS] MAPRE: 40640
[POS] DPOFE: 2448
[POS] Cache cargado en 1905 ms
[POS] Refrescando cache DBF...
[POS] Cargando DBF...
[POS] MAPRE: 40640
[POS] DPOFE: 2448
[POS] Cache cargado en 1908 ms
[POS] Refrescando cache DBF...
[POS] Cargando DBF...
[POS] MAPRE: 40640
[POS] DPOFE: 2448
[POS] Cache cargado en 1922 ms
[POS] Refrescando cache DBF...
[POS] Cargando DBF...
[POS] MAPRE: 40640
[POS] DPOFE: 2448
[POS] Cache cargado en 1918 ms
[POS] Refrescando cache DBF...
[POS] Cargando DBF...
[POS] MAPRE: 40640
[POS] DPOFE: 2448
[POS] Cache cargado en 1914 ms
[POS] Refrescando cache DBF...
[POS] Cargando DBF...
[POS] MAPRE: 40640
[POS] DPOFE: 2448
[POS] Cache cargado en 1908 ms
[POS] Refrescando cache DBF...
[POS] Cargando DBF...
[POS] MAPRE: 40640
[POS] DPOFE: 2448
[POS] Cache cargado en 1913 ms
[POS] Refrescando cache DBF...
[POS] Cargando DBF...
[POS] MAPRE: 40640
[POS] DPOFE: 2448
[POS] Cache cargado en 1908 ms
[POS] Refrescando cache DBF...
[POS] Cargando DBF...
[POS] MAPRE: 40640
[POS] DPOFE: 2448
[POS] Cache cargado en 1917 ms
[POS] Refrescando cache DBF...
[POS] Cargando DBF...
[POS] MAPRE: 40640
[POS] DPOFE: 2448
[POS] Cache cargado en 1913 ms
[POS] Refrescando cache DBF...
[POS] Cargando DBF...
[POS] MAPRE: 40640
[POS] DPOFE: 2448
[POS] Cache cargado en 1918 ms
[POS] Refrescando cache DBF...
[POS] Cargando DBF...
[POS] MAPRE: 40640
[POS] DPOFE: 2448
[POS] Cache cargado en 1899 ms
[POS] Refrescando cache DBF...
[POS] Cargando DBF...
[POS] MAPRE: 40640
[POS] DPOFE: 2448
[POS] Cache cargado en 1911 ms
[POS] Refrescando cache DBF...
[POS] Cargando DBF...
[POS] MAPRE: 40640
[POS] DPOFE: 2448
[POS] Cache cargado en 1911 ms
[POS] Refrescando cache DBF...
[POS] Cargando DBF...
[POS] MAPRE: 40640
[POS] DPOFE: 2448
[POS] Cache cargado en 1919 ms
[POS] Refrescando cache DBF...
[POS] Cargando DBF...
[POS] MAPRE: 40640
[POS] DPOFE: 2448
[POS] Cache cargado en 1907 ms
[POS] Refrescando cache DBF...
[POS] Cargando DBF...
[POS] MAPRE: 40640
[POS] DPOFE: 2448
[POS] Cache cargado en 1921 ms
[POS] Refrescando cache DBF...
[POS] Cargando DBF...
[POS] MAPRE: 40640
[POS] DPOFE: 2448
[POS] Cache cargado en 1911 ms
[POS] Refrescando cache DBF...
[POS] Cargando DBF...
[POS] MAPRE: 40640
[POS] DPOFE: 2448
[POS] Cache cargado en 1918 ms
[POS] Refrescando cache DBF...
[POS] Cargando DBF...
[POS] MAPRE: 40640
[POS] DPOFE: 2448
[POS] Cache cargado en 1918 ms
[POS] Refrescando cache DBF...
[POS] Cargando DBF...
[POS] MAPRE: 40640
[POS] DPOFE: 2448
[POS] Cache cargado en 1916 ms
[POS] Refrescando cache DBF...
[POS] Cargando DBF...
[POS] MAPRE: 40640
[POS] DPOFE: 2448
[POS] Cache cargado en 1902 ms
[POS] Refrescando cache DBF...
[POS] Cargando DBF...
[POS] MAPRE: 40640
[POS] DPOFE: 2448
[POS] Cache cargado en 1917 ms
[POS] Refrescando cache DBF...
[POS] Cargando DBF...
[POS] MAPRE: 40640
[POS] DPOFE: 2448
[POS] Cache cargado en 1914 ms
[POS] Refrescando cache DBF...
[POS] Cargando DBF...
[POS] MAPRE: 40640
[POS] DPOFE: 2448
[POS] Cache cargado en 1886 ms
[POS] Refrescando cache DBF...
[POS] Cargando DBF...
[POS] MAPRE: 40640
[POS] DPOFE: 2448
[POS] Cache cargado en 1907 ms
[POS] Refrescando cache DBF...
[POS] Cargando DBF...
[POS] MAPRE: 40640
[POS] DPOFE: 2448
[POS] Cache cargado en 1917 ms
[POS] Refrescando cache DBF...
[POS] Cargando DBF...
[POS] MAPRE: 40640
[POS] DPOFE: 2448
[POS] Cache cargado en 1931 ms
[POS] Refrescando cache DBF...
[POS] Cargando DBF...
[POS] MAPRE: 40640
[POS] DPOFE: 2448
[POS] Cache cargado en 1905 ms
[POS] Refrescando cache DBF...
[POS] Cargando DBF...
[POS] MAPRE: 40640
[POS] DPOFE: 2448
[POS] Cache cargado en 1894 ms
[POS] Refrescando cache DBF...
[POS] Cargando DBF...
[POS] MAPRE: 40640
[POS] DPOFE: 2448
[POS] Cache cargado en 1896 ms
[POS] Refrescando cache DBF...
[POS] Cargando DBF...
[POS] MAPRE: 40640
[POS] DPOFE: 2448
[POS] Cache cargado en 1910 ms
[POS] Refrescando cache DBF...
[POS] Cargando DBF...
[POS] MAPRE: 40640
[POS] DPOFE: 2448
[POS] Cache cargado en 1913 ms
[POS] Refrescando cache DBF...
[POS] Cargando DBF...
[POS] MAPRE: 40640
[POS] DPOFE: 2448
[POS] Cache cargado en 1905 ms
[POS] Refrescando cache DBF...
[POS] Cargando DBF...
[POS] MAPRE: 40640
[POS] DPOFE: 2448
[POS] Cache cargado en 1898 ms
[POS] Refrescando cache DBF...
[POS] Cargando DBF...
[POS] MAPRE: 40640
[POS] DPOFE: 2448
[POS] Cache cargado en 1910 ms
[POS] Refrescando cache DBF...
[POS] Cargando DBF...
[POS] MAPRE: 40640
[POS] DPOFE: 2448
[POS] Cache cargado en 1919 ms
[POS] Refrescando cache DBF...
[POS] Cargando DBF...
[POS] MAPRE: 40640
[POS] DPOFE: 2448
[POS] Cache cargado en 1915 ms
[POS] Refrescando cache DBF...
[POS] Cargando DBF...
[POS] MAPRE: 40640
[POS] DPOFE: 2448
[POS] Cache cargado en 1917 ms
[POS] Refrescando cache DBF...
[POS] Cargando DBF...
[POS] MAPRE: 40640
[POS] DPOFE: 2448
[POS] Cache cargado en 1897 ms
[POS] Refrescando cache DBF...
[POS] Cargando DBF...
[POS] MAPRE: 40640
[POS] DPOFE: 2448
[POS] Cache cargado en 1924 ms
[POS] Refrescando cache DBF...
[POS] Cargando DBF...
[POS] MAPRE: 40640
[POS] DPOFE: 2448
[POS] Cache cargado en 1912 ms
[POS] Refrescando cache DBF...
[POS] Cargando DBF...
[POS] MAPRE: 40640
[POS] DPOFE: 2448
[POS] Cache cargado en 1927 ms
[POS] Refrescando cache DBF...
[POS] Cargando DBF...
[POS] MAPRE: 40640
[POS] DPOFE: 2448
[POS] Cache cargado en 1915 ms
[POS] Refrescando cache DBF...
[POS] Cargando DBF...
[POS] MAPRE: 40640
[POS] DPOFE: 2448
[POS] Cache cargado en 1915 ms
[POS] Refrescando cache DBF...
[POS] Cargando DBF...
[POS] MAPRE: 40640
[POS] DPOFE: 2448
[POS] Cache cargado en 1927 ms
[POS] Refrescando cache DBF...
[POS] Cargando DBF...
[POS] MAPRE: 40640
[POS] DPOFE: 2448
[POS] Cache cargado en 1936 ms
[POS] Refrescando cache DBF...
[POS] Cargando DBF...
[POS] MAPRE: 40640
[POS] DPOFE: 2448
[POS] Cache cargado en 1912 ms
[POS] Refrescando cache DBF...
[POS] Cargando DBF...
[POS] MAPRE: 40640
[POS] DPOFE: 2448
[POS] Cache cargado en 1902 ms
[POS] Refrescando cache DBF...
[POS] Cargando DBF...
[POS] MAPRE: 40640
[POS] DPOFE: 2448
[POS] Cache cargado en 1912 ms
[POS] Refrescando cache DBF...
[POS] Cargando DBF...
[POS] MAPRE: 40640
[POS] DPOFE: 2448
[POS] Cache cargado en 1923 ms
[POS] Refrescando cache DBF...
[POS] Cargando DBF...
[POS] MAPRE: 40640
[POS] DPOFE: 2448
[POS] Cache cargado en 1917 ms
[POS] Refrescando cache DBF...
[POS] Cargando DBF...
[POS] MAPRE: 40640
[POS] DPOFE: 2448
[POS] Cache cargado en 1917 ms
[POS] Refrescando cache DBF...
[POS] Cargando DBF...
[POS] MAPRE: 40640
[POS] DPOFE: 2448
[POS] Cache cargado en 1896 ms
[POS] Refrescando cache DBF...
[POS] Cargando DBF...
[POS] MAPRE: 40640
[POS] DPOFE: 2448
[POS] Cache cargado en 1912 ms
[POS] Refrescando cache DBF...
[POS] Cargando DBF...
[POS] MAPRE: 40640
[POS] DPOFE: 2448
[POS] Cache cargado en 1913 ms
[POS] Refrescando cache DBF...
[POS] Cargando DBF...
[POS] MAPRE: 40640
[POS] DPOFE: 2448
[POS] Cache cargado en 1942 ms
[POS] Refrescando cache DBF...
[POS] Cargando DBF...
[POS] MAPRE: 40640
[POS] DPOFE: 2448
[POS] Cache cargado en 1935 ms
[POS] Refrescando cache DBF...
[POS] Cargando DBF...
[POS] MAPRE: 40640
[POS] DPOFE: 2448
[POS] Cache cargado en 1933 ms
[POS] Refrescando cache DBF...
[POS] Cargando DBF...
[POS] MAPRE: 40640
[POS] DPOFE: 2448
[POS] Cache cargado en 1914 ms
[POS] Refrescando cache DBF...
[POS] Cargando DBF...
[POS] MAPRE: 40640
[POS] DPOFE: 2448
[POS] Cache cargado en 1912 ms
[POS] Refrescando cache DBF...
[POS] Cargando DBF...
[POS] MAPRE: 40640
[POS] DPOFE: 2448
[POS] Cache cargado en 1910 ms
[POS] Refrescando cache DBF...
[POS] Cargando DBF...
[POS] MAPRE: 40640
[POS] DPOFE: 2448
[POS] Cache cargado en 1914 ms
[POS] Refrescando cache DBF...
[POS] Cargando DBF...
[POS] MAPRE: 40640
[POS] DPOFE: 2448
[POS] Cache cargado en 1925 ms
[POS] Refrescando cache DBF...
[POS] Cargando DBF...
[POS] MAPRE: 40640
[POS] DPOFE: 2448
[POS] Cache cargado en 1901 ms
[POS] Refrescando cache DBF...
[POS] Cargando DBF...
[POS] MAPRE: 40640
[POS] DPOFE: 2448
[POS] Cache cargado en 1898 ms
[POS] Refrescando cache DBF...
[POS] Cargando DBF...
[POS] MAPRE: 40640
[POS] DPOFE: 2448
[POS] Cache cargado en 1914 ms
[POS] Refrescando cache DBF...
[POS] Cargando DBF...
[POS] MAPRE: 40640
[POS] DPOFE: 2448
[POS] Cache cargado en 1907 ms
[POS] Refrescando cache DBF...
[POS] Cargando DBF...
[POS] MAPRE: 40640
[POS] DPOFE: 2448
[POS] Cache cargado en 1890 ms
[POS] Refrescando cache DBF...
[POS] Cargando DBF...
[POS] MAPRE: 40640
[POS] DPOFE: 2448
[POS] Cache cargado en 1920 ms
[POS] Refrescando cache DBF...
[POS] Cargando DBF...
[POS] MAPRE: 40640
[POS] DPOFE: 2448
[POS] Cache cargado en 1910 ms
[POS] Refrescando cache DBF...
[POS] Cargando DBF...
[POS] MAPRE: 40640
[POS] DPOFE: 2448
[POS] Cache cargado en 1895 ms
[POS] Refrescando cache DBF...
[POS] Cargando DBF...
[POS] MAPRE: 40640
[POS] DPOFE: 2448
[POS] Cache cargado en 1917 ms
[POS] Refrescando cache DBF...
[POS] Cargando DBF...
[POS] MAPRE: 40640
[POS] DPOFE: 2448
[POS] Cache cargado en 1902 ms
[POS] Refrescando cache DBF...
[POS] Cargando DBF...
[POS] MAPRE: 40640
[POS] DPOFE: 2448
[POS] Cache cargado en 1913 ms
[POS] Refrescando cache DBF...
[POS] Cargando DBF...
[POS] MAPRE: 40640
[POS] DPOFE: 2448
[POS] Cache cargado en 1906 ms
[POS] Refrescando cache DBF...
[POS] Cargando DBF...
[POS] MAPRE: 40640
[POS] DPOFE: 2448
[POS] Cache cargado en 1890 ms
[POS] Refrescando cache DBF...
[POS] Cargando DBF...
[POS] MAPRE: 40640
[POS] DPOFE: 2448
[POS] Cache cargado en 1905 ms
[POS] Refrescando cache DBF...
[POS] Cargando DBF...
[POS] MAPRE: 40640
[POS] DPOFE: 2448
[POS] Cache cargado en 1906 ms
[POS] Refrescando cache DBF...
[POS] Cargando DBF...
[POS] MAPRE: 40640
[POS] DPOFE: 2448
[POS] Cache cargado en 1920 ms
[POS] Refrescando cache DBF...
[POS] Cargando DBF...
[POS] MAPRE: 40640
[POS] DPOFE: 2448
[POS] Cache cargado en 1908 ms
[POS] Refrescando cache DBF...
[POS] Cargando DBF...
[POS] MAPRE: 40640
[POS] DPOFE: 2448
[POS] Cache cargado en 1912 ms
[POS] Refrescando cache DBF...
[POS] Cargando DBF...
[POS] MAPRE: 40640
[POS] DPOFE: 2448
[POS] Cache cargado en 1919 ms
[POS] Refrescando cache DBF...
[POS] Cargando DBF...
[POS] MAPRE: 40640
[POS] DPOFE: 2448
[POS] Cache cargado en 1898 ms
[POS] Refrescando cache DBF...
[POS] Cargando DBF...
[POS] MAPRE: 40640
[POS] DPOFE: 2448
[POS] Cache cargado en 1918 ms
[POS] Refrescando cache DBF...
[POS] Cargando DBF...
[POS] MAPRE: 40640
[POS] DPOFE: 2448
[POS] Cache cargado en 1906 ms
[POS] Refrescando cache DBF...
[POS] Cargando DBF...
[POS] MAPRE: 40640
[POS] DPOFE: 2448
[POS] Cache cargado en 1908 ms
[POS] Refrescando cache DBF...
[POS] Cargando DBF...
[POS] MAPRE: 40640
[POS] DPOFE: 2448
[POS] Cache cargado en 1933 ms
[POS] Refrescando cache DBF...
[POS] Cargando DBF...
[POS] MAPRE: 40640
[POS] DPOFE: 2448
[POS] Cache cargado en 1920 ms
[POS] Refrescando cache DBF...
[POS] Cargando DBF...
[POS] MAPRE: 40640
[POS] DPOFE: 2448
[POS] Cache cargado en 1905 ms
[POS] Refrescando cache DBF...
[POS] Cargando DBF...
[POS] MAPRE: 40640
[POS] DPOFE: 2448
[POS] Cache cargado en 1922 ms
[POS] Refrescando cache DBF...
[POS] Cargando DBF...
[POS] MAPRE: 40640
[POS] DPOFE: 2448
[POS] Cache cargado en 1907 ms
[POS] Refrescando cache DBF...
[POS] Cargando DBF...
[POS] MAPRE: 40640
[POS] DPOFE: 2448
[POS] Cache cargado en 1921 ms
[POS] Refrescando cache DBF...
[POS] Cargando DBF...
[POS] MAPRE: 40640
[POS] DPOFE: 2448
[POS] Cache cargado en 1910 ms
[POS] Refrescando cache DBF...
[POS] Cargando DBF...
[POS] MAPRE: 40640
[POS] DPOFE: 2448
[POS] Cache cargado en 1907 ms
[POS] Refrescando cache DBF...
[POS] Cargando DBF...
[POS] MAPRE: 40640
[POS] DPOFE: 2448
[POS] Cache cargado en 1913 ms
[POS] Refrescando cache DBF...
[POS] Cargando DBF...
[POS] MAPRE: 40640
[POS] DPOFE: 2448
[POS] Cache cargado en 1911 ms
[POS] Refrescando cache DBF...
[POS] Cargando DBF...
[POS] MAPRE: 40640
[POS] DPOFE: 2448
[POS] Cache cargado en 1905 ms
[POS] Refrescando cache DBF...
[POS] Cargando DBF...
[POS] MAPRE: 40640
[POS] DPOFE: 2448
[POS] Cache cargado en 1915 ms
[POS] Refrescando cache DBF...
[POS] Cargando DBF...
[POS] MAPRE: 40640
[POS] DPOFE: 2448
[POS] Cache cargado en 1900 ms
[POS] Refrescando cache DBF...
[POS] Cargando DBF...
[POS] MAPRE: 40640
[POS] DPOFE: 2448
[POS] Cache cargado en 1908 ms
[POS] Refrescando cache DBF...
[POS] Cargando DBF...
[POS] MAPRE: 40640
[POS] DPOFE: 2448
[POS] Cache cargado en 1899 ms
[POS] Refrescando cache DBF...
[POS] Cargando DBF...
[POS] MAPRE: 40640
[POS] DPOFE: 2448
[POS] Cache cargado en 1924 ms
[POS] Refrescando cache DBF...
[POS] Cargando DBF...
[POS] MAPRE: 40640
[POS] DPOFE: 2448
[POS] Cache cargado en 1904 ms
[POS] Refrescando cache DBF...
[POS] Cargando DBF...
[POS] MAPRE: 40640
[POS] DPOFE: 2448
[POS] Cache cargado en 1902 ms
[POS] Refrescando cache DBF...
[POS] Cargando DBF...
[POS] MAPRE: 40640
[POS] DPOFE: 2448
[POS] Cache cargado en 1903 ms
[POS] Refrescando cache DBF...
[POS] Cargando DBF...
[POS] MAPRE: 40640
[POS] DPOFE: 2448
[POS] Cache cargado en 1919 ms
[POS] Refrescando cache DBF...
[POS] Cargando DBF...
[POS] MAPRE: 40640
[POS] DPOFE: 2448
[POS] Cache cargado en 1921 ms
[POS] Refrescando cache DBF...
[POS] Cargando DBF...
[POS] MAPRE: 40640
[POS] DPOFE: 2448
[POS] Cache cargado en 1919 ms
[POS] Refrescando cache DBF...
[POS] Cargando DBF...
[POS] MAPRE: 40640
[POS] DPOFE: 2448
[POS] Cache cargado en 1895 ms
[POS] Refrescando cache DBF...
[POS] Cargando DBF...
[POS] MAPRE: 40640
[POS] DPOFE: 2448
[POS] Cache cargado en 1920 ms
[POS] Refrescando cache DBF...
[POS] Cargando DBF...
[POS] MAPRE: 40640
[POS] DPOFE: 2448
[POS] Cache cargado en 1920 ms
[POS] Refrescando cache DBF...
[POS] Cargando DBF...
[POS] MAPRE: 40640
[POS] DPOFE: 2448
[POS] Cache cargado en 1924 ms
[POS] Refrescando cache DBF...
[POS] Cargando DBF...
[POS] MAPRE: 40640
[POS] DPOFE: 2448
[POS] Cache cargado en 1910 ms
[POS] Refrescando cache DBF...
[POS] Cargando DBF...
[POS] MAPRE: 40640
[POS] DPOFE: 2448
[POS] Cache cargado en 1896 ms
[POS] Refrescando cache DBF...
[POS] Cargando DBF...
[POS] MAPRE: 40640
[POS] DPOFE: 2448
[POS] Cache cargado en 1920 ms
[POS] Refrescando cache DBF...
[POS] Cargando DBF...
[POS] MAPRE: 40640
[POS] DPOFE: 2448
[POS] Cache cargado en 1916 ms
[POS] Refrescando cache DBF...
[POS] Cargando DBF...
[POS] MAPRE: 40640
[POS] DPOFE: 2448
[POS] Cache cargado en 1949 ms
[POS] Refrescando cache DBF...
[POS] Cargando DBF...
[POS] MAPRE: 40640
[POS] DPOFE: 2448
[POS] Cache cargado en 1886 ms
[POS] Refrescando cache DBF...
[POS] Cargando DBF...
[POS] MAPRE: 40640
[POS] DPOFE: 2448
[POS] Cache cargado en 1906 ms
[POS] Refrescando cache DBF...
[POS] Cargando DBF...
[POS] MAPRE: 40640
[POS] DPOFE: 2448
[POS] Cache cargado en 1926 ms
[POS] Refrescando cache DBF...
[POS] Cargando DBF...
[POS] MAPRE: 40640
[POS] DPOFE: 2448
[POS] Cache cargado en 1903 ms
[POS] Refrescando cache DBF...
[POS] Cargando DBF...
[POS] MAPRE: 40640
[POS] DPOFE: 2448
[POS] Cache cargado en 1905 ms
[POS] Refrescando cache DBF...
[POS] Cargando DBF...
[POS] MAPRE: 40640
[POS] DPOFE: 2448
[POS] Cache cargado en 1913 ms
[POS] Refrescando cache DBF...
[POS] Cargando DBF...
[POS] MAPRE: 40640
[POS] DPOFE: 2448
[POS] Cache cargado en 1919 ms
[POS] Refrescando cache DBF...
[POS] Cargando DBF...
[POS] MAPRE: 40640
[POS] DPOFE: 2448
[POS] Cache cargado en 1926 ms
[POS] Refrescando cache DBF...
[POS] Cargando DBF...
[POS] MAPRE: 40640
[POS] DPOFE: 2448
[POS] Cache cargado en 1897 ms
[POS] Refrescando cache DBF...
[POS] Cargando DBF...
[POS] MAPRE: 40640
[POS] DPOFE: 2448
[POS] Cache cargado en 1917 ms
[POS] Refrescando cache DBF...
[POS] Cargando DBF...
[POS] MAPRE: 40640
[POS] DPOFE: 2448
[POS] Cache cargado en 1917 ms
[POS] Refrescando cache DBF...
[POS] Cargando DBF...
[POS] MAPRE: 40640
[POS] DPOFE: 2448
[POS] Cache cargado en 1902 ms
[POS] Refrescando cache DBF...
[POS] Cargando DBF...
[POS] MAPRE: 40640
[POS] DPOFE: 2448
[POS] Cache cargado en 1902 ms
[POS] Refrescando cache DBF...
[POS] Cargando DBF...
[POS] MAPRE: 40640
[POS] DPOFE: 2448
[POS] Cache cargado en 1909 ms
[POS] Refrescando cache DBF...
[POS] Cargando DBF...
[POS] MAPRE: 40640
[POS] DPOFE: 2448
[POS] Cache cargado en 1922 ms
[POS] Refrescando cache DBF...
[POS] Cargando DBF...
[POS] MAPRE: 40640
[POS] DPOFE: 2448
[POS] Cache cargado en 1919 ms
[POS] Refrescando cache DBF...
[POS] Cargando DBF...
[POS] MAPRE: 40640
[POS] DPOFE: 2448
[POS] Cache cargado en 1913 ms
[POS] Refrescando cache DBF...
[POS] Cargando DBF...
[POS] MAPRE: 40640
[POS] DPOFE: 2448
[POS] Cache cargado en 1914 ms
[POS] Refrescando cache DBF...
[POS] Cargando DBF...
[POS] MAPRE: 40640
[POS] DPOFE: 2448
[POS] Cache cargado en 1904 ms
[POS] Refrescando cache DBF...
[POS] Cargando DBF...
[POS] MAPRE: 40640
[POS] DPOFE: 2448
[POS] Cache cargado en 1902 ms
[POS] Refrescando cache DBF...
[POS] Cargando DBF...
[POS] MAPRE: 40640
[POS] DPOFE: 2448
[POS] Cache cargado en 1928 ms
[POS] Refrescando cache DBF...
[POS] Cargando DBF...
[POS] MAPRE: 40640
[POS] DPOFE: 2448
[POS] Cache cargado en 1924 ms
[POS] Refrescando cache DBF...
[POS] Cargando DBF...
[POS] MAPRE: 40640
[POS] DPOFE: 2448
[POS] Cache cargado en 1912 ms
[POS] Refrescando cache DBF...
[POS] Cargando DBF...
[POS] MAPRE: 40640
[POS] DPOFE: 2448
[POS] Cache cargado en 1918 ms
[POS] Refrescando cache DBF...
[POS] Cargando DBF...
[POS] MAPRE: 40640
[POS] DPOFE: 2448
[POS] Cache cargado en 1896 ms
[POS] Refrescando cache DBF...
[POS] Cargando DBF...
[POS] MAPRE: 40640
[POS] DPOFE: 2448
[POS] Cache cargado en 1906 ms
[POS] Refrescando cache DBF...
[POS] Cargando DBF...
[POS] MAPRE: 40640
[POS] DPOFE: 2448
[POS] Cache cargado en 1929 ms
[POS] Refrescando cache DBF...
[POS] Cargando DBF...
[POS] MAPRE: 40640
[POS] DPOFE: 2448
[POS] Cache cargado en 1909 ms
[POS] Refrescando cache DBF...
[POS] Cargando DBF...
[POS] MAPRE: 40640
[POS] DPOFE: 2448
[POS] Cache cargado en 1904 ms
[POS] Refrescando cache DBF...
[POS] Cargando DBF...
[POS] MAPRE: 40640
[POS] DPOFE: 2448
[POS] Cache cargado en 1905 ms
[POS] Refrescando cache DBF...
[POS] Cargando DBF...
[POS] MAPRE: 40640
[POS] DPOFE: 2448
[POS] Cache cargado en 1916 ms
[POS] Refrescando cache DBF...
[POS] Cargando DBF...
[POS] MAPRE: 40640
[POS] DPOFE: 2448
[POS] Cache cargado en 1914 ms
[POS] Refrescando cache DBF...
[POS] Cargando DBF...
[POS] MAPRE: 40640
[POS] DPOFE: 2448
[POS] Cache cargado en 1915 ms
[POS] Refrescando cache DBF...
[POS] Cargando DBF...
[POS] MAPRE: 40640
[POS] DPOFE: 2448
[POS] Cache cargado en 1918 ms
[POS] Refrescando cache DBF...
[POS] Cargando DBF...
[POS] MAPRE: 40640
[POS] DPOFE: 2448
[POS] Cache cargado en 1893 ms
[POS] Refrescando cache DBF...
[POS] Cargando DBF...
[POS] MAPRE: 40640
[POS] DPOFE: 2448
[POS] Cache cargado en 1898 ms
[POS] Refrescando cache DBF...
[POS] Cargando DBF...
[POS] MAPRE: 40640
[POS] DPOFE: 2448
[POS] Cache cargado en 1918 ms
[POS] Refrescando cache DBF...
[POS] Cargando DBF...
[POS] MAPRE: 40640
[POS] DPOFE: 2448
[POS] Cache cargado en 1910 ms
[POS] Refrescando cache DBF...
[POS] Cargando DBF...
[POS] MAPRE: 40640
[POS] DPOFE: 2448
[POS] Cache cargado en 1914 ms
[POS] Refrescando cache DBF...
[POS] Cargando DBF...
[POS] MAPRE: 40640
[POS] DPOFE: 2448
[POS] Cache cargado en 1892 ms
[POS] Refrescando cache DBF...
[POS] Cargando DBF...
[POS] MAPRE: 40640
[POS] DPOFE: 2448
[POS] Cache cargado en 1928 ms
[POS] Refrescando cache DBF...
[POS] Cargando DBF...
[POS] MAPRE: 40640
[POS] DPOFE: 2448
[POS] Cache cargado en 1915 ms
[POS] Refrescando cache DBF...
[POS] Cargando DBF...
[POS] MAPRE: 40640
[POS] DPOFE: 2448
[POS] Cache cargado en 1900 ms
[POS] Refrescando cache DBF...
[POS] Cargando DBF...
[POS] MAPRE: 40640
[POS] DPOFE: 2448
[POS] Cache cargado en 1905 ms
[POS] Refrescando cache DBF...
[POS] Cargando DBF...
[POS] MAPRE: 40640
[POS] DPOFE: 2448
[POS] Cache cargado en 1915 ms
[POS] Refrescando cache DBF...
[POS] Cargando DBF...
[POS] MAPRE: 40640
[POS] DPOFE: 2448
[POS] Cache cargado en 1912 ms
[POS] Refrescando cache DBF...
[POS] Cargando DBF...
[POS] MAPRE: 40640
[POS] DPOFE: 2448
[POS] Cache cargado en 1907 ms
[POS] Refrescando cache DBF...
[POS] Cargando DBF...
[POS] MAPRE: 40640
[POS] DPOFE: 2448
[POS] Cache cargado en 1901 ms
[POS] Refrescando cache DBF...
[POS] Cargando DBF...
[POS] MAPRE: 40640
[POS] DPOFE: 2448
[POS] Cache cargado en 1906 ms
[POS] Refrescando cache DBF...
[POS] Cargando DBF...
[POS] MAPRE: 40640
[POS] DPOFE: 2448
[POS] Cache cargado en 1922 ms
[POS] Refrescando cache DBF...
[POS] Cargando DBF...
[POS] MAPRE: 40640
[POS] DPOFE: 2448
[POS] Cache cargado en 1920 ms
[POS] Refrescando cache DBF...
[POS] Cargando DBF...
[POS] MAPRE: 40640
[POS] DPOFE: 2448
[POS] Cache cargado en 1903 ms
[POS] Refrescando cache DBF...
[POS] Cargando DBF...
[POS] MAPRE: 40640
[POS] DPOFE: 2448
[POS] Cache cargado en 1895 ms
[POS] Refrescando cache DBF...
[POS] Cargando DBF...
[POS] MAPRE: 40640
[POS] DPOFE: 2448
[POS] Cache cargado en 1907 ms
[POS] Refrescando cache DBF...
[POS] Cargando DBF...
[POS] MAPRE: 40640
[POS] DPOFE: 2448
[POS] Cache cargado en 1905 ms
[POS] Refrescando cache DBF...
[POS] Cargando DBF...
[POS] MAPRE: 40640
[POS] DPOFE: 2448
[POS] Cache cargado en 1908 ms
[POS] Refrescando cache DBF...
[POS] Cargando DBF...
[POS] MAPRE: 40640
[POS] DPOFE: 2448
[POS] Cache cargado en 1891 ms
[POS] Refrescando cache DBF...
[POS] Cargando DBF...
[POS] MAPRE: 40640
[POS] DPOFE: 2448
[POS] Cache cargado en 1894 ms
[POS] Refrescando cache DBF...
[POS] Cargando DBF...
[POS] MAPRE: 40640
[POS] DPOFE: 2448
[POS] Cache cargado en 1922 ms
[POS] Refrescando cache DBF...
[POS] Cargando DBF...
[POS] MAPRE: 40640
[POS] DPOFE: 2448
[POS] Cache cargado en 1913 ms
[POS] Refrescando cache DBF...
[POS] Cargando DBF...
[POS] MAPRE: 40640
[POS] DPOFE: 2448
[POS] Cache cargado en 1922 ms
[POS] Refrescando cache DBF...
[POS] Cargando DBF...
[POS] MAPRE: 40640
[POS] DPOFE: 2448
[POS] Cache cargado en 1916 ms
[POS] Refrescando cache DBF...
[POS] Cargando DBF...
[POS] MAPRE: 40640
[POS] DPOFE: 2448
[POS] Cache cargado en 1916 ms
[POS] Refrescando cache DBF...
[POS] Cargando DBF...
[POS] MAPRE: 40640
[POS] DPOFE: 2448
[POS] Cache cargado en 1917 ms
[POS] Refrescando cache DBF...
[POS] Cargando DBF...
[POS] MAPRE: 40640
[POS] DPOFE: 2448
[POS] Cache cargado en 1911 ms
[POS] Refrescando cache DBF...
[POS] Cargando DBF...
[POS] MAPRE: 40640
[POS] DPOFE: 2448
[POS] Cache cargado en 1906 ms
[POS] Refrescando cache DBF...
[POS] Cargando DBF...
[POS] MAPRE: 40640
[POS] DPOFE: 2448
[POS] Cache cargado en 1923 ms
[POS] Refrescando cache DBF...
[POS] Cargando DBF...
[POS] MAPRE: 40640
[POS] DPOFE: 2448
[POS] Cache cargado en 1900 ms
[POS] Refrescando cache DBF...
[POS] Cargando DBF...
[POS] MAPRE: 40640
[POS] DPOFE: 2448
[POS] Cache cargado en 1911 ms
[POS] Refrescando cache DBF...
[POS] Cargando DBF...
[POS] MAPRE: 40640
[POS] DPOFE: 2448
[POS] Cache cargado en 1919 ms
[POS] Refrescando cache DBF...
[POS] Cargando DBF...
[POS] MAPRE: 40640
[POS] DPOFE: 2448
[POS] Cache cargado en 1917 ms
[POS] Refrescando cache DBF...
[POS] Cargando DBF...
[POS] MAPRE: 40640
[POS] DPOFE: 2448
[POS] Cache cargado en 1921 ms
[POS] Refrescando cache DBF...
[POS] Cargando DBF...
[POS] MAPRE: 40640
[POS] DPOFE: 2448
[POS] Cache cargado en 1919 ms
[POS] Refrescando cache DBF...
[POS] Cargando DBF...
[POS] MAPRE: 40640
[POS] DPOFE: 2448
[POS] Cache cargado en 1899 ms
[POS] Refrescando cache DBF...
[POS] Cargando DBF...
[POS] MAPRE: 40640
[POS] DPOFE: 2448
[POS] Cache cargado en 1919 ms
[POS] Refrescando cache DBF...
[POS] Cargando DBF...
[POS] MAPRE: 40640
[POS] DPOFE: 2448
[POS] Cache cargado en 1916 ms
[POS] Refrescando cache DBF...
[POS] Cargando DBF...
[POS] MAPRE: 40640
[POS] DPOFE: 2448
[POS] Cache cargado en 1929 ms
[POS] Refrescando cache DBF...
[POS] Cargando DBF...
[POS] MAPRE: 40640
[POS] DPOFE: 2448
[POS] Cache cargado en 1916 ms
[POS] Refrescando cache DBF...
[POS] Cargando DBF...
[POS] MAPRE: 40640
[POS] DPOFE: 2448
[POS] Cache cargado en 1906 ms
[POS] Refrescando cache DBF...
[POS] Cargando DBF...
[POS] MAPRE: 40640
[POS] DPOFE: 2448
[POS] Cache cargado en 1897 ms
[POS] Refrescando cache DBF...
[POS] Cargando DBF...
[POS] MAPRE: 40640
[POS] DPOFE: 2448
[POS] Cache cargado en 1928 ms
[POS] Refrescando cache DBF...
[POS] Cargando DBF...
[POS] MAPRE: 40640
[POS] DPOFE: 2448
[POS] Cache cargado en 1924 ms
[POS] Refrescando cache DBF...
[POS] Cargando DBF...
[POS] MAPRE: 40640
[POS] DPOFE: 2448
[POS] Cache cargado en 1918 ms
[POS] Refrescando cache DBF...
[POS] Cargando DBF...
[POS] MAPRE: 40640
[POS] DPOFE: 2448
[POS] Cache cargado en 1907 ms
[POS] Refrescando cache DBF...
[POS] Cargando DBF...
[POS] MAPRE: 40640
[POS] DPOFE: 2448
[POS] Cache cargado en 1909 ms
[POS] Refrescando cache DBF...
[POS] Cargando DBF...
[POS] MAPRE: 40640
[POS] DPOFE: 2448
[POS] Cache cargado en 1903 ms
[POS] Refrescando cache DBF...
[POS] Cargando DBF...
[POS] MAPRE: 40640
[POS] DPOFE: 2448
[POS] Cache cargado en 1919 ms
[POS] Refrescando cache DBF...
[POS] Cargando DBF...
[POS] MAPRE: 40640
[POS] DPOFE: 2448
[POS] Cache cargado en 1913 ms
[POS] Refrescando cache DBF...
[POS] Cargando DBF...
[POS] MAPRE: 40640
[POS] DPOFE: 2448
[POS] Cache cargado en 1921 ms
[POS] Refrescando cache DBF...
[POS] Cargando DBF...
[POS] MAPRE: 40640
[POS] DPOFE: 2448
[POS] Cache cargado en 1905 ms
[POS] Refrescando cache DBF...
[POS] Cargando DBF...
[POS] MAPRE: 40640
[POS] DPOFE: 2448
[POS] Cache cargado en 1926 ms
[POS] Refrescando cache DBF...
[POS] Cargando DBF...
[POS] MAPRE: 40640
[POS] DPOFE: 2448
[POS] Cache cargado en 1908 ms
[POS] Refrescando cache DBF...
[POS] Cargando DBF...
[POS] MAPRE: 40640
[POS] DPOFE: 2448
[POS] Cache cargado en 1911 ms
[POS] Refrescando cache DBF...
[POS] Cargando DBF...
[POS] MAPRE: 40640
[POS] DPOFE: 2448
[POS] Cache cargado en 1909 ms
[POS] Refrescando cache DBF...
[POS] Cargando DBF...
[POS] MAPRE: 40640
[POS] DPOFE: 2448
[POS] Cache cargado en 1916 ms
[POS] Refrescando cache DBF...
[POS] Cargando DBF...
[POS] MAPRE: 40640
[POS] DPOFE: 2448
[POS] Cache cargado en 1916 ms
[POS] Refrescando cache DBF...
[POS] Cargando DBF...
[POS] MAPRE: 40640
[POS] DPOFE: 2448
[POS] Cache cargado en 1913 ms
[POS] Refrescando cache DBF...
[POS] Cargando DBF...
[POS] MAPRE: 40640
[POS] DPOFE: 2448
[POS] Cache cargado en 1915 ms
[POS] Refrescando cache DBF...
[POS] Cargando DBF...
[POS] MAPRE: 40640
[POS] DPOFE: 2448
[POS] Cache cargado en 1934 ms
[POS] Refrescando cache DBF...
[POS] Cargando DBF...
[POS] MAPRE: 40640
[POS] DPOFE: 2448
[POS] Cache cargado en 1911 ms
[POS] Refrescando cache DBF...
[POS] Cargando DBF...
[POS] MAPRE: 40640
[POS] DPOFE: 2448
[POS] Cache cargado en 1918 ms
[POS] Refrescando cache DBF...
[POS] Cargando DBF...
[POS] MAPRE: 40640
[POS] DPOFE: 2448
[POS] Cache cargado en 1930 ms
[POS] Refrescando cache DBF...
[POS] Cargando DBF...
[POS] MAPRE: 40640
[POS] DPOFE: 2448
[POS] Cache cargado en 1903 ms
[POS] Refrescando cache DBF...
[POS] Cargando DBF...
[POS] MAPRE: 40640
[POS] DPOFE: 2448
[POS] Cache cargado en 1903 ms
[POS] Refrescando cache DBF...
[POS] Cargando DBF...
[POS] MAPRE: 40640
[POS] DPOFE: 2448
[POS] Cache cargado en 1911 ms
[POS] Refrescando cache DBF...
[POS] Cargando DBF...
[POS] MAPRE: 40640
[POS] DPOFE: 2448
[POS] Cache cargado en 1921 ms
[POS] Refrescando cache DBF...
[POS] Cargando DBF...
[POS] MAPRE: 40640
[POS] DPOFE: 2448
[POS] Cache cargado en 1917 ms
[POS] Refrescando cache DBF...
[POS] Cargando DBF...
[POS] MAPRE: 40640
[POS] DPOFE: 2448
[POS] Cache cargado en 1896 ms
[POS] Refrescando cache DBF...
[POS] Cargando DBF...
[POS] MAPRE: 40640
[POS] DPOFE: 2448
[POS] Cache cargado en 1919 ms
[POS] Refrescando cache DBF...
[POS] Cargando DBF...
[POS] MAPRE: 40640
[POS] DPOFE: 2448
[POS] Cache cargado en 1910 ms
[POS] Refrescando cache DBF...
[POS] Cargando DBF...
[POS] MAPRE: 40640
[POS] DPOFE: 2448
[POS] Cache cargado en 1914 ms
[POS] Refrescando cache DBF...
[POS] Cargando DBF...
[POS] MAPRE: 40640
[POS] DPOFE: 2448
[POS] Cache cargado en 1911 ms
[POS] Refrescando cache DBF...
[POS] Cargando DBF...
[POS] MAPRE: 40640
[POS] DPOFE: 2448
[POS] Cache cargado en 1919 ms
[POS] Refrescando cache DBF...
[POS] Cargando DBF...
[POS] MAPRE: 40640
[POS] DPOFE: 2448
[POS] Cache cargado en 1907 ms
[POS] Refrescando cache DBF...
[POS] Cargando DBF...
[POS] MAPRE: 40640
[POS] DPOFE: 2448
[POS] Cache cargado en 1926 ms
[POS] Refrescando cache DBF...
[POS] Cargando DBF...
[POS] MAPRE: 40640
[POS] DPOFE: 2448
[POS] Cache cargado en 1901 ms
[POS] Refrescando cache DBF...
[POS] Cargando DBF...
[POS] MAPRE: 40640
[POS] DPOFE: 2448
[POS] Cache cargado en 1922 ms
[POS] Refrescando cache DBF...
[POS] Cargando DBF...
[POS] MAPRE: 40640
[POS] DPOFE: 2448
[POS] Cache cargado en 1914 ms
[POS] Refrescando cache DBF...
[POS] Cargando DBF...
[POS] MAPRE: 40640
[POS] DPOFE: 2448
[POS] Cache cargado en 1902 ms
[POS] Refrescando cache DBF...
[POS] Cargando DBF...
[POS] MAPRE: 40640
[POS] DPOFE: 2448
[POS] Cache cargado en 1914 ms
[POS] Refrescando cache DBF...
[POS] Cargando DBF...
[POS] MAPRE: 40640
[POS] DPOFE: 2448
[POS] Cache cargado en 1907 ms
[POS] Refrescando cache DBF...
[POS] Cargando DBF...
[POS] MAPRE: 40640
[POS] DPOFE: 2448
[POS] Cache cargado en 1908 ms
[POS] Refrescando cache DBF...
[POS] Cargando DBF...
[POS] MAPRE: 40640
[POS] DPOFE: 2448
[POS] Cache cargado en 1943 ms
[POS] Refrescando cache DBF...
[POS] Cargando DBF...
[POS] MAPRE: 40640
[POS] DPOFE: 2448
[POS] Cache cargado en 1916 ms
[POS] Refrescando cache DBF...
[POS] Cargando DBF...
[POS] MAPRE: 40640
[POS] DPOFE: 2448
[POS] Cache cargado en 1926 ms
[POS] Refrescando cache DBF...
[POS] Cargando DBF...
[POS] MAPRE: 40640
[POS] DPOFE: 2448
[POS] Cache cargado en 1909 ms
[POS] Refrescando cache DBF...
[POS] Cargando DBF...
[POS] MAPRE: 40640
[POS] DPOFE: 2448
[POS] Cache cargado en 1921 ms
[POS] Refrescando cache DBF...
[POS] Cargando DBF...
[POS] MAPRE: 40640
[POS] DPOFE: 2448
[POS] Cache cargado en 1889 ms
[POS] Refrescando cache DBF...
[POS] Cargando DBF...
[POS] MAPRE: 40640
[POS] DPOFE: 2448
[POS] Cache cargado en 1925 ms
[POS] Refrescando cache DBF...
[POS] Cargando DBF...
[POS] MAPRE: 40640
[POS] DPOFE: 2448
[POS] Cache cargado en 1915 ms
[POS] Refrescando cache DBF...
[POS] Cargando DBF...
[POS] MAPRE: 40640
[POS] DPOFE: 2448
[POS] Cache cargado en 1935 ms
[POS] Refrescando cache DBF...
[POS] Cargando DBF...
[POS] MAPRE: 40640
[POS] DPOFE: 2448
[POS] Cache cargado en 1909 ms
[POS] Refrescando cache DBF...
[POS] Cargando DBF...
[POS] MAPRE: 40640
[POS] DPOFE: 2448
[POS] Cache cargado en 1942 ms
[POS] Refrescando cache DBF...
[POS] Cargando DBF...
[POS] MAPRE: 40640
[POS] DPOFE: 2448
[POS] Cache cargado en 1913 ms
[POS] Refrescando cache DBF...
[POS] Cargando DBF...
[POS] MAPRE: 40640
[POS] DPOFE: 2448
[POS] Cache cargado en 1927 ms
[POS] Refrescando cache DBF...
[POS] Cargando DBF...
[POS] MAPRE: 40640
[POS] DPOFE: 2448
[POS] Cache cargado en 1898 ms
[POS] Refrescando cache DBF...
[POS] Cargando DBF...
[POS] MAPRE: 40640
[POS] DPOFE: 2448
[POS] Cache cargado en 1924 ms
[POS] Refrescando cache DBF...
[POS] Cargando DBF...
[POS] MAPRE: 40640
[POS] DPOFE: 2448
[POS] Cache cargado en 1928 ms
[POS] Refrescando cache DBF...
[POS] Cargando DBF...
[POS] MAPRE: 40640
[POS] DPOFE: 2448
[POS] Cache cargado en 1931 ms
[POS] Refrescando cache DBF...
[POS] Cargando DBF...
[POS] MAPRE: 40640
[POS] DPOFE: 2448
[POS] Cache cargado en 1909 ms
[POS] Refrescando cache DBF...
[POS] Cargando DBF...
[POS] MAPRE: 40640
[POS] DPOFE: 2448
[POS] Cache cargado en 1924 ms
[POS] Refrescando cache DBF...
[POS] Cargando DBF...
[POS] MAPRE: 40640
[POS] DPOFE: 2448
[POS] Cache cargado en 1916 ms
[POS] Refrescando cache DBF...
[POS] Cargando DBF...
[POS] MAPRE: 40640
[POS] DPOFE: 2448
[POS] Cache cargado en 1935 ms
[POS] Refrescando cache DBF...
[POS] Cargando DBF...
[POS] MAPRE: 40640
[POS] DPOFE: 2448
[POS] Cache cargado en 1911 ms
[POS] Refrescando cache DBF...
[POS] Cargando DBF...
[POS] MAPRE: 40640
[POS] DPOFE: 2448
[POS] Cache cargado en 1922 ms
[POS] Refrescando cache DBF...
[POS] Cargando DBF...
[POS] MAPRE: 40640
[POS] DPOFE: 2448
[POS] Cache cargado en 1915 ms
[POS] Refrescando cache DBF...
[POS] Cargando DBF...
[POS] MAPRE: 40640
[POS] DPOFE: 2448
[POS] Cache cargado en 1918 ms
[POS] Refrescando cache DBF...
[POS] Cargando DBF...
[POS] MAPRE: 40640
[POS] DPOFE: 2448
[POS] Cache cargado en 1896 ms
[POS] Refrescando cache DBF...
[POS] Cargando DBF...
[POS] MAPRE: 40640
[POS] DPOFE: 2448
[POS] Cache cargado en 1921 ms
[POS] Refrescando cache DBF...
[POS] Cargando DBF...
[POS] MAPRE: 40640
[POS] DPOFE: 2448
[POS] Cache cargado en 1918 ms
[POS] Refrescando cache DBF...
[POS] Cargando DBF...
[POS] MAPRE: 40640
[POS] DPOFE: 2448
[POS] Cache cargado en 1931 ms
[POS] Refrescando cache DBF...
[POS] Cargando DBF...
[POS] MAPRE: 40640
[POS] DPOFE: 2448
[POS] Cache cargado en 1916 ms
[POS] Refrescando cache DBF...
[POS] Cargando DBF...
[POS] MAPRE: 40640
[POS] DPOFE: 2448
[POS] Cache cargado en 1902 ms
[POS] Refrescando cache DBF...
[POS] Cargando DBF...
[POS] MAPRE: 40640
[POS] DPOFE: 2448
[POS] Cache cargado en 1914 ms
[POS] Refrescando cache DBF...
[POS] Cargando DBF...
[POS] MAPRE: 40640
[POS] DPOFE: 2448
[POS] Cache cargado en 1931 ms
[POS] Refrescando cache DBF...
[POS] Cargando DBF...
[POS] MAPRE: 40640
[POS] DPOFE: 2448
[POS] Cache cargado en 1903 ms
[POS] Refrescando cache DBF...
[POS] Cargando DBF...
[POS] MAPRE: 40640
[POS] DPOFE: 2448
[POS] Cache cargado en 1913 ms
[POS] Refrescando cache DBF...
[POS] Cargando DBF...
[POS] MAPRE: 40640
[POS] DPOFE: 2448
[POS] Cache cargado en 1920 ms
[POS] Refrescando cache DBF...
[POS] Cargando DBF...
[POS] MAPRE: 40640
[POS] DPOFE: 2448
[POS] Cache cargado en 1918 ms
[POS] Refrescando cache DBF...
[POS] Cargando DBF...
[POS] MAPRE: 40640
[POS] DPOFE: 2448
[POS] Cache cargado en 1898 ms
[POS] Refrescando cache DBF...
[POS] Cargando DBF...
[POS] MAPRE: 40640
[POS] DPOFE: 2448
[POS] Cache cargado en 1928 ms
[POS] Refrescando cache DBF...
[POS] Cargando DBF...
[POS] MAPRE: 40640
[POS] DPOFE: 2448
[POS] Cache cargado en 1916 ms
[POS] Refrescando cache DBF...
[POS] Cargando DBF...
[POS] MAPRE: 40640
[POS] DPOFE: 2448
[POS] Cache cargado en 1916 ms
[POS] Refrescando cache DBF...
[POS] Cargando DBF...
[POS] MAPRE: 40640
[POS] DPOFE: 2448
[POS] Cache cargado en 1929 ms
[POS] Refrescando cache DBF...
[POS] Cargando DBF...
[POS] MAPRE: 40640
[POS] DPOFE: 2448
[POS] Cache cargado en 1936 ms
[POS] Refrescando cache DBF...
[POS] Cargando DBF...
[POS] MAPRE: 40640
[POS] DPOFE: 2448
[POS] Cache cargado en 1905 ms
[POS] Refrescando cache DBF...
[POS] Cargando DBF...
[POS] MAPRE: 40640
[POS] DPOFE: 2448
[POS] Cache cargado en 1917 ms
[POS] Refrescando cache DBF...
[POS] Cargando DBF...
[POS] MAPRE: 40640
[POS] DPOFE: 2448
[POS] Cache cargado en 1909 ms
[POS] Refrescando cache DBF...
[POS] Cargando DBF...
[POS] MAPRE: 40640
[POS] DPOFE: 2448
[POS] Cache cargado en 1932 ms
[POS] Refrescando cache DBF...
[POS] Cargando DBF...
[POS] MAPRE: 40640
[POS] DPOFE: 2448
[POS] Cache cargado en 1901 ms
[POS] Refrescando cache DBF...
[POS] Cargando DBF...
[POS] MAPRE: 40640
[POS] DPOFE: 2448
[POS] Cache cargado en 1924 ms
[POS] Refrescando cache DBF...
[POS] Cargando DBF...
[POS] MAPRE: 40640
[POS] DPOFE: 2448
[POS] Cache cargado en 1909 ms
[POS] Refrescando cache DBF...
[POS] Cargando DBF...
[POS] MAPRE: 40640
[POS] DPOFE: 2448
[POS] Cache cargado en 1919 ms
[POS] Refrescando cache DBF...
[POS] Cargando DBF...
[POS] MAPRE: 40640
[POS] DPOFE: 2448
[POS] Cache cargado en 1908 ms
[POS] Refrescando cache DBF...
[POS] Cargando DBF...
[POS] MAPRE: 40640
[POS] DPOFE: 2448
[POS] Cache cargado en 1924 ms
[POS] Refrescando cache DBF...
[POS] Cargando DBF...
[POS] MAPRE: 40640
[POS] DPOFE: 2448
[POS] Cache cargado en 1907 ms
[POS] Refrescando cache DBF...
[POS] Cargando DBF...
[POS] MAPRE: 40640
[POS] DPOFE: 2448
[POS] Cache cargado en 1900 ms
[POS] Refrescando cache DBF...
[POS] Cargando DBF...
[POS] MAPRE: 40640
[POS] DPOFE: 2448
[POS] Cache cargado en 1903 ms
[POS] Refrescando cache DBF...
[POS] Cargando DBF...
[POS] MAPRE: 40640
[POS] DPOFE: 2448
[POS] Cache cargado en 1911 ms
[POS] Refrescando cache DBF...
[POS] Cargando DBF...
[POS] MAPRE: 40640
[POS] DPOFE: 2448
[POS] Cache cargado en 1901 ms
[POS] Refrescando cache DBF...
[POS] Cargando DBF...
[POS] MAPRE: 40640
[POS] DPOFE: 2448
[POS] Cache cargado en 1926 ms
[POS] Refrescando cache DBF...
[POS] Cargando DBF...
[POS] MAPRE: 40640
[POS] DPOFE: 2448
[POS] Cache cargado en 1911 ms
[POS] Refrescando cache DBF...
[POS] Cargando DBF...
[POS] MAPRE: 40640
[POS] DPOFE: 2448
[POS] Cache cargado en 1915 ms
[POS] Refrescando cache DBF...
[POS] Cargando DBF...
[POS] MAPRE: 40640
[POS] DPOFE: 2448
[POS] Cache cargado en 1907 ms
[POS] Refrescando cache DBF...
[POS] Cargando DBF...
[POS] MAPRE: 40640
[POS] DPOFE: 2448
[POS] Cache cargado en 1925 ms
[POS] Refrescando cache DBF...
[POS] Cargando DBF...
[POS] MAPRE: 40640
[POS] DPOFE: 2448
[POS] Cache cargado en 1914 ms
[POS] Refrescando cache DBF...
[POS] Cargando DBF...
[POS] MAPRE: 40640
[POS] DPOFE: 2448
[POS] Cache cargado en 1926 ms
[POS] Refrescando cache DBF...
[POS] Cargando DBF...
[POS] MAPRE: 40640
[POS] DPOFE: 2448
[POS] Cache cargado en 1913 ms
[POS] Refrescando cache DBF...
[POS] Cargando DBF...
[POS] MAPRE: 40640
[POS] DPOFE: 2448
[POS] Cache cargado en 1918 ms
[POS] Refrescando cache DBF...
[POS] Cargando DBF...
[POS] MAPRE: 40640
[POS] DPOFE: 2448
[POS] Cache cargado en 1904 ms
[POS] Refrescando cache DBF...
[POS] Cargando DBF...
[POS] MAPRE: 40640
[POS] DPOFE: 2448
[POS] Cache cargado en 1931 ms
[POS] Refrescando cache DBF...
[POS] Cargando DBF...
[POS] MAPRE: 40640
[POS] DPOFE: 2448
[POS] Cache cargado en 1916 ms
[POS] Refrescando cache DBF...
[POS] Cargando DBF...
[POS] MAPRE: 40640
[POS] DPOFE: 2448
[POS] Cache cargado en 1927 ms
[POS] Refrescando cache DBF...
[POS] Cargando DBF...
[POS] MAPRE: 40640
[POS] DPOFE: 2448
[POS] Cache cargado en 1906 ms
[POS] Refrescando cache DBF...
[POS] Cargando DBF...
[POS] MAPRE: 40640
[POS] DPOFE: 2448
[POS] Cache cargado en 1911 ms
[POS] Refrescando cache DBF...
[POS] Cargando DBF...
[POS] MAPRE: 40640
[POS] DPOFE: 2448
[POS] Cache cargado en 1899 ms
[POS] Refrescando cache DBF...
[POS] Cargando DBF...
[POS] MAPRE: 40640
[POS] DPOFE: 2448
[POS] Cache cargado en 1937 ms
[POS] Refrescando cache DBF...
[POS] Cargando DBF...
[POS] MAPRE: 40640
[POS] DPOFE: 2448
[POS] Cache cargado en 1909 ms
[POS] Refrescando cache DBF...
[POS] Cargando DBF...
[POS] MAPRE: 40640
[POS] DPOFE: 2448
[POS] Cache cargado en 1925 ms
[POS] Refrescando cache DBF...
[POS] Cargando DBF...
[POS] MAPRE: 40640
[POS] DPOFE: 2448
[POS] Cache cargado en 1909 ms
[POS] Refrescando cache DBF...
[POS] Cargando DBF...
[POS] MAPRE: 40640
[POS] DPOFE: 2448
[POS] Cache cargado en 1920 ms
[POS] Refrescando cache DBF...
[POS] Cargando DBF...
[POS] MAPRE: 40640
[POS] DPOFE: 2448
[POS] Cache cargado en 1920 ms
[POS] Refrescando cache DBF...
[POS] Cargando DBF...
[POS] MAPRE: 40640
[POS] DPOFE: 2448
[POS] Cache cargado en 1927 ms
[POS] Refrescando cache DBF...
[POS] Cargando DBF...
[POS] MAPRE: 40640
[POS] DPOFE: 2448
[POS] Cache cargado en 1919 ms
[POS] Refrescando cache DBF...
[POS] Cargando DBF...
[POS] MAPRE: 40640
[POS] DPOFE: 2448
[POS] Cache cargado en 1906 ms
[POS] Refrescando cache DBF...
[POS] Cargando DBF...
[POS] MAPRE: 40640
[POS] DPOFE: 2448
[POS] Cache cargado en 1915 ms
[POS] Refrescando cache DBF...
[POS] Cargando DBF...
[POS] MAPRE: 40640
[POS] DPOFE: 2448
[POS] Cache cargado en 1926 ms
[POS] Refrescando cache DBF...
[POS] Cargando DBF...
[POS] MAPRE: 40640
[POS] DPOFE: 2448
[POS] Cache cargado en 1901 ms
[POS] Refrescando cache DBF...
[POS] Cargando DBF...
[POS] MAPRE: 40640
[POS] DPOFE: 2448
[POS] Cache cargado en 1925 ms
[POS] Refrescando cache DBF...
[POS] Cargando DBF...
[POS] MAPRE: 40640
[POS] DPOFE: 2448
[POS] Cache cargado en 1902 ms
[POS] Refrescando cache DBF...
[POS] Cargando DBF...
[POS] MAPRE: 40640
[POS] DPOFE: 2448
[POS] Cache cargado en 1932 ms
[POS] Refrescando cache DBF...
[POS] Cargando DBF...
[POS] MAPRE: 40640
[POS] DPOFE: 2448
[POS] Cache cargado en 1913 ms
[POS] Refrescando cache DBF...
[POS] Cargando DBF...
[POS] MAPRE: 40640
[POS] DPOFE: 2448
[POS] Cache cargado en 1915 ms
[POS] Refrescando cache DBF...
[POS] Cargando DBF...
[POS] MAPRE: 40640
[POS] DPOFE: 2448
[POS] Cache cargado en 1910 ms
[POS] Refrescando cache DBF...
[POS] Cargando DBF...
[POS] MAPRE: 40640
[POS] DPOFE: 2448
[POS] Cache cargado en 1924 ms
[POS] Refrescando cache DBF...
[POS] Cargando DBF...
[POS] MAPRE: 40640
[POS] DPOFE: 2448
[POS] Cache cargado en 1897 ms
[POS] Refrescando cache DBF...
[POS] Cargando DBF...
[POS] MAPRE: 40640
[POS] DPOFE: 2448
[POS] Cache cargado en 1915 ms
[POS] Refrescando cache DBF...
[POS] Cargando DBF...
[POS] MAPRE: 40640
[POS] DPOFE: 2448
[POS] Cache cargado en 1915 ms
[POS] Refrescando cache DBF...
[POS] Cargando DBF...
[POS] MAPRE: 40640
[POS] DPOFE: 2448
[POS] Cache cargado en 1921 ms
[POS] Refrescando cache DBF...
[POS] Cargando DBF...
[POS] MAPRE: 40640
[POS] DPOFE: 2448
[POS] Cache cargado en 1914 ms
[POS] Refrescando cache DBF...
[POS] Cargando DBF...
[POS] MAPRE: 40640
[POS] DPOFE: 2448
[POS] Cache cargado en 1922 ms
[POS] Refrescando cache DBF...
[POS] Cargando DBF...
[POS] MAPRE: 40640
[POS] DPOFE: 2448
[POS] Cache cargado en 1906 ms
[POS] Refrescando cache DBF...
[POS] Cargando DBF...
[POS] MAPRE: 40640
[POS] DPOFE: 2448
[POS] Cache cargado en 1912 ms
[POS] Refrescando cache DBF...
[POS] Cargando DBF...
[POS] MAPRE: 40640
[POS] DPOFE: 2448
[POS] Cache cargado en 1915 ms
[POS] Refrescando cache DBF...
[POS] Cargando DBF...
[POS] MAPRE: 40640
[POS] DPOFE: 2448
[POS] Cache cargado en 1938 ms
[POS] Refrescando cache DBF...
[POS] Cargando DBF...
[POS] MAPRE: 40640
[POS] DPOFE: 2448
[POS] Cache cargado en 1928 ms
[POS] Refrescando cache DBF...
[POS] Cargando DBF...
[POS] MAPRE: 40640
[POS] DPOFE: 2448
[POS] Cache cargado en 1903 ms
[POS] Refrescando cache DBF...
[POS] Cargando DBF...
[POS] MAPRE: 40640
[POS] DPOFE: 2448
[POS] Cache cargado en 1899 ms
[POS] Refrescando cache DBF...
[POS] Cargando DBF...
[POS] MAPRE: 40640
[POS] DPOFE: 2448
[POS] Cache cargado en 1922 ms
[POS] Refrescando cache DBF...
[POS] Cargando DBF...
[POS] MAPRE: 40640
[POS] DPOFE: 2448
[POS] Cache cargado en 1920 ms
[POS] Refrescando cache DBF...
[POS] Cargando DBF...
[POS] MAPRE: 40640
[POS] DPOFE: 2448
[POS] Cache cargado en 1927 ms
[POS] Refrescando cache DBF...
[POS] Cargando DBF...
[POS] MAPRE: 40640
[POS] DPOFE: 2448
[POS] Cache cargado en 1904 ms
[POS] Refrescando cache DBF...
[POS] Cargando DBF...
[POS] MAPRE: 40640
[POS] DPOFE: 2448
[POS] Cache cargado en 1923 ms
[POS] Refrescando cache DBF...
[POS] Cargando DBF...
[POS] MAPRE: 40640
[POS] DPOFE: 2448
[POS] Cache cargado en 1922 ms
[POS] Refrescando cache DBF...
[POS] Cargando DBF...
[POS] MAPRE: 40640
[POS] DPOFE: 2448
[POS] Cache cargado en 1918 ms
[POS] Refrescando cache DBF...
[POS] Cargando DBF...
[POS] MAPRE: 40640
[POS] DPOFE: 2448
[POS] Cache cargado en 1901 ms
[POS] Refrescando cache DBF...
[POS] Cargando DBF...
[POS] MAPRE: 40640
[POS] DPOFE: 2448
[POS] Cache cargado en 1945 ms
[POS] Refrescando cache DBF...
[POS] Cargando DBF...
[POS] MAPRE: 40640
[POS] DPOFE: 2448
[POS] Cache cargado en 1920 ms
[POS] Refrescando cache DBF...
[POS] Cargando DBF...
[POS] MAPRE: 40640
[POS] DPOFE: 2448
[POS] Cache cargado en 1918 ms
[POS] Refrescando cache DBF...
[POS] Cargando DBF...
[POS] MAPRE: 40640
[POS] DPOFE: 2448
[POS] Cache cargado en 1897 ms
[POS] Refrescando cache DBF...
[POS] Cargando DBF...
[POS] MAPRE: 40640
[POS] DPOFE: 2448
[POS] Cache cargado en 1928 ms
[POS] Refrescando cache DBF...
[POS] Cargando DBF...
[POS] MAPRE: 40640
[POS] DPOFE: 2448
[POS] Cache cargado en 1922 ms
[POS] Refrescando cache DBF...
[POS] Cargando DBF...
[POS] MAPRE: 40640
[POS] DPOFE: 2448
[POS] Cache cargado en 1944 ms
[POS] Refrescando cache DBF...
[POS] Cargando DBF...
[POS] MAPRE: 40640
[POS] DPOFE: 2448
[POS] Cache cargado en 1913 ms
[POS] Refrescando cache DBF...
[POS] Cargando DBF...
[POS] MAPRE: 40640
[POS] DPOFE: 2448
[POS] Cache cargado en 1925 ms
[POS] Refrescando cache DBF...
[POS] Cargando DBF...
[POS] MAPRE: 40640
[POS] DPOFE: 2448
[POS] Cache cargado en 1904 ms
[POS] Refrescando cache DBF...
[POS] Cargando DBF...
[POS] MAPRE: 40640
[POS] DPOFE: 2448
[POS] Cache cargado en 1924 ms
[POS] Refrescando cache DBF...
[POS] Cargando DBF...
[POS] MAPRE: 40640
[POS] DPOFE: 2448
[POS] Cache cargado en 1902 ms
[POS] Refrescando cache DBF...
[POS] Cargando DBF...
[POS] MAPRE: 40640
[POS] DPOFE: 2448
[POS] Cache cargado en 1924 ms
[POS] Refrescando cache DBF...
[POS] Cargando DBF...
[POS] MAPRE: 40640
[POS] DPOFE: 2448
[POS] Cache cargado en 1916 ms
[POS] Refrescando cache DBF...
[POS] Cargando DBF...
[POS] MAPRE: 40640
[POS] DPOFE: 2448
[POS] Cache cargado en 1921 ms
[POS] Refrescando cache DBF...
[POS] Cargando DBF...
[POS] MAPRE: 40640
[POS] DPOFE: 2448
[POS] Cache cargado en 1887 ms
[POS] Refrescando cache DBF...
[POS] Cargando DBF...
[POS] MAPRE: 40640
[POS] DPOFE: 2448
[POS] Cache cargado en 1917 ms
[POS] Refrescando cache DBF...
[POS] Cargando DBF...
[POS] MAPRE: 40640
[POS] DPOFE: 2448
[POS] Cache cargado en 1922 ms
[POS] Refrescando cache DBF...
[POS] Cargando DBF...
[POS] MAPRE: 40640
[POS] DPOFE: 2448
[POS] Cache cargado en 1923 ms
[POS] Refrescando cache DBF...
[POS] Cargando DBF...
[POS] MAPRE: 40640
[POS] DPOFE: 2448
[POS] Cache cargado en 1908 ms
[POS] Refrescando cache DBF...
[POS] Cargando DBF...
[POS] MAPRE: 40640
[POS] DPOFE: 2448
[POS] Cache cargado en 1917 ms
[POS] Refrescando cache DBF...
[POS] Cargando DBF...
[POS] MAPRE: 40640
[POS] DPOFE: 2448
[POS] Cache cargado en 1906 ms
[POS] Refrescando cache DBF...
[POS] Cargando DBF...
[POS] MAPRE: 40640
[POS] DPOFE: 2448
[POS] Cache cargado en 1926 ms
[POS] Refrescando cache DBF...
[POS] Cargando DBF...
[POS] MAPRE: 40640
[POS] DPOFE: 2448
[POS] Cache cargado en 1916 ms
[POS] Refrescando cache DBF...
[POS] Cargando DBF...
[POS] MAPRE: 40640
[POS] DPOFE: 2448
[POS] Cache cargado en 1919 ms
[POS] Refrescando cache DBF...
[POS] Cargando DBF...
[POS] MAPRE: 40640
[POS] DPOFE: 2448
[POS] Cache cargado en 1905 ms
[POS] Refrescando cache DBF...
[POS] Cargando DBF...
[POS] MAPRE: 40640
[POS] DPOFE: 2448
[POS] Cache cargado en 1931 ms
[POS] Refrescando cache DBF...
[POS] Cargando DBF...
[POS] MAPRE: 40640
[POS] DPOFE: 2448
[POS] Cache cargado en 1893 ms
[POS] Refrescando cache DBF...
[POS] Cargando DBF...
[POS] MAPRE: 40640
[POS] DPOFE: 2448
[POS] Cache cargado en 1897 ms
[POS] Refrescando cache DBF...
[POS] Cargando DBF...
[POS] MAPRE: 40640
[POS] DPOFE: 2448
[POS] Cache cargado en 1912 ms
[POS] Refrescando cache DBF...
[POS] Cargando DBF...
[POS] MAPRE: 40640
[POS] DPOFE: 2448
[POS] Cache cargado en 1921 ms
[POS] Refrescando cache DBF...
[POS] Cargando DBF...
[POS] MAPRE: 40640
[POS] DPOFE: 2448
[POS] Cache cargado en 1915 ms
[POS] Refrescando cache DBF...
[POS] Cargando DBF...
[POS] MAPRE: 40640
[POS] DPOFE: 2448
[POS] Cache cargado en 1913 ms
[POS] Refrescando cache DBF...
[POS] Cargando DBF...
[POS] MAPRE: 40640
[POS] DPOFE: 2448
[POS] Cache cargado en 1905 ms
[POS] Refrescando cache DBF...
[POS] Cargando DBF...
[POS] MAPRE: 40640
[POS] DPOFE: 2448
[POS] Cache cargado en 1903 ms
[POS] Refrescando cache DBF...
[POS] Cargando DBF...
[POS] MAPRE: 40640
[POS] DPOFE: 2448
[POS] Cache cargado en 1913 ms
[POS] Refrescando cache DBF...
[POS] Cargando DBF...
[POS] MAPRE: 40640
[POS] DPOFE: 2448
[POS] Cache cargado en 1902 ms
[POS] Refrescando cache DBF...
[POS] Cargando DBF...
[POS] MAPRE: 40640
[POS] DPOFE: 2448
[POS] Cache cargado en 1918 ms
[POS] Refrescando cache DBF...
[POS] Cargando DBF...
[POS] MAPRE: 40640
[POS] DPOFE: 2448
[POS] Cache cargado en 1924 ms
[POS] Refrescando cache DBF...
[POS] Cargando DBF...
[POS] MAPRE: 40640
[POS] DPOFE: 2448
[POS] Cache cargado en 1918 ms
[POS] Refrescando cache DBF...
[POS] Cargando DBF...
[POS] MAPRE: 40640
[POS] DPOFE: 2448
[POS] Cache cargado en 1920 ms
[POS] Refrescando cache DBF...
[POS] Cargando DBF...
[POS] MAPRE: 40640
[POS] DPOFE: 2448
[POS] Cache cargado en 1910 ms
[POS] Refrescando cache DBF...
[POS] Cargando DBF...
[POS] MAPRE: 40640
[POS] DPOFE: 2448
[POS] Cache cargado en 1914 ms
[POS] Refrescando cache DBF...
[POS] Cargando DBF...
[POS] MAPRE: 40640
[POS] DPOFE: 2448
[POS] Cache cargado en 1906 ms
[POS] Refrescando cache DBF...
[POS] Cargando DBF...
[POS] MAPRE: 40640
[POS] DPOFE: 2448
[POS] Cache cargado en 1933 ms
[POS] Refrescando cache DBF...
[POS] Cargando DBF...
[POS] MAPRE: 40640
[POS] DPOFE: 2448
[POS] Cache cargado en 1919 ms
[POS] Refrescando cache DBF...
[POS] Cargando DBF...
[POS] MAPRE: 40640
[POS] DPOFE: 2448
[POS] Cache cargado en 1898 ms
[POS] Refrescando cache DBF...
[POS] Cargando DBF...
[POS] MAPRE: 40640
[POS] DPOFE: 2448
[POS] Cache cargado en 1908 ms
[POS] Refrescando cache DBF...
[POS] Cargando DBF...
[POS] MAPRE: 40640
[POS] DPOFE: 2448
[POS] Cache cargado en 1917 ms
[POS] Refrescando cache DBF...
[POS] Cargando DBF...
[POS] MAPRE: 40640
[POS] DPOFE: 2448
[POS] Cache cargado en 1908 ms
[POS] Refrescando cache DBF...
[POS] Cargando DBF...
[POS] MAPRE: 40640
[POS] DPOFE: 2448
[POS] Cache cargado en 1923 ms
[POS] Refrescando cache DBF...
[POS] Cargando DBF...
[POS] MAPRE: 40640
[POS] DPOFE: 2448
[POS] Cache cargado en 1900 ms
[POS] Refrescando cache DBF...
[POS] Cargando DBF...
[POS] MAPRE: 40640
[POS] DPOFE: 2448
[POS] Cache cargado en 1920 ms
[POS] Refrescando cache DBF...
[POS] Cargando DBF...
[POS] MAPRE: 40640
[POS] DPOFE: 2448
[POS] Cache cargado en 1911 ms
[POS] Refrescando cache DBF...
[POS] Cargando DBF...
[POS] MAPRE: 40640
[POS] DPOFE: 2448
[POS] Cache cargado en 1919 ms
[POS] Refrescando cache DBF...
[POS] Cargando DBF...
[POS] MAPRE: 40640
[POS] DPOFE: 2448
[POS] Cache cargado en 1915 ms
[POS] Refrescando cache DBF...
[POS] Cargando DBF...
[POS] MAPRE: 40640
[POS] DPOFE: 2448
[POS] Cache cargado en 1922 ms
[POS] Refrescando cache DBF...
[POS] Cargando DBF...
[POS] MAPRE: 40640
[POS] DPOFE: 2448
[POS] Cache cargado en 1901 ms
[POS] Refrescando cache DBF...
[POS] Cargando DBF...
[POS] MAPRE: 40640
[POS] DPOFE: 2448
[POS] Cache cargado en 1942 ms
[POS] Refrescando cache DBF...
[POS] Cargando DBF...
[POS] MAPRE: 40640
[POS] DPOFE: 2448
[POS] Cache cargado en 1925 ms
[POS] Refrescando cache DBF...
[POS] Cargando DBF...
[POS] MAPRE: 40640
[POS] DPOFE: 2448
[POS] Cache cargado en 1934 ms
[POS] Refrescando cache DBF...
[POS] Cargando DBF...
[POS] MAPRE: 40640
[POS] DPOFE: 2448
[POS] Cache cargado en 1912 ms
[POS] Refrescando cache DBF...
[POS] Cargando DBF...
[POS] MAPRE: 40640
[POS] DPOFE: 2448
[POS] Cache cargado en 1929 ms
[POS] Refrescando cache DBF...
[POS] Cargando DBF...
[POS] MAPRE: 40640
[POS] DPOFE: 2448
[POS] Cache cargado en 1909 ms
[POS] Refrescando cache DBF...
[POS] Cargando DBF...
[POS] MAPRE: 40640
[POS] DPOFE: 2448
[POS] Cache cargado en 1905 ms
[POS] Refrescando cache DBF...
[POS] Cargando DBF...
[POS] MAPRE: 40640
[POS] DPOFE: 2448
[POS] Cache cargado en 1910 ms
[POS] Refrescando cache DBF...
[POS] Cargando DBF...
[POS] MAPRE: 40640
[POS] DPOFE: 2448
[POS] Cache cargado en 1929 ms
[POS] Refrescando cache DBF...
[POS] Cargando DBF...
[POS] MAPRE: 40640
[POS] DPOFE: 2448
[POS] Cache cargado en 1898 ms
[POS] Refrescando cache DBF...
[POS] Cargando DBF...
[POS] MAPRE: 40640
[POS] DPOFE: 2448
[POS] Cache cargado en 1932 ms
[POS] Refrescando cache DBF...
[POS] Cargando DBF...
[POS] MAPRE: 40640
[POS] DPOFE: 2448
[POS] Cache cargado en 1914 ms
[POS] Refrescando cache DBF...
[POS] Cargando DBF...
[POS] MAPRE: 40640
[POS] DPOFE: 2448
[POS] Cache cargado en 1921 ms
[POS] Refrescando cache DBF...
[POS] Cargando DBF...
[POS] MAPRE: 40640
[POS] DPOFE: 2448
[POS] Cache cargado en 1920 ms
[POS] Refrescando cache DBF...
[POS] Cargando DBF...
[POS] MAPRE: 40640
[POS] DPOFE: 2448
[POS] Cache cargado en 1912 ms
[POS] Refrescando cache DBF...
[POS] Cargando DBF...
[POS] MAPRE: 40640
[POS] DPOFE: 2448
[POS] Cache cargado en 1911 ms
[POS] Refrescando cache DBF...
[POS] Cargando DBF...
[POS] MAPRE: 40640
[POS] DPOFE: 2448
[POS] Cache cargado en 1899 ms
[POS] Refrescando cache DBF...
[POS] Cargando DBF...
[POS] MAPRE: 40640
[POS] DPOFE: 2448
[POS] Cache cargado en 1905 ms
[POS] Refrescando cache DBF...
[POS] Cargando DBF...
[POS] MAPRE: 40640
[POS] DPOFE: 2448
[POS] Cache cargado en 1921 ms
[POS] Refrescando cache DBF...
[POS] Cargando DBF...
[POS] MAPRE: 40640
[POS] DPOFE: 2448
[POS] Cache cargado en 1914 ms
[POS] Refrescando cache DBF...
[POS] Cargando DBF...
[POS] MAPRE: 40640
[POS] DPOFE: 2448
[POS] Cache cargado en 1928 ms
[POS] Refrescando cache DBF...
[POS] Cargando DBF...
[POS] MAPRE: 40640
[POS] DPOFE: 2448
[POS] Cache cargado en 1910 ms
[POS] Refrescando cache DBF...
[POS] Cargando DBF...
[POS] MAPRE: 40640
[POS] DPOFE: 2448
[POS] Cache cargado en 1923 ms
[POS] Refrescando cache DBF...
[POS] Cargando DBF...
[POS] MAPRE: 40640
[POS] DPOFE: 2448
[POS] Cache cargado en 1919 ms
[POS] Refrescando cache DBF...
[POS] Cargando DBF...
[POS] MAPRE: 40640
[POS] DPOFE: 2448
[POS] Cache cargado en 1910 ms
[POS] Refrescando cache DBF...
[POS] Cargando DBF...
[POS] MAPRE: 40640
[POS] DPOFE: 2448
[POS] Cache cargado en 1916 ms
[POS] Refrescando cache DBF...
[POS] Cargando DBF...
[POS] MAPRE: 40640
[POS] DPOFE: 2448
[POS] Cache cargado en 1919 ms
[POS] Refrescando cache DBF...
[POS] Cargando DBF...
[POS] MAPRE: 40640
[POS] DPOFE: 2448
[POS] Cache cargado en 1906 ms
[POS] Refrescando cache DBF...
[POS] Cargando DBF...
[POS] MAPRE: 40640
[POS] DPOFE: 2448
[POS] Cache cargado en 1929 ms
[POS] Refrescando cache DBF...
[POS] Cargando DBF...
[POS] MAPRE: 40640
[POS] DPOFE: 2448
[POS] Cache cargado en 1908 ms
[POS] Refrescando cache DBF...
[POS] Cargando DBF...
[POS] MAPRE: 40640
[POS] DPOFE: 2448
[POS] Cache cargado en 1906 ms
[POS] Refrescando cache DBF...
[POS] Cargando DBF...
[POS] MAPRE: 40640
[POS] DPOFE: 2448
[POS] Cache cargado en 1908 ms
[POS] Refrescando cache DBF...
[POS] Cargando DBF...
[POS] MAPRE: 40640
[POS] DPOFE: 2448
[POS] Cache cargado en 1926 ms
[POS] Refrescando cache DBF...
[POS] Cargando DBF...
[POS] MAPRE: 40640
[POS] DPOFE: 2448
[POS] Cache cargado en 1904 ms
[POS] Refrescando cache DBF...
[POS] Cargando DBF...
[POS] MAPRE: 40640
[POS] DPOFE: 2448
[POS] Cache cargado en 1909 ms
[POS] Refrescando cache DBF...
[POS] Cargando DBF...
[POS] MAPRE: 40640
[POS] DPOFE: 2448
[POS] Cache cargado en 1920 ms
[POS] Refrescando cache DBF...
[POS] Cargando DBF...
[POS] MAPRE: 40640
[POS] DPOFE: 2448
[POS] Cache cargado en 1922 ms
[POS] Refrescando cache DBF...
[POS] Cargando DBF...
[POS] MAPRE: 40640
[POS] DPOFE: 2448
[POS] Cache cargado en 1922 ms
[POS] Refrescando cache DBF...
[POS] Cargando DBF...
[POS] MAPRE: 40640
[POS] DPOFE: 2448
[POS] Cache cargado en 1919 ms
[POS] Refrescando cache DBF...
[POS] Cargando DBF...
[POS] MAPRE: 40640
[POS] DPOFE: 2448
[POS] Cache cargado en 1901 ms
[POS] Refrescando cache DBF...
[POS] Cargando DBF...
[POS] MAPRE: 40640
[POS] DPOFE: 2448
[POS] Cache cargado en 1922 ms
[POS] Refrescando cache DBF...
[POS] Cargando DBF...
[POS] MAPRE: 40640
[POS] DPOFE: 2448
[POS] Cache cargado en 1907 ms
[POS] Refrescando cache DBF...
[POS] Cargando DBF...
[POS] MAPRE: 40640
[POS] DPOFE: 2448
[POS] Cache cargado en 1917 ms
[POS] Refrescando cache DBF...
[POS] Cargando DBF...
[POS] MAPRE: 40640
[POS] DPOFE: 2448
[POS] Cache cargado en 1902 ms
[POS] Refrescando cache DBF...
[POS] Cargando DBF...
[POS] MAPRE: 40640
[POS] DPOFE: 2448
[POS] Cache cargado en 1923 ms
[POS] Refrescando cache DBF...
[POS] Cargando DBF...
[POS] MAPRE: 40640
[POS] DPOFE: 2448
[POS] Cache cargado en 1909 ms
[POS] Refrescando cache DBF...
[POS] Cargando DBF...
[POS] MAPRE: 40640
[POS] DPOFE: 2448
[POS] Cache cargado en 1927 ms
[POS] Refrescando cache DBF...
[POS] Cargando DBF...
[POS] MAPRE: 40640
[POS] DPOFE: 2448
[POS] Cache cargado en 1917 ms
[POS] Refrescando cache DBF...
[POS] Cargando DBF...
[POS] MAPRE: 40640
[POS] DPOFE: 2448
[POS] Cache cargado en 1930 ms
[POS] Refrescando cache DBF...
[POS] Cargando DBF...
[POS] MAPRE: 40640
[POS] DPOFE: 2448
[POS] Cache cargado en 1904 ms
[POS] Refrescando cache DBF...
[POS] Cargando DBF...
[POS] MAPRE: 40640
[POS] DPOFE: 2448
[POS] Cache cargado en 1923 ms
[POS] Refrescando cache DBF...
[POS] Cargando DBF...
[POS] MAPRE: 40640
[POS] DPOFE: 2448
[POS] Cache cargado en 1910 ms
[POS] Refrescando cache DBF...
[POS] Cargando DBF...
[POS] MAPRE: 40640
[POS] DPOFE: 2448
[POS] Cache cargado en 1924 ms
[POS] Refrescando cache DBF...
[POS] Cargando DBF...
[POS] MAPRE: 40640
[POS] DPOFE: 2448
[POS] Cache cargado en 1901 ms
[POS] Refrescando cache DBF...
[POS] Cargando DBF...
[POS] MAPRE: 40640
[POS] DPOFE: 2448
[POS] Cache cargado en 1934 ms
[POS] Refrescando cache DBF...
[POS] Cargando DBF...
[POS] MAPRE: 40640
[POS] DPOFE: 2448
[POS] Cache cargado en 1914 ms
[POS] Refrescando cache DBF...
[POS] Cargando DBF...
[POS] MAPRE: 40640
[POS] DPOFE: 2448
[POS] Cache cargado en 1907 ms
[POS] Refrescando cache DBF...
[POS] Cargando DBF...
[POS] MAPRE: 40640
[POS] DPOFE: 2448
[POS] Cache cargado en 1902 ms
[POS] Refrescando cache DBF...
[POS] Cargando DBF...
[POS] MAPRE: 40640
[POS] DPOFE: 2448
[POS] Cache cargado en 1914 ms
[POS] Refrescando cache DBF...
[POS] Cargando DBF...
[POS] MAPRE: 40640
[POS] DPOFE: 2448
[POS] Cache cargado en 1914 ms
[POS] Refrescando cache DBF...
[POS] Cargando DBF...
[POS] MAPRE: 40640
[POS] DPOFE: 2448
[POS] Cache cargado en 1937 ms
[POS] Refrescando cache DBF...
[POS] Cargando DBF...
[POS] MAPRE: 40640
[POS] DPOFE: 2448
[POS] Cache cargado en 1910 ms
[POS] Refrescando cache DBF...
[POS] Cargando DBF...
[POS] MAPRE: 40640
[POS] DPOFE: 2448
[POS] Cache cargado en 1926 ms
[POS] Refrescando cache DBF...
[POS] Cargando DBF...
[POS] MAPRE: 40640
[POS] DPOFE: 2448
[POS] Cache cargado en 1910 ms
[POS] Refrescando cache DBF...
[POS] Cargando DBF...
[POS] MAPRE: 40640
[POS] DPOFE: 2448
[POS] Cache cargado en 1927 ms
[POS] Refrescando cache DBF...
[POS] Cargando DBF...
[POS] MAPRE: 40640
[POS] DPOFE: 2448
[POS] Cache cargado en 1906 ms
[POS] Refrescando cache DBF...
[POS] Cargando DBF...
[POS] MAPRE: 40640
[POS] DPOFE: 2448
[POS] Cache cargado en 1926 ms
[POS] Refrescando cache DBF...
[POS] Cargando DBF...
[POS] MAPRE: 40640
[POS] DPOFE: 2448
[POS] Cache cargado en 1922 ms
[POS] Refrescando cache DBF...
[POS] Cargando DBF...
[POS] MAPRE: 40640
[POS] DPOFE: 2448
[POS] Cache cargado en 1922 ms
[POS] Refrescando cache DBF...
[POS] Cargando DBF...
[POS] MAPRE: 40640
[POS] DPOFE: 2448
[POS] Cache cargado en 1908 ms
[POS] Refrescando cache DBF...
[POS] Cargando DBF...
[POS] MAPRE: 40640
[POS] DPOFE: 2448
[POS] Cache cargado en 1923 ms
[POS] Refrescando cache DBF...
[POS] Cargando DBF...
[POS] MAPRE: 40640
[POS] DPOFE: 2448
[POS] Cache cargado en 1907 ms
[POS] Refrescando cache DBF...
[POS] Cargando DBF...
[POS] MAPRE: 40640
[POS] DPOFE: 2448
[POS] Cache cargado en 1921 ms
[POS] Refrescando cache DBF...
[POS] Cargando DBF...
[POS] MAPRE: 40640
[POS] DPOFE: 2448
[POS] Cache cargado en 1907 ms
[POS] Refrescando cache DBF...
[POS] Cargando DBF...
[POS] MAPRE: 40640
[POS] DPOFE: 2448
[POS] Cache cargado en 1924 ms
[POS] Refrescando cache DBF...
[POS] Cargando DBF...
[POS] MAPRE: 40640
[POS] DPOFE: 2448
[POS] Cache cargado en 1915 ms
[POS] Refrescando cache DBF...
[POS] Cargando DBF...
[POS] MAPRE: 40640
[POS] DPOFE: 2448
[POS] Cache cargado en 1921 ms
[POS] Refrescando cache DBF...
[POS] Cargando DBF...
[POS] MAPRE: 40640
[POS] DPOFE: 2448
[POS] Cache cargado en 1922 ms
[POS] Refrescando cache DBF...
[POS] Cargando DBF...
[POS] MAPRE: 40640
[POS] DPOFE: 2448
[POS] Cache cargado en 1921 ms
[POS] Refrescando cache DBF...
[POS] Cargando DBF...
[POS] MAPRE: 40640
[POS] DPOFE: 2448
[POS] Cache cargado en 1928 ms
[POS] Refrescando cache DBF...
[POS] Cargando DBF...
[POS] MAPRE: 40640
[POS] DPOFE: 2448
[POS] Cache cargado en 1901 ms
[POS] Refrescando cache DBF...
[POS] Cargando DBF...
[POS] MAPRE: 40640
[POS] DPOFE: 2448
[POS] Cache cargado en 1899 ms
[POS] Refrescando cache DBF...
[POS] Cargando DBF...
[POS] MAPRE: 40640
[POS] DPOFE: 2448
[POS] Cache cargado en 1939 ms
[POS] Refrescando cache DBF...
[POS] Cargando DBF...
[POS] MAPRE: 40640
[POS] DPOFE: 2448
[POS] Cache cargado en 1907 ms
[POS] Refrescando cache DBF...
[POS] Cargando DBF...
[POS] MAPRE: 40640
[POS] DPOFE: 2448
[POS] Cache cargado en 1918 ms
[POS] Refrescando cache DBF...
[POS] Cargando DBF...
[POS] MAPRE: 40640
[POS] DPOFE: 2448
[POS] Cache cargado en 1924 ms
[POS] Refrescando cache DBF...
[POS] Cargando DBF...
[POS] MAPRE: 40640
[POS] DPOFE: 2448
[POS] Cache cargado en 1923 ms
[POS] Refrescando cache DBF...
[POS] Cargando DBF...
[POS] MAPRE: 40640
[POS] DPOFE: 2448
[POS] Cache cargado en 1915 ms
[POS] Refrescando cache DBF...
[POS] Cargando DBF...
[POS] MAPRE: 40640
[POS] DPOFE: 2448
[POS] Cache cargado en 1926 ms
[POS] Refrescando cache DBF...
[POS] Cargando DBF...
[POS] MAPRE: 40640
[POS] DPOFE: 2448
[POS] Cache cargado en 1917 ms
[POS] Refrescando cache DBF...
[POS] Cargando DBF...
[POS] MAPRE: 40640
[POS] DPOFE: 2448
[POS] Cache cargado en 1926 ms
[POS] Refrescando cache DBF...
[POS] Cargando DBF...
[POS] MAPRE: 40640
[POS] DPOFE: 2448
[POS] Cache cargado en 1928 ms
[POS] Refrescando cache DBF...
[POS] Cargando DBF...
[POS] MAPRE: 40640
[POS] DPOFE: 2448
[POS] Cache cargado en 1930 ms
[POS] Refrescando cache DBF...
[POS] Cargando DBF...
[POS] MAPRE: 40640
[POS] DPOFE: 2448
[POS] Cache cargado en 1898 ms
[POS] Refrescando cache DBF...
[POS] Cargando DBF...
[POS] MAPRE: 40640
[POS] DPOFE: 2448
[POS] Cache cargado en 1913 ms
[POS] Refrescando cache DBF...
[POS] Cargando DBF...
[POS] MAPRE: 40640
[POS] DPOFE: 2448
[POS] Cache cargado en 1914 ms
[POS] Refrescando cache DBF...
[POS] Cargando DBF...
[POS] MAPRE: 40640
[POS] DPOFE: 2448
[POS] Cache cargado en 1919 ms
[POS] Refrescando cache DBF...
[POS] Cargando DBF...
[POS] MAPRE: 40640
[POS] DPOFE: 2448
[POS] Cache cargado en 1923 ms
[POS] Refrescando cache DBF...
[POS] Cargando DBF...
[POS] MAPRE: 40640
[POS] DPOFE: 2448
[POS] Cache cargado en 1917 ms
[POS] Refrescando cache DBF...
[POS] Cargando DBF...
[POS] MAPRE: 40640
[POS] DPOFE: 2448
[POS] Cache cargado en 1911 ms
[POS] Refrescando cache DBF...
[POS] Cargando DBF...
[POS] MAPRE: 40640
[POS] DPOFE: 2448
[POS] Cache cargado en 1920 ms
[POS] Refrescando cache DBF...
[POS] Cargando DBF...
[POS] MAPRE: 40640
[POS] DPOFE: 2448
[POS] Cache cargado en 1924 ms
[POS] Refrescando cache DBF...
[POS] Cargando DBF...
[POS] MAPRE: 40640
[POS] DPOFE: 2448
[POS] Cache cargado en 1927 ms
[POS] Refrescando cache DBF...
[POS] Cargando DBF...
[POS] MAPRE: 40640
[POS] DPOFE: 2448
[POS] Cache cargado en 1918 ms
[POS] Refrescando cache DBF...
[POS] Cargando DBF...
[POS] MAPRE: 40640
[POS] DPOFE: 2448
[POS] Cache cargado en 1919 ms
[POS] Refrescando cache DBF...
[POS] Cargando DBF...
[POS] MAPRE: 40640
[POS] DPOFE: 2448
[POS] Cache cargado en 1912 ms
[POS] Refrescando cache DBF...
[POS] Cargando DBF...
[POS] MAPRE: 40640
[POS] DPOFE: 2448
[POS] Cache cargado en 1925 ms
[POS] Refrescando cache DBF...
[POS] Cargando DBF...
[POS] MAPRE: 40640
[POS] DPOFE: 2448
[POS] Cache cargado en 1911 ms
[POS] Refrescando cache DBF...
[POS] Cargando DBF...
[POS] MAPRE: 40640
[POS] DPOFE: 2448
[POS] Cache cargado en 1915 ms
[POS] Refrescando cache DBF...
[POS] Cargando DBF...
[POS] MAPRE: 40640
[POS] DPOFE: 2448
[POS] Cache cargado en 1896 ms
[POS] Refrescando cache DBF...
[POS] Cargando DBF...
[POS] MAPRE: 40640
[POS] DPOFE: 2448
[POS] Cache cargado en 1921 ms
[POS] Refrescando cache DBF...
[POS] Cargando DBF...
[POS] MAPRE: 40640
[POS] DPOFE: 2448
[POS] Cache cargado en 1917 ms
[POS] Refrescando cache DBF...
[POS] Cargando DBF...
[POS] MAPRE: 40640
[POS] DPOFE: 2448
[POS] Cache cargado en 1912 ms
[POS] Refrescando cache DBF...
[POS] Cargando DBF...
[POS] MAPRE: 40640
[POS] DPOFE: 2448
[POS] Cache cargado en 1900 ms
[POS] Refrescando cache DBF...
[POS] Cargando DBF...
[POS] MAPRE: 40640
[POS] DPOFE: 2448
[POS] Cache cargado en 1928 ms
[POS] Refrescando cache DBF...
[POS] Cargando DBF...
[POS] MAPRE: 40640
[POS] DPOFE: 2448
[POS] Cache cargado en 1918 ms
[POS] Refrescando cache DBF...
[POS] Cargando DBF...
[POS] MAPRE: 40640
[POS] DPOFE: 2448
[POS] Cache cargado en 1931 ms
[POS] Refrescando cache DBF...
[POS] Cargando DBF...
[POS] MAPRE: 40640
[POS] DPOFE: 2448
[POS] Cache cargado en 1916 ms
[POS] Refrescando cache DBF...
[POS] Cargando DBF...
[POS] MAPRE: 40640
[POS] DPOFE: 2448
[POS] Cache cargado en 1901 ms
[POS] Refrescando cache DBF...
[POS] Cargando DBF...
[POS] MAPRE: 40640
[POS] DPOFE: 2448
[POS] Cache cargado en 1921 ms
[POS] Refrescando cache DBF...
[POS] Cargando DBF...
[POS] MAPRE: 40640
[POS] DPOFE: 2448
[POS] Cache cargado en 1922 ms
[POS] Refrescando cache DBF...
[POS] Cargando DBF...
[POS] MAPRE: 40640
[POS] DPOFE: 2448
[POS] Cache cargado en 1909 ms
[POS] Refrescando cache DBF...
[POS] Cargando DBF...
[POS] MAPRE: 40640
[POS] DPOFE: 2448
[POS] Cache cargado en 1916 ms
[POS] Refrescando cache DBF...
[POS] Cargando DBF...
[POS] MAPRE: 40640
[POS] DPOFE: 2448
[POS] Cache cargado en 1898 ms
[POS] Refrescando cache DBF...
[POS] Cargando DBF...
[POS] MAPRE: 40640
[POS] DPOFE: 2448
[POS] Cache cargado en 1925 ms
[POS] Refrescando cache DBF...
[POS] Cargando DBF...
[POS] MAPRE: 40640
[POS] DPOFE: 2448
[POS] Cache cargado en 1896 ms
[POS] Refrescando cache DBF...
[POS] Cargando DBF...
[POS] MAPRE: 40640
[POS] DPOFE: 2448
[POS] Cache cargado en 1922 ms
[POS] Refrescando cache DBF...
[POS] Cargando DBF...
[POS] MAPRE: 40640
[POS] DPOFE: 2448
[POS] Cache cargado en 1911 ms
[POS] Refrescando cache DBF...
[POS] Cargando DBF...
[POS] MAPRE: 40640
[POS] DPOFE: 2448
[POS] Cache cargado en 1918 ms
[POS] Refrescando cache DBF...
[POS] Cargando DBF...
[POS] MAPRE: 40640
[POS] DPOFE: 2448
[POS] Cache cargado en 1910 ms
[POS] Refrescando cache DBF...
[POS] Cargando DBF...
[POS] MAPRE: 40640
[POS] DPOFE: 2448
[POS] Cache cargado en 1919 ms
[POS] Refrescando cache DBF...
[POS] Cargando DBF...
[POS] MAPRE: 40640
[POS] DPOFE: 2448
[POS] Cache cargado en 1911 ms
[POS] Refrescando cache DBF...
[POS] Cargando DBF...
[POS] MAPRE: 40640
[POS] DPOFE: 2448
[POS] Cache cargado en 1921 ms
[POS] Refrescando cache DBF...
[POS] Cargando DBF...
[POS] MAPRE: 40640
[POS] DPOFE: 2448
[POS] Cache cargado en 1894 ms
[POS] Refrescando cache DBF...
[POS] Cargando DBF...
[POS] MAPRE: 40640
[POS] DPOFE: 2448
[POS] Cache cargado en 1929 ms
[POS] Refrescando cache DBF...
[POS] Cargando DBF...
[POS] MAPRE: 40640
[POS] DPOFE: 2448
[POS] Cache cargado en 1917 ms
[POS] Refrescando cache DBF...
[POS] Cargando DBF...
[POS] MAPRE: 40640
[POS] DPOFE: 2448
[POS] Cache cargado en 1910 ms
[POS] Refrescando cache DBF...
[POS] Cargando DBF...
[POS] MAPRE: 40640
[POS] DPOFE: 2448
[POS] Cache cargado en 1900 ms
[POS] Refrescando cache DBF...
[POS] Cargando DBF...
[POS] MAPRE: 40640
[POS] DPOFE: 2448
[POS] Cache cargado en 1930 ms
[POS] Refrescando cache DBF...
[POS] Cargando DBF...
[POS] MAPRE: 40640
[POS] DPOFE: 2448
[POS] Cache cargado en 1925 ms
[POS] Refrescando cache DBF...
[POS] Cargando DBF...
[POS] MAPRE: 40640
[POS] DPOFE: 2448
[POS] Cache cargado en 1905 ms
[POS] Refrescando cache DBF...
[POS] Cargando DBF...
[POS] MAPRE: 40640
[POS] DPOFE: 2448
[POS] Cache cargado en 1913 ms
[POS] Refrescando cache DBF...
[POS] Cargando DBF...
[POS] MAPRE: 40640
[POS] DPOFE: 2448
[POS] Cache cargado en 1922 ms
[POS] Refrescando cache DBF...
[POS] Cargando DBF...
[POS] MAPRE: 40640
[POS] DPOFE: 2448
[POS] Cache cargado en 1915 ms
[POS] Refrescando cache DBF...
[POS] Cargando DBF...
[POS] MAPRE: 40640
[POS] DPOFE: 2448
[POS] Cache cargado en 1934 ms
[POS] Refrescando cache DBF...
[POS] Cargando DBF...
[POS] MAPRE: 40640
[POS] DPOFE: 2448
[POS] Cache cargado en 1918 ms
[POS] Refrescando cache DBF...
[POS] Cargando DBF...
[POS] MAPRE: 40640
[POS] DPOFE: 2448
[POS] Cache cargado en 1938 ms
[POS] Refrescando cache DBF...
[POS] Cargando DBF...
[POS] MAPRE: 40640
[POS] DPOFE: 2448
[POS] Cache cargado en 1908 ms
[POS] Refrescando cache DBF...
[POS] Cargando DBF...
[POS] MAPRE: 40640
[POS] DPOFE: 2448
[POS] Cache cargado en 1926 ms
[POS] Refrescando cache DBF...
[POS] Cargando DBF...
[POS] MAPRE: 40640
[POS] DPOFE: 2448
[POS] Cache cargado en 1904 ms
[POS] Refrescando cache DBF...
[POS] Cargando DBF...
[POS] MAPRE: 40640
[POS] DPOFE: 2448
[POS] Cache cargado en 1912 ms
[POS] Refrescando cache DBF...
[POS] Cargando DBF...
[POS] MAPRE: 40640
[POS] DPOFE: 2448
[POS] Cache cargado en 1915 ms
[POS] Refrescando cache DBF...
[POS] Cargando DBF...
[POS] MAPRE: 40640
[POS] DPOFE: 2448
[POS] Cache cargado en 1908 ms
[POS] Refrescando cache DBF...
[POS] Cargando DBF...
[POS] MAPRE: 40640
[POS] DPOFE: 2448
[POS] Cache cargado en 1901 ms
[POS] Refrescando cache DBF...
[POS] Cargando DBF...
[POS] MAPRE: 40640
[POS] DPOFE: 2448
[POS] Cache cargado en 1908 ms
[POS] Refrescando cache DBF...
[POS] Cargando DBF...
[POS] MAPRE: 40640
[POS] DPOFE: 2448
[POS] Cache cargado en 1904 ms
[POS] Refrescando cache DBF...
[POS] Cargando DBF...
[POS] MAPRE: 40640
[POS] DPOFE: 2448
[POS] Cache cargado en 1893 ms
[POS] Refrescando cache DBF...
[POS] Cargando DBF...
[POS] MAPRE: 40640
[POS] DPOFE: 2448
[POS] Cache cargado en 1909 ms
[POS] Refrescando cache DBF...
[POS] Cargando DBF...
[POS] MAPRE: 40640
[POS] DPOFE: 2448
[POS] Cache cargado en 1927 ms
[POS] Refrescando cache DBF...
[POS] Cargando DBF...
[POS] MAPRE: 40640
[POS] DPOFE: 2448
[POS] Cache cargado en 1920 ms
[POS] Refrescando cache DBF...
[POS] Cargando DBF...
[POS] MAPRE: 40640
[POS] DPOFE: 2448
[POS] Cache cargado en 1949 ms
[POS] Refrescando cache DBF...
[POS] Cargando DBF...
[POS] MAPRE: 40640
[POS] DPOFE: 2448
[POS] Cache cargado en 1902 ms
[POS] Refrescando cache DBF...
[POS] Cargando DBF...
[POS] MAPRE: 40640
[POS] DPOFE: 2448
[POS] Cache cargado en 1927 ms
[POS] Refrescando cache DBF...
[POS] Cargando DBF...
[POS] MAPRE: 40640
[POS] DPOFE: 2448
[POS] Cache cargado en 1921 ms
[POS] Refrescando cache DBF...
[POS] Cargando DBF...
[POS] MAPRE: 40640
[POS] DPOFE: 2448
[POS] Cache cargado en 1939 ms
[POS] Refrescando cache DBF...
[POS] Cargando DBF...
[POS] MAPRE: 40640
[POS] DPOFE: 2448
[POS] Cache cargado en 1899 ms
[POS] Refrescando cache DBF...
[POS] Cargando DBF...
[POS] MAPRE: 40640
[POS] DPOFE: 2448
[POS] Cache cargado en 1922 ms
[POS] Refrescando cache DBF...
[POS] Cargando DBF...
[POS] MAPRE: 40640
[POS] DPOFE: 2448
[POS] Cache cargado en 1896 ms
[POS] Refrescando cache DBF...
[POS] Cargando DBF...
[POS] MAPRE: 40640
[POS] DPOFE: 2448
[POS] Cache cargado en 1914 ms
[POS] Refrescando cache DBF...
[POS] Cargando DBF...
[POS] MAPRE: 40640
[POS] DPOFE: 2448
[POS] Cache cargado en 1904 ms
[POS] Refrescando cache DBF...
[POS] Cargando DBF...
[POS] MAPRE: 40640
[POS] DPOFE: 2448
[POS] Cache cargado en 1937 ms
[POS] Refrescando cache DBF...
[POS] Cargando DBF...
[POS] MAPRE: 40640
[POS] DPOFE: 2448
[POS] Cache cargado en 1919 ms
[POS] Refrescando cache DBF...
[POS] Cargando DBF...
[POS] MAPRE: 40640
[POS] DPOFE: 2448
[POS] Cache cargado en 1922 ms
[POS] Refrescando cache DBF...
[POS] Cargando DBF...
[POS] MAPRE: 40640
[POS] DPOFE: 2448
[POS] Cache cargado en 1913 ms
[POS] Refrescando cache DBF...
[POS] Cargando DBF...
[POS] MAPRE: 40640
[POS] DPOFE: 2448
[POS] Cache cargado en 1924 ms
[POS] Refrescando cache DBF...
[POS] Cargando DBF...
[POS] MAPRE: 40640
[POS] DPOFE: 2448
[POS] Cache cargado en 1899 ms
[POS] Refrescando cache DBF...
[POS] Cargando DBF...
[POS] MAPRE: 40640
[POS] DPOFE: 2448
[POS] Cache cargado en 1932 ms
[POS] Refrescando cache DBF...
[POS] Cargando DBF...
[POS] MAPRE: 40640
[POS] DPOFE: 2448
[POS] Cache cargado en 1930 ms
[POS] Refrescando cache DBF...
[POS] Cargando DBF...
[POS] MAPRE: 40640
[POS] DPOFE: 2448
[POS] Cache cargado en 1889 ms
[POS] Refrescando cache DBF...
[POS] Cargando DBF...
[POS] MAPRE: 40640
[POS] DPOFE: 2448
[POS] Cache cargado en 1905 ms
[POS] Refrescando cache DBF...
[POS] Cargando DBF...
[POS] MAPRE: 40640
[POS] DPOFE: 2448
[POS] Cache cargado en 1927 ms
[POS] Refrescando cache DBF...
[POS] Cargando DBF...
[POS] MAPRE: 40640
[POS] DPOFE: 2448
[POS] Cache cargado en 1900 ms
[POS] Refrescando cache DBF...
[POS] Cargando DBF...
[POS] MAPRE: 40640
[POS] DPOFE: 2448
[POS] Cache cargado en 1931 ms
[POS] Refrescando cache DBF...
[POS] Cargando DBF...
[POS] MAPRE: 40640
[POS] DPOFE: 2448
[POS] Cache cargado en 1901 ms
[POS] Refrescando cache DBF...
[POS] Cargando DBF...
[POS] MAPRE: 40640
[POS] DPOFE: 2448
[POS] Cache cargado en 1921 ms
[POS] Refrescando cache DBF...
[POS] Cargando DBF...
[POS] MAPRE: 40640
[POS] DPOFE: 2448
[POS] Cache cargado en 1920 ms
[POS] Refrescando cache DBF...
[POS] Cargando DBF...
[POS] MAPRE: 40640
[POS] DPOFE: 2448
[POS] Cache cargado en 1910 ms
[POS] Refrescando cache DBF...
[POS] Cargando DBF...
[POS] MAPRE: 40640
[POS] DPOFE: 2448
[POS] Cache cargado en 1914 ms
[POS] Refrescando cache DBF...
[POS] Cargando DBF...
[POS] MAPRE: 40640
[POS] DPOFE: 2448
[POS] Cache cargado en 1905 ms
[POS] Refrescando cache DBF...
[POS] Cargando DBF...
[POS] MAPRE: 40640
[POS] DPOFE: 2448
[POS] Cache cargado en 1893 ms
[POS] Refrescando cache DBF...
[POS] Cargando DBF...
[POS] MAPRE: 40640
[POS] DPOFE: 2448
[POS] Cache cargado en 1919 ms
[POS] Refrescando cache DBF...
[POS] Cargando DBF...
[POS] MAPRE: 40640
[POS] DPOFE: 2448
[POS] Cache cargado en 1920 ms
[POS] Refrescando cache DBF...
[POS] Cargando DBF...
[POS] MAPRE: 40640
[POS] DPOFE: 2448
[POS] Cache cargado en 1923 ms
[POS] Refrescando cache DBF...
[POS] Cargando DBF...
[POS] MAPRE: 40640
[POS] DPOFE: 2448
[POS] Cache cargado en 1878 ms
[POS] Refrescando cache DBF...
[POS] Cargando DBF...
[POS] MAPRE: 40640
[POS] DPOFE: 2448
[POS] Cache cargado en 1926 ms
[POS] Refrescando cache DBF...
[POS] Cargando DBF...
[POS] MAPRE: 40640
[POS] DPOFE: 2448
[POS] Cache cargado en 1910 ms
[POS] Refrescando cache DBF...
[POS] Cargando DBF...
[POS] MAPRE: 40640
[POS] DPOFE: 2448
[POS] Cache cargado en 1895 ms
[POS] Refrescando cache DBF...
[POS] Cargando DBF...
[POS] MAPRE: 40640
[POS] DPOFE: 2448
[POS] Cache cargado en 1928 ms
[POS] Refrescando cache DBF...
[POS] Cargando DBF...
[POS] MAPRE: 40640
[POS] DPOFE: 2448
[POS] Cache cargado en 1987 ms
[POS] Refrescando cache DBF...
[POS] Cargando DBF...
[POS] MAPRE: 40640
[POS] DPOFE: 2448
[POS] Cache cargado en 1913 ms
[POS] Refrescando cache DBF...
[POS] Cargando DBF...
[POS] MAPRE: 40640
[POS] DPOFE: 2448
[POS] Cache cargado en 1915 ms
[POS] Refrescando cache DBF...
[POS] Cargando DBF...
[POS] MAPRE: 40640
[POS] DPOFE: 2448
[POS] Cache cargado en 1913 ms
[POS] Refrescando cache DBF...
[POS] Cargando DBF...
[POS] MAPRE: 40640
[POS] DPOFE: 2448
[POS] Cache cargado en 1907 ms
[POS] Refrescando cache DBF...
[POS] Cargando DBF...
[POS] MAPRE: 40640
[POS] DPOFE: 2448
[POS] Cache cargado en 1927 ms
[POS] Refrescando cache DBF...
[POS] Cargando DBF...
[POS] MAPRE: 40640
[POS] DPOFE: 2448
[POS] Cache cargado en 1913 ms
[POS] Refrescando cache DBF...
[POS] Cargando DBF...
[POS] MAPRE: 40640
[POS] DPOFE: 2448
[POS] Cache cargado en 1913 ms
[POS] Refrescando cache DBF...
[POS] Cargando DBF...
[POS] MAPRE: 40640
[POS] DPOFE: 2448
[POS] Cache cargado en 1931 ms
[POS] Refrescando cache DBF...
[POS] Cargando DBF...
[POS] MAPRE: 40640
[POS] DPOFE: 2448
[POS] Cache cargado en 1926 ms
[POS] Refrescando cache DBF...
[POS] Cargando DBF...
[POS] MAPRE: 40640
[POS] DPOFE: 2448
[POS] Cache cargado en 1931 ms
[POS] Refrescando cache DBF...
[POS] Cargando DBF...
[POS] MAPRE: 40640
[POS] DPOFE: 2448
[POS] Cache cargado en 1915 ms
[POS] Refrescando cache DBF...
[POS] Cargando DBF...
[POS] MAPRE: 40640
[POS] DPOFE: 2448
[POS] Cache cargado en 1913 ms
[POS] Refrescando cache DBF...
[POS] Cargando DBF...
[POS] MAPRE: 40640
[POS] DPOFE: 2448
[POS] Cache cargado en 1911 ms
[POS] Refrescando cache DBF...
[POS] Cargando DBF...
[POS] MAPRE: 40640
[POS] DPOFE: 2448
[POS] Cache cargado en 1918 ms
[POS] Refrescando cache DBF...
[POS] Cargando DBF...
[POS] MAPRE: 40640
[POS] DPOFE: 2448
[POS] Cache cargado en 1902 ms
[POS] Refrescando cache DBF...
[POS] Cargando DBF...
[POS] MAPRE: 40640
[POS] DPOFE: 2448
[POS] Cache cargado en 1908 ms
[POS] Refrescando cache DBF...
[POS] Cargando DBF...
[POS] MAPRE: 40640
[POS] DPOFE: 2448
[POS] Cache cargado en 1918 ms
[POS] Refrescando cache DBF...
[POS] Cargando DBF...
[POS] MAPRE: 40640
[POS] DPOFE: 2448
[POS] Cache cargado en 1926 ms
[POS] Refrescando cache DBF...
[POS] Cargando DBF...
[POS] MAPRE: 40640
[POS] DPOFE: 2448
[POS] Cache cargado en 1899 ms
[POS] Refrescando cache DBF...
[POS] Cargando DBF...
[POS] MAPRE: 40640
[POS] DPOFE: 2448
[POS] Cache cargado en 1894 ms
[POS] Refrescando cache DBF...
[POS] Cargando DBF...
[POS] MAPRE: 40640
[POS] DPOFE: 2448
[POS] Cache cargado en 1919 ms
[POS] Refrescando cache DBF...
[POS] Cargando DBF...
[POS] MAPRE: 40640
[POS] DPOFE: 2448
[POS] Cache cargado en 1929 ms
[POS] Refrescando cache DBF...
[POS] Cargando DBF...
[POS] MAPRE: 40640
[POS] DPOFE: 2448
[POS] Cache cargado en 1918 ms
[POS] Refrescando cache DBF...
[POS] Cargando DBF...
[POS] MAPRE: 40640
[POS] DPOFE: 2448
[POS] Cache cargado en 1912 ms
[POS] Refrescando cache DBF...
[POS] Cargando DBF...
[POS] MAPRE: 40640
[POS] DPOFE: 2448
[POS] Cache cargado en 1922 ms
[POS] Refrescando cache DBF...
[POS] Cargando DBF...
[POS] MAPRE: 40640
[POS] DPOFE: 2448
[POS] Cache cargado en 1918 ms
[POS] Refrescando cache DBF...
[POS] Cargando DBF...
[POS] MAPRE: 40640
[POS] DPOFE: 2448
[POS] Cache cargado en 1906 ms
[POS] Refrescando cache DBF...
[POS] Cargando DBF...
[POS] MAPRE: 40640
[POS] DPOFE: 2448
[POS] Cache cargado en 1928 ms
[POS] Refrescando cache DBF...
[POS] Cargando DBF...
[POS] MAPRE: 40640
[POS] DPOFE: 2448
[POS] Cache cargado en 1910 ms
[POS] Refrescando cache DBF...
[POS] Cargando DBF...
[POS] MAPRE: 40640
[POS] DPOFE: 2448
[POS] Cache cargado en 1913 ms
[POS] Refrescando cache DBF...
[POS] Cargando DBF...
[POS] MAPRE: 40640
[POS] DPOFE: 2448
[POS] Cache cargado en 1908 ms
[POS] Refrescando cache DBF...
[POS] Cargando DBF...
[POS] MAPRE: 40640
[POS] DPOFE: 2448
[POS] Cache cargado en 1929 ms
[POS] Refrescando cache DBF...
[POS] Cargando DBF...
[POS] MAPRE: 40640
[POS] DPOFE: 2448
[POS] Cache cargado en 1924 ms
[POS] Refrescando cache DBF...
[POS] Cargando DBF...
[POS] MAPRE: 40640
[POS] DPOFE: 2448
[POS] Cache cargado en 1907 ms
[POS] Refrescando cache DBF...
[POS] Cargando DBF...
[POS] MAPRE: 40640
[POS] DPOFE: 2448
[POS] Cache cargado en 1900 ms
[POS] Refrescando cache DBF...
[POS] Cargando DBF...
[POS] MAPRE: 40640
[POS] DPOFE: 2448
[POS] Cache cargado en 1916 ms
[POS] Refrescando cache DBF...
[POS] Cargando DBF...
[POS] MAPRE: 40640
[POS] DPOFE: 2448
[POS] Cache cargado en 1907 ms
[POS] Refrescando cache DBF...
[POS] Cargando DBF...
[POS] MAPRE: 40640
[POS] DPOFE: 2448
[POS] Cache cargado en 1931 ms
[POS] Refrescando cache DBF...
[POS] Cargando DBF...
[POS] MAPRE: 40640
[POS] DPOFE: 2448
[POS] Cache cargado en 1913 ms
[POS] Refrescando cache DBF...
[POS] Cargando DBF...
[POS] MAPRE: 40640
[POS] DPOFE: 2448
[POS] Cache cargado en 1939 ms
[POS] Refrescando cache DBF...
[POS] Cargando DBF...
[POS] MAPRE: 40640
[POS] DPOFE: 2448
[POS] Cache cargado en 1927 ms
[POS] Refrescando cache DBF...
[POS] Cargando DBF...
[POS] MAPRE: 40640
[POS] DPOFE: 2448
[POS] Cache cargado en 1936 ms
[POS] Refrescando cache DBF...
[POS] Cargando DBF...
[POS] MAPRE: 40640
[POS] DPOFE: 2448
[POS] Cache cargado en 1910 ms
[POS] Refrescando cache DBF...
[POS] Cargando DBF...
[POS] MAPRE: 40640
[POS] DPOFE: 2448
[POS] Cache cargado en 1924 ms
[POS] Refrescando cache DBF...
[POS] Cargando DBF...
[POS] MAPRE: 40640
[POS] DPOFE: 2448
[POS] Cache cargado en 1904 ms
[POS] Refrescando cache DBF...
[POS] Cargando DBF...
[POS] MAPRE: 40640
[POS] DPOFE: 2448
[POS] Cache cargado en 1920 ms
[POS] Refrescando cache DBF...
[POS] Cargando DBF...
[POS] MAPRE: 40640
[POS] DPOFE: 2448
[POS] Cache cargado en 1902 ms
[POS] Refrescando cache DBF...
[POS] Cargando DBF...
[POS] MAPRE: 40640
[POS] DPOFE: 2448
[POS] Cache cargado en 1933 ms
[POS] Refrescando cache DBF...
[POS] Cargando DBF...
[POS] MAPRE: 40640
[POS] DPOFE: 2448
[POS] Cache cargado en 1898 ms
[POS] Refrescando cache DBF...
[POS] Cargando DBF...
[POS] MAPRE: 40640
[POS] DPOFE: 2448
[POS] Cache cargado en 1922 ms
[POS] Refrescando cache DBF...
[POS] Cargando DBF...
[POS] MAPRE: 40640
[POS] DPOFE: 2448
[POS] Cache cargado en 1896 ms
[POS] Refrescando cache DBF...
[POS] Cargando DBF...
[POS] MAPRE: 40640
[POS] DPOFE: 2448
[POS] Cache cargado en 1947 ms
[POS] Refrescando cache DBF...
[POS] Cargando DBF...
[POS] MAPRE: 40640
[POS] DPOFE: 2448
[POS] Cache cargado en 1895 ms
[POS] Refrescando cache DBF...
[POS] Cargando DBF...
[POS] MAPRE: 40640
[POS] DPOFE: 2448
[POS] Cache cargado en 1913 ms
[POS] Refrescando cache DBF...
[POS] Cargando DBF...
[POS] MAPRE: 40640
[POS] DPOFE: 2448
[POS] Cache cargado en 1911 ms
[POS] Refrescando cache DBF...
[POS] Cargando DBF...
[POS] MAPRE: 40640
[POS] DPOFE: 2448
[POS] Cache cargado en 1922 ms
[POS] Refrescando cache DBF...
[POS] Cargando DBF...
[POS] MAPRE: 40640
[POS] DPOFE: 2448
[POS] Cache cargado en 1935 ms
[POS] Refrescando cache DBF...
[POS] Cargando DBF...
[POS] MAPRE: 40640
[POS] DPOFE: 2448
[POS] Cache cargado en 1903 ms
[POS] Refrescando cache DBF...
[POS] Cargando DBF...
[POS] MAPRE: 40640
[POS] DPOFE: 2448
[POS] Cache cargado en 1904 ms
[POS] Refrescando cache DBF...
[POS] Cargando DBF...
[POS] MAPRE: 40640
[POS] DPOFE: 2448
[POS] Cache cargado en 1922 ms
[POS] Refrescando cache DBF...
[POS] Cargando DBF...
[POS] MAPRE: 40640
[POS] DPOFE: 2448
[POS] Cache cargado en 1920 ms
[POS] Refrescando cache DBF...
[POS] Cargando DBF...
[POS] MAPRE: 40640
[POS] DPOFE: 2448
[POS] Cache cargado en 1923 ms
[POS] Refrescando cache DBF...
[POS] Cargando DBF...
[POS] MAPRE: 40640
[POS] DPOFE: 2448
[POS] Cache cargado en 1898 ms
[POS] Refrescando cache DBF...
[POS] Cargando DBF...
[POS] MAPRE: 40640
[POS] DPOFE: 2448
[POS] Cache cargado en 1915 ms
[POS] Refrescando cache DBF...
[POS] Cargando DBF...
[POS] MAPRE: 40640
[POS] DPOFE: 2448
[POS] Cache cargado en 1901 ms
[POS] Refrescando cache DBF...
[POS] Cargando DBF...
[POS] MAPRE: 40640
[POS] DPOFE: 2448
[POS] Cache cargado en 1923 ms
[POS] Refrescando cache DBF...
[POS] Cargando DBF...
[POS] MAPRE: 40640
[POS] DPOFE: 2448
[POS] Cache cargado en 1899 ms
[POS] Refrescando cache DBF...
[POS] Cargando DBF...
[POS] MAPRE: 40640
[POS] DPOFE: 2448
[POS] Cache cargado en 1929 ms
[POS] Refrescando cache DBF...
[POS] Cargando DBF...
[POS] MAPRE: 40640
[POS] DPOFE: 2448
[POS] Cache cargado en 1916 ms
[POS] Refrescando cache DBF...
[POS] Cargando DBF...
[POS] MAPRE: 40640
[POS] DPOFE: 2448
[POS] Cache cargado en 1926 ms
[POS] Refrescando cache DBF...
[POS] Cargando DBF...
[POS] MAPRE: 40640
[POS] DPOFE: 2448
[POS] Cache cargado en 1914 ms
[POS] Refrescando cache DBF...
[POS] Cargando DBF...
[POS] MAPRE: 40640
[POS] DPOFE: 2448
[POS] Cache cargado en 1916 ms
[POS] Refrescando cache DBF...
[POS] Cargando DBF...
[POS] MAPRE: 40640
[POS] DPOFE: 2448
[POS] Cache cargado en 1916 ms
[POS] Refrescando cache DBF...
[POS] Cargando DBF...
[POS] MAPRE: 40640
[POS] DPOFE: 2448
[POS] Cache cargado en 1919 ms
[POS] Refrescando cache DBF...
[POS] Cargando DBF...
[POS] MAPRE: 40640
[POS] DPOFE: 2448
[POS] Cache cargado en 1912 ms
[POS] Refrescando cache DBF...
[POS] Cargando DBF...
[POS] MAPRE: 40640
[POS] DPOFE: 2448
[POS] Cache cargado en 1923 ms
responseXml <?xml version="1.0" encoding="utf-8"?><soap:Envelope xmlns:soap="http://schemas.xmlsoap.org/soap/envelope/" xmlns:xsi="http://www.w3.org/2001/XMLSchema-instance" xmlns:xsd="http://www.w3.org/2001/XMLSchema"><soap:Body><Login_UsuarioResponse xmlns="http://www.fasa.cl/"><Login_UsuarioResult>&lt;?xml version="1.0" encoding="utf-8" ?&gt;&lt;Respuesta&gt;&lt;Codigo&gt;0&lt;/Codigo&gt;&lt;Mensaje&gt;Transaccion exitosa.&lt;/Mensaje&gt;&lt;Emisor&gt;wsAccesos&lt;/Emisor&gt;&lt;FechaHora&gt;2026-04-08 15:02:33&lt;/FechaHora&gt;&lt;IdUsuario&gt;8192&lt;/IdUsuario&gt;&lt;/Respuesta&gt;</Login_UsuarioResult></Login_UsuarioResponse></soap:Body></soap:Envelope>
[ACCESOS] Login_Usuario OK
[ACCESOS] pIdLogin generado: 8192
[ACCESOS] Menu_XML OK – acceso concedido
📂 Archivo recibido: Listado PAI Marzo.xlsx
📊 Items leídos: 295
Insertando SKU: 94397
Insertando SKU: 94460
Insertando SKU: 94461
Insertando SKU: 94462
Insertando SKU: 94463
Insertando SKU: 94485
Insertando SKU: 94547
Insertando SKU: 94590
Insertando SKU: 94583
Insertando SKU: 63462
Insertando SKU: 93679
Insertando SKU: 93974
Insertando SKU: 88136
Insertando SKU: 89112
Insertando SKU: 89113
Insertando SKU: 89120
Insertando SKU: 91966
Insertando SKU: 91967
Insertando SKU: 91965
Insertando SKU: 94940
Insertando SKU: 94919
Insertando SKU: 67791
Insertando SKU: 40891
Insertando SKU: 82645
Insertando SKU: 91440
Insertando SKU: 82956
Insertando SKU: 93025
Insertando SKU: 91300
Insertando SKU: 94748
Insertando SKU: 75289
Insertando SKU: 94720
Insertando SKU: 94722
Insertando SKU: 94723
Insertando SKU: 94724
Insertando SKU: 94725
Insertando SKU: 94726
Insertando SKU: 94645
Insertando SKU: 94638
Insertando SKU: 86972
Insertando SKU: 92409
Insertando SKU: 95587
Insertando SKU: 96145
Insertando SKU: 96461
Insertando SKU: 96462
Insertando SKU: 94339
Insertando SKU: 94350
Insertando SKU: 94352
Insertando SKU: 94351
Insertando SKU: 92385
Insertando SKU: 92386
Insertando SKU: 96643
Insertando SKU: 96645
Insertando SKU: 96660
Insertando SKU: 96662
Insertando SKU: 96728
Insertando SKU: 93141
Insertando SKU: 93142
Insertando SKU: 93482
Insertando SKU: 94057
Insertando SKU: 94058
Insertando SKU: 94059
Insertando SKU: 94248
Insertando SKU: 94250
Insertando SKU: 94260
Insertando SKU: 96219
Insertando SKU: 96217
Insertando SKU: 96218
Insertando SKU: 95998
Insertando SKU: 95935
Insertando SKU: 95936
Insertando SKU: 95937
Insertando SKU: 95938
Insertando SKU: 95930
Insertando SKU: 95931
Insertando SKU: 95932
Insertando SKU: 95933
Insertando SKU: 95934
Insertando SKU: 96681
Insertando SKU: 94587
Insertando SKU: 94591
Insertando SKU: 91422
Insertando SKU: 90550
Insertando SKU: 94356
Insertando SKU: 94357
Insertando SKU: 94358
Insertando SKU: 95790
Insertando SKU: 46105
Insertando SKU: 89536
Insertando SKU: 72820
Insertando SKU: 75270
Insertando SKU: 91670
Insertando SKU: 93492
Insertando SKU: 95954
Insertando SKU: 95836
Insertando SKU: 89334
Insertando SKU: 88294
Insertando SKU: 18959
Insertando SKU: 91874
Insertando SKU: 45330
Insertando SKU: 36782
Insertando SKU: 92958
Insertando SKU: 95269
Insertando SKU: 95300
Insertando SKU: 95301
Insertando SKU: 64466
Insertando SKU: 64467
Insertando SKU: 73000
Insertando SKU: 82426
Insertando SKU: 76161001
Insertando SKU: 76162001
Insertando SKU: 92233
Insertando SKU: 92234
Insertando SKU: 95607
Insertando SKU: 95805
Insertando SKU: 95792
Insertando SKU: 95711
Insertando SKU: 95712
Insertando SKU: 95730
Insertando SKU: 95713
Insertando SKU: 95714
Insertando SKU: 95732
Insertando SKU: 50698
Insertando SKU: 16546
Insertando SKU: 85477
Insertando SKU: 67738
Insertando SKU: 69901
Insertando SKU: 92030
Insertando SKU: 79731
Insertando SKU: 93524
Insertando SKU: 93457
Insertando SKU: 92830
Insertando SKU: 94791
Insertando SKU: 96483
Insertando SKU: 93179
Insertando SKU: 20755
Insertando SKU: 90644
Insertando SKU: 71903
Insertando SKU: 94595
Insertando SKU: 95547
Insertando SKU: 32364003
Insertando SKU: 93273
Insertando SKU: 93473
Insertando SKU: 93449
Insertando SKU: 93317
Insertando SKU: 91509
Insertando SKU: 93633
Insertando SKU: 92124
Insertando SKU: 93634
Insertando SKU: 96666
Insertando SKU: 96686
Insertando SKU: 96687
Insertando SKU: 95447
Insertando SKU: 95449
Insertando SKU: 87958
Insertando SKU: 92037
Insertando SKU: 91605
Insertando SKU: 79924
Insertando SKU: 94930
Insertando SKU: 95748
Insertando SKU: 94561
Insertando SKU: 94702
Insertando SKU: 94703
Insertando SKU: 94704
Insertando SKU: 94582
Insertando SKU: 95817
Insertando SKU: 95818
Insertando SKU: 95819
Insertando SKU: 93447
Insertando SKU: 93672
Insertando SKU: 23
Insertando SKU: 91902
Insertando SKU: 91903
Insertando SKU: 47395
Insertando SKU: 64703
Insertando SKU: 85868
Insertando SKU: 93567
Insertando SKU: 88628
Insertando SKU: 84822
Insertando SKU: 25567
Insertando SKU: 46713
Insertando SKU: 46714
Insertando SKU: 83940
Insertando SKU: 15414
Insertando SKU: 89070
Insertando SKU: 39823
Insertando SKU: 65476
Insertando SKU: 65341
Insertando SKU: 94488
Insertando SKU: 94489
Insertando SKU: 94953
Insertando SKU: 94951
Insertando SKU: 96823
Insertando SKU: 96824
Insertando SKU: 94419
Insertando SKU: 94425
Insertando SKU: 91603
Insertando SKU: 96822
Insertando SKU: 81110
Insertando SKU: 81111
Insertando SKU: 96479
Insertando SKU: 94960
Insertando SKU: 95140
Insertando SKU: 96492
Insertando SKU: 90031
Insertando SKU: 90033
Insertando SKU: 90034
Insertando SKU: 92254
Insertando SKU: 93546
Insertando SKU: 93547
Insertando SKU: 96435
Insertando SKU: 96340
Insertando SKU: 93550
Insertando SKU: 96339
Insertando SKU: 93549
Insertando SKU: 96342
Insertando SKU: 93552
Insertando SKU: 96341
Insertando SKU: 93551
Insertando SKU: 94678
Insertando SKU: 94961
Insertando SKU: 94406
Insertando SKU: 90437
Insertando SKU: 93516
Insertando SKU: 94926
Insertando SKU: 94973
Insertando SKU: 95060
Insertando SKU: 94928
Insertando SKU: 94929
Insertando SKU: 49014
Insertando SKU: 95070
Insertando SKU: 91349
Insertando SKU: 91372
Insertando SKU: 91351
Insertando SKU: 96636
Insertando SKU: 93565
Insertando SKU: 93566
Insertando SKU: 81748
Insertando SKU: 92897
Insertando SKU: 82109
Insertando SKU: 49705
Insertando SKU: 80968
Insertando SKU: 90268
Insertando SKU: 95885
Insertando SKU: 48962
Insertando SKU: 95520
Insertando SKU: 95625
Insertando SKU: 94654
Insertando SKU: 96620
Insertando SKU: 96579
Insertando SKU: 96580
Insertando SKU: 70669
Insertando SKU: 70847
Insertando SKU: 69105
Insertando SKU: 75523
Insertando SKU: 74369
Insertando SKU: 70457
Insertando SKU: 74397
Insertando SKU: 94417
Insertando SKU: 95063
Insertando SKU: 87930
Insertando SKU: 92915
Insertando SKU: 93692
Insertando SKU: 91343
Insertando SKU: 91516
Insertando SKU: 91514
Insertando SKU: 90903
Insertando SKU: 93410
Insertando SKU: 79120
Insertando SKU: 93680
Insertando SKU: 68121
Insertando SKU: 95529
Insertando SKU: 95530
Insertando SKU: 95531
Insertando SKU: 96842
Insertando SKU: 96892
Insertando SKU: 96891
Insertando SKU: 73888
Insertando SKU: 92270
Insertando SKU: 96923
Insertando SKU: 72174
Insertando SKU: 94249
Insertando SKU: 94380
Insertando SKU: 86110
Insertando SKU: 83819
Insertando SKU: 77934
Insertando SKU: 88684
Insertando SKU: 85666
Insertando SKU: 95320
Insertando SKU: 95322
Insertando SKU: 95633
Insertando SKU: 95572
Insertando SKU: 96038
Insertando SKU: 96459
Insertando SKU: 90529
Insertando SKU: 89096
✅ Commit ejecutado
✅ Insertados: 295
SKUS ARCHIVO: 383
PRODUCTOS ÚNICOS: 383
CON OFERTA: 107
SIN OFERTA: 276
[POS] Refrescando cache DBF...
[POS] Cargando DBF...
[POS] MAPRE: 40640
[POS] DPOFE: 2448
[POS] Cache cargado en 1913 ms
[POS] Refrescando cache DBF...
[POS] Cargando DBF...
[POS] MAPRE: 40640
[POS] DPOFE: 2448
[POS] Cache cargado en 1912 ms
[POS] Refrescando cache DBF...
[POS] Cargando DBF...
[POS] MAPRE: 40640
[POS] DPOFE: 2448
[POS] Cache cargado en 1905 ms
[POS] Refrescando cache DBF...
[POS] Cargando DBF...
[POS] MAPRE: 40640
[POS] DPOFE: 2448
[POS] Cache cargado en 1920 ms
[POS] Refrescando cache DBF...
[POS] Cargando DBF...
[POS] MAPRE: 40640
[POS] DPOFE: 2448
[POS] Cache cargado en 1935 ms
[POS] Refrescando cache DBF...
[POS] Cargando DBF...
[POS] MAPRE: 40640
[POS] DPOFE: 2448
[POS] Cache cargado en 1909 ms
[POS] Refrescando cache DBF...
[POS] Cargando DBF...
[POS] MAPRE: 40640
[POS] DPOFE: 2448
[POS] Cache cargado en 1919 ms
[POS] Refrescando cache DBF...
[POS] Cargando DBF...
[POS] MAPRE: 40640
[POS] DPOFE: 2448
[POS] Cache cargado en 1925 ms
[POS] Refrescando cache DBF...
[POS] Cargando DBF...
[POS] MAPRE: 40640
[POS] DPOFE: 2448
[POS] Cache cargado en 1907 ms
[POS] Refrescando cache DBF...
[POS] Cargando DBF...
[POS] MAPRE: 40640
[POS] DPOFE: 2448
[POS] Cache cargado en 1910 ms
[POS] Refrescando cache DBF...
[POS] Cargando DBF...
[POS] MAPRE: 40640
[POS] DPOFE: 2448
[POS] Cache cargado en 1913 ms
[POS] Refrescando cache DBF...
[POS] Cargando DBF...
[POS] MAPRE: 40640
[POS] DPOFE: 2448
[POS] Cache cargado en 1922 ms
[POS] Refrescando cache DBF...
[POS] Cargando DBF...
[POS] MAPRE: 40640
[POS] DPOFE: 2448
[POS] Cache cargado en 1916 ms
[POS] Refrescando cache DBF...
[POS] Cargando DBF...
[POS] MAPRE: 40640
[POS] DPOFE: 2448
[POS] Cache cargado en 1903 ms
[POS] Refrescando cache DBF...
[POS] Cargando DBF...
[POS] MAPRE: 40640
[POS] DPOFE: 2448
[POS] Cache cargado en 1928 ms
[POS] Refrescando cache DBF...
[POS] Cargando DBF...
[POS] MAPRE: 40640
[POS] DPOFE: 2448
[POS] Cache cargado en 1936 ms
[POS] Refrescando cache DBF...
[POS] Cargando DBF...
[POS] MAPRE: 40640
[POS] DPOFE: 2448
[POS] Cache cargado en 1906 ms
[POS] Refrescando cache DBF...
[POS] Cargando DBF...
[POS] MAPRE: 40640
[POS] DPOFE: 2448
[POS] Cache cargado en 1919 ms
[POS] Refrescando cache DBF...
[POS] Cargando DBF...
[POS] MAPRE: 40640
[POS] DPOFE: 2448
[POS] Cache cargado en 1924 ms
[POS] Refrescando cache DBF...
[POS] Cargando DBF...
[POS] MAPRE: 40640
[POS] DPOFE: 2448
[POS] Cache cargado en 1928 ms
[POS] Refrescando cache DBF...
[POS] Cargando DBF...
[POS] MAPRE: 40640
[POS] DPOFE: 2448
[POS] Cache cargado en 1909 ms
[POS] Refrescando cache DBF...
[POS] Cargando DBF...
[POS] MAPRE: 40640
[POS] DPOFE: 2448
[POS] Cache cargado en 1936 ms
[POS] Refrescando cache DBF...
[POS] Cargando DBF...
[POS] MAPRE: 40640
[POS] DPOFE: 2448
[POS] Cache cargado en 1908 ms
[POS] Refrescando cache DBF...
[POS] Cargando DBF...
[POS] MAPRE: 40640
[POS] DPOFE: 2448
[POS] Cache cargado en 1913 ms
[POS] Refrescando cache DBF...
[POS] Cargando DBF...
[POS] MAPRE: 40640
[POS] DPOFE: 2448
[POS] Cache cargado en 1922 ms
[POS] Refrescando cache DBF...
[POS] Cargando DBF...
[POS] MAPRE: 40640
[POS] DPOFE: 2448
[POS] Cache cargado en 1934 ms
[POS] Refrescando cache DBF...
[POS] Cargando DBF...
[POS] MAPRE: 40640
[POS] DPOFE: 2448
[POS] Cache cargado en 1922 ms
[POS] Refrescando cache DBF...
[POS] Cargando DBF...
[POS] MAPRE: 40640
[POS] DPOFE: 2448
[POS] Cache cargado en 1924 ms
[POS] Refrescando cache DBF...
[POS] Cargando DBF...
[POS] MAPRE: 40640
[POS] DPOFE: 2448
[POS] Cache cargado en 1914 ms
[POS] Refrescando cache DBF...
[POS] Cargando DBF...
[POS] MAPRE: 40640
[POS] DPOFE: 2448
[POS] Cache cargado en 1935 ms
[POS] Refrescando cache DBF...
[POS] Cargando DBF...
[POS] MAPRE: 40640
[POS] DPOFE: 2448
[POS] Cache cargado en 1915 ms
[POS] Refrescando cache DBF...
[POS] Cargando DBF...
[POS] MAPRE: 40640
[POS] DPOFE: 2448
[POS] Cache cargado en 1932 ms
[POS] Refrescando cache DBF...
[POS] Cargando DBF...
[POS] MAPRE: 40640
[POS] DPOFE: 2448
[POS] Cache cargado en 1921 ms
[POS] Refrescando cache DBF...
[POS] Cargando DBF...
[POS] MAPRE: 40640
[POS] DPOFE: 2448
[POS] Cache cargado en 1930 ms
[POS] Refrescando cache DBF...
[POS] Cargando DBF...
[POS] MAPRE: 40640
[POS] DPOFE: 2448
[POS] Cache cargado en 1928 ms
[POS] Refrescando cache DBF...
[POS] Cargando DBF...
[POS] MAPRE: 40640
[POS] DPOFE: 2448
[POS] Cache cargado en 1925 ms
[POS] Refrescando cache DBF...
[POS] Cargando DBF...
[POS] MAPRE: 40640
[POS] DPOFE: 2448
[POS] Cache cargado en 1916 ms
[POS] Refrescando cache DBF...
[POS] Cargando DBF...
[POS] MAPRE: 40640
[POS] DPOFE: 2448
[POS] Cache cargado en 1935 ms
[POS] Refrescando cache DBF...
[POS] Cargando DBF...
[POS] MAPRE: 40640
[POS] DPOFE: 2448
[POS] Cache cargado en 1908 ms
[POS] Refrescando cache DBF...
[POS] Cargando DBF...
[POS] MAPRE: 40640
[POS] DPOFE: 2448
[POS] Cache cargado en 1940 ms
[POS] Refrescando cache DBF...
[POS] Cargando DBF...
[POS] MAPRE: 40640
[POS] DPOFE: 2448
[POS] Cache cargado en 1918 ms
[POS] Refrescando cache DBF...
[POS] Cargando DBF...
[POS] MAPRE: 40640
[POS] DPOFE: 2448
[POS] Cache cargado en 1921 ms
[POS] Refrescando cache DBF...
[POS] Cargando DBF...
[POS] MAPRE: 40640
[POS] DPOFE: 2448
[POS] Cache cargado en 1905 ms
[POS] Refrescando cache DBF...
[POS] Cargando DBF...
[POS] MAPRE: 40640
[POS] DPOFE: 2448
[POS] Cache cargado en 1932 ms
[POS] Refrescando cache DBF...
[POS] Cargando DBF...
[POS] MAPRE: 40640
[POS] DPOFE: 2448
[POS] Cache cargado en 1919 ms
[POS] Refrescando cache DBF...
[POS] Cargando DBF...
[POS] MAPRE: 40640
[POS] DPOFE: 2448
[POS] Cache cargado en 1930 ms
[POS] Refrescando cache DBF...
[POS] Cargando DBF...
[POS] MAPRE: 40640
[POS] DPOFE: 2448
[POS] Cache cargado en 1919 ms
[POS] Refrescando cache DBF...
[POS] Cargando DBF...
[POS] MAPRE: 40640
[POS] DPOFE: 2448
[POS] Cache cargado en 1927 ms
[POS] Refrescando cache DBF...
[POS] Cargando DBF...
[POS] MAPRE: 40640
[POS] DPOFE: 2448
[POS] Cache cargado en 1921 ms
[POS] Refrescando cache DBF...
[POS] Cargando DBF...
[POS] MAPRE: 40640
[POS] DPOFE: 2448
[POS] Cache cargado en 1934 ms
[POS] Refrescando cache DBF...
[POS] Cargando DBF...
[POS] MAPRE: 40640
[POS] DPOFE: 2448
[POS] Cache cargado en 1910 ms
[POS] Refrescando cache DBF...
[POS] Cargando DBF...
[POS] MAPRE: 40640
[POS] DPOFE: 2448
[POS] Cache cargado en 1927 ms
[POS] Refrescando cache DBF...
[POS] Cargando DBF...
[POS] MAPRE: 40640
[POS] DPOFE: 2448
[POS] Cache cargado en 1909 ms
[POS] Refrescando cache DBF...
[POS] Cargando DBF...
[POS] MAPRE: 40640
[POS] DPOFE: 2448
[POS] Cache cargado en 1948 ms
[POS] Refrescando cache DBF...
[POS] Cargando DBF...
[POS] MAPRE: 40640
[POS] DPOFE: 2448
[POS] Cache cargado en 1917 ms
[POS] Refrescando cache DBF...
[POS] Cargando DBF...
[POS] MAPRE: 40640
[POS] DPOFE: 2448
[POS] Cache cargado en 1926 ms
[POS] Refrescando cache DBF...
[POS] Cargando DBF...
[POS] MAPRE: 40640
[POS] DPOFE: 2448
[POS] Cache cargado en 1913 ms
[POS] Refrescando cache DBF...
[POS] Cargando DBF...
[POS] MAPRE: 40640
[POS] DPOFE: 2448
[POS] Cache cargado en 1918 ms
[POS] Refrescando cache DBF...
[POS] Cargando DBF...
[POS] MAPRE: 40640
[POS] DPOFE: 2448
[POS] Cache cargado en 1927 ms
[POS] Refrescando cache DBF...
[POS] Cargando DBF...
[POS] MAPRE: 40640
[POS] DPOFE: 2448
[POS] Cache cargado en 1929 ms
[POS] Refrescando cache DBF...
[POS] Cargando DBF...
[POS] MAPRE: 40640
[POS] DPOFE: 2448
[POS] Cache cargado en 1917 ms
[POS] Refrescando cache DBF...
[POS] Cargando DBF...
[POS] MAPRE: 40640
[POS] DPOFE: 2448
[POS] Cache cargado en 1931 ms
[POS] Refrescando cache DBF...
[POS] Cargando DBF...
[POS] MAPRE: 40640
[POS] DPOFE: 2448
[POS] Cache cargado en 1912 ms
[POS] Refrescando cache DBF...
[POS] Cargando DBF...
[POS] MAPRE: 40640
[POS] DPOFE: 2448
[POS] Cache cargado en 1922 ms
[POS] Refrescando cache DBF...
[POS] Cargando DBF...
[POS] MAPRE: 40640
[POS] DPOFE: 2448
[POS] Cache cargado en 1909 ms
[POS] Refrescando cache DBF...
[POS] Cargando DBF...
[POS] MAPRE: 40640
[POS] DPOFE: 2448
[POS] Cache cargado en 1915 ms
[POS] Refrescando cache DBF...
[POS] Cargando DBF...
[POS] MAPRE: 40640
[POS] DPOFE: 2448
[POS] Cache cargado en 1913 ms
[POS] Refrescando cache DBF...
[POS] Cargando DBF...
[POS] MAPRE: 40640
[POS] DPOFE: 2448
[POS] Cache cargado en 1927 ms
[POS] Refrescando cache DBF...
[POS] Cargando DBF...
[POS] MAPRE: 40640
[POS] DPOFE: 2448
[POS] Cache cargado en 1934 ms
[POS] Refrescando cache DBF...
[POS] Cargando DBF...
[POS] MAPRE: 40640
[POS] DPOFE: 2448
[POS] Cache cargado en 1917 ms
[POS] Refrescando cache DBF...
[POS] Cargando DBF...
[POS] MAPRE: 40640
[POS] DPOFE: 2448
[POS] Cache cargado en 1906 ms
[POS] Refrescando cache DBF...
[POS] Cargando DBF...
[POS] MAPRE: 40640
[POS] DPOFE: 2448
[POS] Cache cargado en 1918 ms
[POS] Refrescando cache DBF...
[POS] Cargando DBF...
[POS] MAPRE: 40640
[POS] DPOFE: 2448
[POS] Cache cargado en 1918 ms
[POS] Refrescando cache DBF...
[POS] Cargando DBF...
[POS] MAPRE: 40640
[POS] DPOFE: 2448
[POS] Cache cargado en 1925 ms
[POS] Refrescando cache DBF...
[POS] Cargando DBF...
[POS] MAPRE: 40640
[POS] DPOFE: 2448
[POS] Cache cargado en 1924 ms
[POS] Refrescando cache DBF...
[POS] Cargando DBF...
[POS] MAPRE: 40640
[POS] DPOFE: 2448
[POS] Cache cargado en 1929 ms
[POS] Refrescando cache DBF...
[POS] Cargando DBF...
[POS] MAPRE: 40640
[POS] DPOFE: 2448
[POS] Cache cargado en 1924 ms
[POS] Refrescando cache DBF...
[POS] Cargando DBF...
[POS] MAPRE: 40640
[POS] DPOFE: 2448
[POS] Cache cargado en 1920 ms
[POS] Refrescando cache DBF...
[POS] Cargando DBF...
[POS] MAPRE: 40640
[POS] DPOFE: 2448
[POS] Cache cargado en 1923 ms
[POS] Refrescando cache DBF...
[POS] Cargando DBF...
[POS] MAPRE: 40640
[POS] DPOFE: 2448
[POS] Cache cargado en 1897 ms
[POS] Refrescando cache DBF...
[POS] Cargando DBF...
[POS] MAPRE: 40640
[POS] DPOFE: 2448
[POS] Cache cargado en 1894 ms
[POS] Refrescando cache DBF...
[POS] Cargando DBF...
[POS] MAPRE: 40640
[POS] DPOFE: 2448
[POS] Cache cargado en 1934 ms
[POS] Refrescando cache DBF...
[POS] Cargando DBF...
[POS] MAPRE: 40640
[POS] DPOFE: 2448
[POS] Cache cargado en 1923 ms
[POS] Refrescando cache DBF...
[POS] Cargando DBF...
[POS] MAPRE: 40640
[POS] DPOFE: 2448
[POS] Cache cargado en 1936 ms
[POS] Refrescando cache DBF...
[POS] Cargando DBF...
[POS] MAPRE: 40640
[POS] DPOFE: 2448
[POS] Cache cargado en 1915 ms
[POS] Refrescando cache DBF...
[POS] Cargando DBF...
[POS] MAPRE: 40640
[POS] DPOFE: 2448
[POS] Cache cargado en 1932 ms
[POS] Refrescando cache DBF...
[POS] Cargando DBF...
[POS] MAPRE: 40640
[POS] DPOFE: 2448
[POS] Cache cargado en 1919 ms
[POS] Refrescando cache DBF...
[POS] Cargando DBF...
[POS] MAPRE: 40640
[POS] DPOFE: 2448
[POS] Cache cargado en 1919 ms
[POS] Refrescando cache DBF...
[POS] Cargando DBF...
[POS] MAPRE: 40640
[POS] DPOFE: 2448
[POS] Cache cargado en 1930 ms
[POS] Refrescando cache DBF...
[POS] Cargando DBF...
[POS] MAPRE: 40640
[POS] DPOFE: 2448
[POS] Cache cargado en 1909 ms
[POS] Refrescando cache DBF...
[POS] Cargando DBF...
[POS] MAPRE: 40640
[POS] DPOFE: 2448
[POS] Cache cargado en 1903 ms
[POS] Refrescando cache DBF...
[POS] Cargando DBF...
[POS] MAPRE: 40640
[POS] DPOFE: 2448
[POS] Cache cargado en 1924 ms
[POS] Refrescando cache DBF...
[POS] Cargando DBF...
[POS] MAPRE: 40640
[POS] DPOFE: 2448
[POS] Cache cargado en 1895 ms
[POS] Refrescando cache DBF...
[POS] Cargando DBF...
[POS] MAPRE: 40640
[POS] DPOFE: 2448
[POS] Cache cargado en 1906 ms
[POS] Refrescando cache DBF...
[POS] Cargando DBF...
[POS] MAPRE: 40640
[POS] DPOFE: 2448
[POS] Cache cargado en 1909 ms
[POS] Refrescando cache DBF...
[POS] Cargando DBF...
[POS] MAPRE: 40640
[POS] DPOFE: 2448
[POS] Cache cargado en 1905 ms
[POS] Refrescando cache DBF...
[POS] Cargando DBF...
[POS] MAPRE: 40640
[POS] DPOFE: 2448
[POS] Cache cargado en 1916 ms
[POS] Refrescando cache DBF...
[POS] Cargando DBF...
[POS] MAPRE: 40640
[POS] DPOFE: 2448
[POS] Cache cargado en 1907 ms
[POS] Refrescando cache DBF...
[POS] Cargando DBF...
[POS] MAPRE: 40640
[POS] DPOFE: 2448
[POS] Cache cargado en 1911 ms
[POS] Refrescando cache DBF...
[POS] Cargando DBF...
[POS] MAPRE: 40640
[POS] DPOFE: 2448
[POS] Cache cargado en 1932 ms
[POS] Refrescando cache DBF...
[POS] Cargando DBF...
[POS] MAPRE: 40640
[POS] DPOFE: 2448
[POS] Cache cargado en 1937 ms
[POS] Refrescando cache DBF...
[POS] Cargando DBF...
[POS] MAPRE: 40640
[POS] DPOFE: 2448
[POS] Cache cargado en 1919 ms
[POS] Refrescando cache DBF...
[POS] Cargando DBF...
[POS] MAPRE: 40640
[POS] DPOFE: 2448
[POS] Cache cargado en 1917 ms
[POS] Refrescando cache DBF...
[POS] Cargando DBF...
[POS] MAPRE: 40640
[POS] DPOFE: 2448
[POS] Cache cargado en 1929 ms
[POS] Refrescando cache DBF...
[POS] Cargando DBF...
[POS] MAPRE: 40640
[POS] DPOFE: 2448
[POS] Cache cargado en 1919 ms
[POS] Refrescando cache DBF...
[POS] Cargando DBF...
[POS] MAPRE: 40640
[POS] DPOFE: 2448
[POS] Cache cargado en 1940 ms
[POS] Refrescando cache DBF...
[POS] Cargando DBF...
[POS] MAPRE: 40640
[POS] DPOFE: 2448
[POS] Cache cargado en 1932 ms
[POS] Refrescando cache DBF...
[POS] Cargando DBF...
[POS] MAPRE: 40640
[POS] DPOFE: 2448
[POS] Cache cargado en 1922 ms
[POS] Refrescando cache DBF...
[POS] Cargando DBF...
[POS] MAPRE: 40640
[POS] DPOFE: 2448
[POS] Cache cargado en 1923 ms
[POS] Refrescando cache DBF...
[POS] Cargando DBF...
[POS] MAPRE: 40640
[POS] DPOFE: 2448
[POS] Cache cargado en 1926 ms
[POS] Refrescando cache DBF...
[POS] Cargando DBF...
[POS] MAPRE: 40640
[POS] DPOFE: 2448
[POS] Cache cargado en 1922 ms
[POS] Refrescando cache DBF...
[POS] Cargando DBF...
[POS] MAPRE: 40640
[POS] DPOFE: 2448
[POS] Cache cargado en 1918 ms
[POS] Refrescando cache DBF...
[POS] Cargando DBF...
[POS] MAPRE: 40640
[POS] DPOFE: 2448
[POS] Cache cargado en 1920 ms
[POS] Refrescando cache DBF...
[POS] Cargando DBF...
[POS] MAPRE: 40640
[POS] DPOFE: 2448
[POS] Cache cargado en 1928 ms
[POS] Refrescando cache DBF...
[POS] Cargando DBF...
[POS] MAPRE: 40640
[POS] DPOFE: 2448
[POS] Cache cargado en 1925 ms
[POS] Refrescando cache DBF...
[POS] Cargando DBF...
[POS] MAPRE: 40640
[POS] DPOFE: 2448
[POS] Cache cargado en 1921 ms
[POS] Refrescando cache DBF...
[POS] Cargando DBF...
[POS] MAPRE: 40640
[POS] DPOFE: 2448
[POS] Cache cargado en 1917 ms
[POS] Refrescando cache DBF...
[POS] Cargando DBF...
[POS] MAPRE: 40640
[POS] DPOFE: 2448
[POS] Cache cargado en 1928 ms
[POS] Refrescando cache DBF...
[POS] Cargando DBF...
[POS] MAPRE: 40640
[POS] DPOFE: 2448
[POS] Cache cargado en 1913 ms
[POS] Refrescando cache DBF...
[POS] Cargando DBF...
[POS] MAPRE: 40640
[POS] DPOFE: 2448
[POS] Cache cargado en 1918 ms
[POS] Refrescando cache DBF...
[POS] Cargando DBF...
[POS] MAPRE: 40640
[POS] DPOFE: 2448
[POS] Cache cargado en 1924 ms
[POS] Refrescando cache DBF...
[POS] Cargando DBF...
[POS] MAPRE: 40640
[POS] DPOFE: 2448
[POS] Cache cargado en 1906 ms
[POS] Refrescando cache DBF...
[POS] Cargando DBF...
[POS] MAPRE: 40640
[POS] DPOFE: 2448
[POS] Cache cargado en 1922 ms
[POS] Refrescando cache DBF...
[POS] Cargando DBF...
[POS] MAPRE: 40640
[POS] DPOFE: 2448
[POS] Cache cargado en 1948 ms
[POS] Refrescando cache DBF...
[POS] Cargando DBF...
[POS] MAPRE: 40640
[POS] DPOFE: 2448
[POS] Cache cargado en 1917 ms
[POS] Refrescando cache DBF...
[POS] Cargando DBF...
[POS] MAPRE: 40640
[POS] DPOFE: 2448
[POS] Cache cargado en 1916 ms
[POS] Refrescando cache DBF...
[POS] Cargando DBF...
[POS] MAPRE: 40640
[POS] DPOFE: 2448
[POS] Cache cargado en 1922 ms
[POS] Refrescando cache DBF...
[POS] Cargando DBF...
[POS] MAPRE: 40640
[POS] DPOFE: 2448
[POS] Cache cargado en 1931 ms
[POS] Refrescando cache DBF...
[POS] Cargando DBF...
[POS] MAPRE: 40640
[POS] DPOFE: 2448
[POS] Cache cargado en 1911 ms
[POS] Refrescando cache DBF...
[POS] Cargando DBF...
[POS] MAPRE: 40640
[POS] DPOFE: 2448
[POS] Cache cargado en 1921 ms
[POS] Refrescando cache DBF...
[POS] Cargando DBF...
[POS] MAPRE: 40640
[POS] DPOFE: 2448
[POS] Cache cargado en 1913 ms
[POS] Refrescando cache DBF...
[POS] Cargando DBF...
[POS] MAPRE: 40640
[POS] DPOFE: 2448
[POS] Cache cargado en 1915 ms
[POS] Refrescando cache DBF...
[POS] Cargando DBF...
[POS] MAPRE: 40640
[POS] DPOFE: 2448
[POS] Cache cargado en 1903 ms
[POS] Refrescando cache DBF...
[POS] Cargando DBF...
[POS] MAPRE: 40640
[POS] DPOFE: 2448
[POS] Cache cargado en 1936 ms
[POS] Refrescando cache DBF...
[POS] Cargando DBF...
[POS] MAPRE: 40640
[POS] DPOFE: 2448
[POS] Cache cargado en 1899 ms
[POS] Refrescando cache DBF...
[POS] Cargando DBF...
[POS] MAPRE: 40640
[POS] DPOFE: 2448
[POS] Cache cargado en 1933 ms
[POS] Refrescando cache DBF...
[POS] Cargando DBF...
[POS] MAPRE: 40640
[POS] DPOFE: 2448
[POS] Cache cargado en 1901 ms
[POS] Refrescando cache DBF...
[POS] Cargando DBF...
[POS] MAPRE: 40640
[POS] DPOFE: 2448
[POS] Cache cargado en 1897 ms
[POS] Refrescando cache DBF...
[POS] Cargando DBF...
[POS] MAPRE: 40640
[POS] DPOFE: 2448
[POS] Cache cargado en 1923 ms
[POS] Refrescando cache DBF...
[POS] Cargando DBF...
[POS] MAPRE: 40640
[POS] DPOFE: 2448
[POS] Cache cargado en 1916 ms
[POS] Refrescando cache DBF...
[POS] Cargando DBF...
[POS] MAPRE: 40640
[POS] DPOFE: 2448
[POS] Cache cargado en 1906 ms
[POS] Refrescando cache DBF...
[POS] Cargando DBF...
[POS] MAPRE: 40640
[POS] DPOFE: 2448
[POS] Cache cargado en 1951 ms
[POS] Refrescando cache DBF...
[POS] Cargando DBF...
[POS] MAPRE: 40640
[POS] DPOFE: 2448
[POS] Cache cargado en 1921 ms
[POS] Refrescando cache DBF...
[POS] Cargando DBF...
[POS] MAPRE: 40640
[POS] DPOFE: 2448
[POS] Cache cargado en 1922 ms
[POS] Refrescando cache DBF...
[POS] Cargando DBF...
[POS] MAPRE: 40640
[POS] DPOFE: 2448
[POS] Cache cargado en 1911 ms
[POS] Refrescando cache DBF...
[POS] Cargando DBF...
[POS] MAPRE: 40640
[POS] DPOFE: 2448
[POS] Cache cargado en 1931 ms
[POS] Refrescando cache DBF...
[POS] Cargando DBF...
[POS] MAPRE: 40640
[POS] DPOFE: 2448
[POS] Cache cargado en 1919 ms
[POS] Refrescando cache DBF...
[POS] Cargando DBF...
[POS] MAPRE: 40640
[POS] DPOFE: 2448
[POS] Cache cargado en 1926 ms
[POS] Refrescando cache DBF...
[POS] Cargando DBF...
[POS] MAPRE: 40640
[POS] DPOFE: 2448
[POS] Cache cargado en 1926 ms
[POS] Refrescando cache DBF...
[POS] Cargando DBF...
[POS] MAPRE: 40640
[POS] DPOFE: 2448
[POS] Cache cargado en 1920 ms
[POS] Refrescando cache DBF...
[POS] Cargando DBF...
[POS] MAPRE: 40640
[POS] DPOFE: 2448
[POS] Cache cargado en 1915 ms
[POS] Refrescando cache DBF...
[POS] Cargando DBF...
[POS] MAPRE: 40640
[POS] DPOFE: 2448
[POS] Cache cargado en 1923 ms
[POS] Refrescando cache DBF...
[POS] Cargando DBF...
[POS] MAPRE: 40640
[POS] DPOFE: 2448
[POS] Cache cargado en 1924 ms
[POS] Refrescando cache DBF...
[POS] Cargando DBF...
[POS] MAPRE: 40640
[POS] DPOFE: 2448
[POS] Cache cargado en 1916 ms
[POS] Refrescando cache DBF...
[POS] Cargando DBF...
[POS] MAPRE: 40640
[POS] DPOFE: 2448
[POS] Cache cargado en 1916 ms
[POS] Refrescando cache DBF...
[POS] Cargando DBF...
[POS] MAPRE: 40640
[POS] DPOFE: 2448
[POS] Cache cargado en 1937 ms
[POS] Refrescando cache DBF...
[POS] Cargando DBF...
[POS] MAPRE: 40640
[POS] DPOFE: 2448
[POS] Cache cargado en 1917 ms
[POS] Refrescando cache DBF...
[POS] Cargando DBF...
[POS] MAPRE: 40640
[POS] DPOFE: 2448
[POS] Cache cargado en 1927 ms
[POS] Refrescando cache DBF...
[POS] Cargando DBF...
[POS] MAPRE: 40640
[POS] DPOFE: 2448
[POS] Cache cargado en 1918 ms
[POS] Refrescando cache DBF...
[POS] Cargando DBF...
[POS] MAPRE: 40640
[POS] DPOFE: 2448
[POS] Cache cargado en 1930 ms
[POS] Refrescando cache DBF...
[POS] Cargando DBF...
[POS] MAPRE: 40640
[POS] DPOFE: 2448
[POS] Cache cargado en 1929 ms
[POS] Refrescando cache DBF...
[POS] Cargando DBF...
[POS] MAPRE: 40640
[POS] DPOFE: 2448
[POS] Cache cargado en 1925 ms
[POS] Refrescando cache DBF...
[POS] Cargando DBF...
[POS] MAPRE: 40640
[POS] DPOFE: 2448
[POS] Cache cargado en 1913 ms
[POS] Refrescando cache DBF...
[POS] Cargando DBF...
[POS] MAPRE: 40640
[POS] DPOFE: 2448
[POS] Cache cargado en 1905 ms
[POS] Refrescando cache DBF...
[POS] Cargando DBF...
[POS] MAPRE: 40640
[POS] DPOFE: 2448
[POS] Cache cargado en 1899 ms
[POS] Refrescando cache DBF...
[POS] Cargando DBF...
[POS] MAPRE: 40640
[POS] DPOFE: 2448
[POS] Cache cargado en 1932 ms
[POS] Refrescando cache DBF...
[POS] Cargando DBF...
[POS] MAPRE: 40640
[POS] DPOFE: 2448
[POS] Cache cargado en 1906 ms
[POS] Refrescando cache DBF...
[POS] Cargando DBF...
[POS] MAPRE: 40640
[POS] DPOFE: 2448
[POS] Cache cargado en 1895 ms
[POS] Refrescando cache DBF...
[POS] Cargando DBF...
[POS] MAPRE: 40640
[POS] DPOFE: 2448
[POS] Cache cargado en 1904 ms
[POS] Refrescando cache DBF...
[POS] Cargando DBF...
[POS] MAPRE: 40640
[POS] DPOFE: 2448
[POS] Cache cargado en 1925 ms
[POS] Refrescando cache DBF...
[POS] Cargando DBF...
[POS] MAPRE: 40640
[POS] DPOFE: 2448
[POS] Cache cargado en 1908 ms
[POS] Refrescando cache DBF...
[POS] Cargando DBF...
[POS] MAPRE: 40640
[POS] DPOFE: 2448
[POS] Cache cargado en 1936 ms
[POS] Refrescando cache DBF...
[POS] Cargando DBF...
[POS] MAPRE: 40640
[POS] DPOFE: 2448
[POS] Cache cargado en 1922 ms
[POS] Refrescando cache DBF...
[POS] Cargando DBF...
[POS] MAPRE: 40640
[POS] DPOFE: 2448
[POS] Cache cargado en 1911 ms
[POS] Refrescando cache DBF...
[POS] Cargando DBF...
[POS] MAPRE: 40640
[POS] DPOFE: 2448
[POS] Cache cargado en 1913 ms
[POS] Refrescando cache DBF...
[POS] Cargando DBF...
[POS] MAPRE: 40640
[POS] DPOFE: 2448
[POS] Cache cargado en 1920 ms
[POS] Refrescando cache DBF...
[POS] Cargando DBF...
[POS] MAPRE: 40640
[POS] DPOFE: 2448
[POS] Cache cargado en 1918 ms
[POS] Refrescando cache DBF...
[POS] Cargando DBF...
[POS] MAPRE: 40640
[POS] DPOFE: 2448
[POS] Cache cargado en 1952 ms
[POS] Refrescando cache DBF...
[POS] Cargando DBF...
[POS] MAPRE: 40640
[POS] DPOFE: 2448
[POS] Cache cargado en 1924 ms
[POS] Refrescando cache DBF...
[POS] Cargando DBF...
[POS] MAPRE: 40640
[POS] DPOFE: 2448
[POS] Cache cargado en 1957 ms
[POS] Refrescando cache DBF...
[POS] Cargando DBF...
[POS] MAPRE: 40640
[POS] DPOFE: 2448
[POS] Cache cargado en 1910 ms
[POS] Refrescando cache DBF...
[POS] Cargando DBF...
[POS] MAPRE: 40640
[POS] DPOFE: 2448
[POS] Cache cargado en 1922 ms
[POS] Refrescando cache DBF...
[POS] Cargando DBF...
[POS] MAPRE: 40640
[POS] DPOFE: 2448
[POS] Cache cargado en 1922 ms
[POS] Refrescando cache DBF...
[POS] Cargando DBF...
[POS] MAPRE: 40640
[POS] DPOFE: 2448
[POS] Cache cargado en 1938 ms
[POS] Refrescando cache DBF...
[POS] Cargando DBF...
[POS] MAPRE: 40640
[POS] DPOFE: 2448
[POS] Cache cargado en 1913 ms
[POS] Refrescando cache DBF...
[POS] Cargando DBF...
[POS] MAPRE: 40640
[POS] DPOFE: 2448
[POS] Cache cargado en 1926 ms
[POS] Refrescando cache DBF...
[POS] Cargando DBF...
[POS] MAPRE: 40640
[POS] DPOFE: 2448
[POS] Cache cargado en 1908 ms
[POS] Refrescando cache DBF...
[POS] Cargando DBF...
[POS] MAPRE: 40640
[POS] DPOFE: 2448
[POS] Cache cargado en 1993 ms
[POS] Refrescando cache DBF...
[POS] Cargando DBF...
[POS] MAPRE: 40640
[POS] DPOFE: 2448
[POS] Cache cargado en 1985 ms
[POS] Refrescando cache DBF...
[POS] Cargando DBF...
[POS] MAPRE: 40640
[POS] DPOFE: 2448
[POS] Cache cargado en 1927 ms
[POS] Refrescando cache DBF...
[POS] Cargando DBF...
[POS] MAPRE: 40640
[POS] DPOFE: 2448
[POS] Cache cargado en 1914 ms
[POS] Refrescando cache DBF...
[POS] Cargando DBF...
[POS] MAPRE: 40640
[POS] DPOFE: 2448
[POS] Cache cargado en 1951 ms
[POS] Refrescando cache DBF...
[POS] Cargando DBF...
[POS] MAPRE: 40640
[POS] DPOFE: 2448
[POS] Cache cargado en 1908 ms
[POS] Refrescando cache DBF...
[POS] Cargando DBF...
[POS] MAPRE: 40640
[POS] DPOFE: 2448
[POS] Cache cargado en 1925 ms
[POS] Refrescando cache DBF...
[POS] Cargando DBF...
[POS] MAPRE: 40640
[POS] DPOFE: 2448
[POS] Cache cargado en 1911 ms
[POS] Refrescando cache DBF...
[POS] Cargando DBF...
[POS] MAPRE: 40640
[POS] DPOFE: 2448
[POS] Cache cargado en 1929 ms
[POS] Refrescando cache DBF...
[POS] Cargando DBF...
[POS] MAPRE: 40640
[POS] DPOFE: 2448
[POS] Cache cargado en 1911 ms
[POS] Refrescando cache DBF...
[POS] Cargando DBF...
[POS] MAPRE: 40640
[POS] DPOFE: 2448
[POS] Cache cargado en 1994 ms
[POS] Refrescando cache DBF...
[POS] Cargando DBF...
[POS] MAPRE: 40640
[POS] DPOFE: 2448
[POS] Cache cargado en 1965 ms
[POS] Refrescando cache DBF...
[POS] Cargando DBF...
[POS] MAPRE: 40640
[POS] DPOFE: 2448
[POS] Cache cargado en 1939 ms
[POS] Refrescando cache DBF...
[POS] Cargando DBF...
[POS] MAPRE: 40640
[POS] DPOFE: 2448
[POS] Cache cargado en 1909 ms
[POS] Refrescando cache DBF...
[POS] Cargando DBF...
[POS] MAPRE: 40640
[POS] DPOFE: 2448
[POS] Cache cargado en 1930 ms
[POS] Refrescando cache DBF...
[POS] Cargando DBF...
[POS] MAPRE: 40640
[POS] DPOFE: 2448
[POS] Cache cargado en 1918 ms
[POS] Refrescando cache DBF...
[POS] Cargando DBF...
[POS] MAPRE: 40640
[POS] DPOFE: 2448
[POS] Cache cargado en 1926 ms
[POS] Refrescando cache DBF...
[POS] Cargando DBF...
[POS] MAPRE: 40640
[POS] DPOFE: 2448
[POS] Cache cargado en 1900 ms
[POS] Refrescando cache DBF...
[POS] Cargando DBF...
[POS] MAPRE: 40640
[POS] DPOFE: 2448
[POS] Cache cargado en 1930 ms
[POS] Refrescando cache DBF...
[POS] Cargando DBF...
[POS] MAPRE: 40640
[POS] DPOFE: 2448
[POS] Cache cargado en 1919 ms
[POS] Refrescando cache DBF...
[POS] Cargando DBF...
[POS] MAPRE: 40640
[POS] DPOFE: 2448
[POS] Cache cargado en 1989 ms
[POS] Refrescando cache DBF...
[POS] Cargando DBF...
[POS] MAPRE: 40640
[POS] DPOFE: 2448
[POS] Cache cargado en 1982 ms
[POS] Refrescando cache DBF...
[POS] Cargando DBF...
[POS] MAPRE: 40640
[POS] DPOFE: 2448
[POS] Cache cargado en 1946 ms
[POS] Refrescando cache DBF...
[POS] Cargando DBF...
[POS] MAPRE: 40640
[POS] DPOFE: 2448
[POS] Cache cargado en 1917 ms
[POS] Refrescando cache DBF...
[POS] Cargando DBF...
[POS] MAPRE: 40640
[POS] DPOFE: 2448
[POS] Cache cargado en 1946 ms
[POS] Refrescando cache DBF...
[POS] Cargando DBF...
[POS] MAPRE: 40640
[POS] DPOFE: 2448
[POS] Cache cargado en 1912 ms
[POS] Refrescando cache DBF...
[POS] Cargando DBF...
[POS] MAPRE: 40640
[POS] DPOFE: 2448
[POS] Cache cargado en 1895 ms
[POS] Refrescando cache DBF...
[POS] Cargando DBF...
[POS] MAPRE: 40640
[POS] DPOFE: 2448
[POS] Cache cargado en 1915 ms
[POS] Refrescando cache DBF...
[POS] Cargando DBF...
[POS] MAPRE: 40640
[POS] DPOFE: 2448
[POS] Cache cargado en 1915 ms
[POS] Refrescando cache DBF...
[POS] Cargando DBF...
[POS] MAPRE: 40640
[POS] DPOFE: 2448
[POS] Cache cargado en 1913 ms
[POS] Refrescando cache DBF...
[POS] Cargando DBF...
[POS] MAPRE: 40640
[POS] DPOFE: 2448
[POS] Cache cargado en 1981 ms
[POS] Refrescando cache DBF...
[POS] Cargando DBF...
[POS] MAPRE: 40640
[POS] DPOFE: 2448
[POS] Cache cargado en 1973 ms
[POS] Refrescando cache DBF...
[POS] Cargando DBF...
[POS] MAPRE: 40640
[POS] DPOFE: 2448
[POS] Cache cargado en 1930 ms
[POS] Refrescando cache DBF...
[POS] Cargando DBF...
[POS] MAPRE: 40640
[POS] DPOFE: 2448
[POS] Cache cargado en 1922 ms
[POS] Refrescando cache DBF...
[POS] Cargando DBF...
[POS] MAPRE: 40640
[POS] DPOFE: 2448
[POS] Cache cargado en 1913 ms
[POS] Refrescando cache DBF...
[POS] Cargando DBF...
[POS] MAPRE: 40640
[POS] DPOFE: 2448
[POS] Cache cargado en 1901 ms
[POS] Refrescando cache DBF...
[POS] Cargando DBF...
[POS] MAPRE: 40640
[POS] DPOFE: 2448
[POS] Cache cargado en 1930 ms
[POS] Refrescando cache DBF...
[POS] Cargando DBF...
[POS] MAPRE: 40640
[POS] DPOFE: 2448
[POS] Cache cargado en 1904 ms
[POS] Refrescando cache DBF...
[POS] Cargando DBF...
[POS] MAPRE: 40640
[POS] DPOFE: 2448
[POS] Cache cargado en 1910 ms
[POS] Refrescando cache DBF...
[POS] Cargando DBF...
[POS] MAPRE: 40640
[POS] DPOFE: 2448
[POS] Cache cargado en 1905 ms
[POS] Refrescando cache DBF...
[POS] Cargando DBF...
[POS] MAPRE: 40640
[POS] DPOFE: 2448
[POS] Cache cargado en 1987 ms
[POS] Refrescando cache DBF...
[POS] Cargando DBF...
[POS] MAPRE: 40640
[POS] DPOFE: 2448
[POS] Cache cargado en 1988 ms
[POS] Refrescando cache DBF...
[POS] Cargando DBF...
[POS] MAPRE: 40640
[POS] DPOFE: 2448
[POS] Cache cargado en 1924 ms
[POS] Refrescando cache DBF...
[POS] Cargando DBF...
[POS] MAPRE: 40640
[POS] DPOFE: 2448
[POS] Cache cargado en 1919 ms
[POS] Refrescando cache DBF...
[POS] Cargando DBF...
[POS] MAPRE: 40640
[POS] DPOFE: 2448
[POS] Cache cargado en 1891 ms
[POS] Refrescando cache DBF...
[POS] Cargando DBF...
[POS] MAPRE: 40640
[POS] DPOFE: 2448
[POS] Cache cargado en 1923 ms
[POS] Refrescando cache DBF...
[POS] Cargando DBF...
[POS] MAPRE: 40640
[POS] DPOFE: 2448
[POS] Cache cargado en 1932 ms
[POS] Refrescando cache DBF...
[POS] Cargando DBF...
[POS] MAPRE: 40640
[POS] DPOFE: 2448
[POS] Cache cargado en 1905 ms
[POS] Refrescando cache DBF...
[POS] Cargando DBF...
[POS] MAPRE: 40640
[POS] DPOFE: 2448
[POS] Cache cargado en 1913 ms
[POS] Refrescando cache DBF...
[POS] Cargando DBF...
[POS] MAPRE: 40640
[POS] DPOFE: 2448
[POS] Cache cargado en 1908 ms
[POS] Refrescando cache DBF...
[POS] Cargando DBF...
[POS] MAPRE: 40640
[POS] DPOFE: 2448
[POS] Cache cargado en 1936 ms
[POS] Refrescando cache DBF...
[POS] Cargando DBF...
[POS] MAPRE: 40640
[POS] DPOFE: 2448
[POS] Cache cargado en 1928 ms
[POS] Refrescando cache DBF...
[POS] Cargando DBF...
[POS] MAPRE: 40640
[POS] DPOFE: 2448
[POS] Cache cargado en 1912 ms
[POS] Refrescando cache DBF...
[POS] Cargando DBF...
[POS] MAPRE: 40640
[POS] DPOFE: 2448
[POS] Cache cargado en 1940 ms
[POS] Refrescando cache DBF...
[POS] Cargando DBF...
[POS] MAPRE: 40640
[POS] DPOFE: 2448
[POS] Cache cargado en 1940 ms
[POS] Refrescando cache DBF...
[POS] Cargando DBF...
[POS] MAPRE: 40640
[POS] DPOFE: 2448
[POS] Cache cargado en 1907 ms
[POS] Refrescando cache DBF...
[POS] Cargando DBF...
[POS] MAPRE: 40640
[POS] DPOFE: 2448
[POS] Cache cargado en 1923 ms
[POS] Refrescando cache DBF...
[POS] Cargando DBF...
[POS] MAPRE: 40640
[POS] DPOFE: 2448
[POS] Cache cargado en 1911 ms
[POS] Refrescando cache DBF...
[POS] Cargando DBF...
[POS] MAPRE: 40640
[POS] DPOFE: 2448
[POS] Cache cargado en 1932 ms
[POS] Refrescando cache DBF...
[POS] Cargando DBF...
[POS] MAPRE: 40640
[POS] DPOFE: 2448
[POS] Cache cargado en 1916 ms
[POS] Refrescando cache DBF...
[POS] Cargando DBF...
[POS] MAPRE: 40640
[POS] DPOFE: 2448
[POS] Cache cargado en 1935 ms
[POS] Refrescando cache DBF...
[POS] Cargando DBF...
[POS] MAPRE: 40640
[POS] DPOFE: 2448
[POS] Cache cargado en 1918 ms
[POS] Refrescando cache DBF...
[POS] Cargando DBF...
[POS] MAPRE: 40640
[POS] DPOFE: 2448
[POS] Cache cargado en 1941 ms
[POS] Refrescando cache DBF...
[POS] Cargando DBF...
[POS] MAPRE: 40640
[POS] DPOFE: 2448
[POS] Cache cargado en 1931 ms
[POS] Refrescando cache DBF...
[POS] Cargando DBF...
[POS] MAPRE: 40640
[POS] DPOFE: 2448
[POS] Cache cargado en 1930 ms
[POS] Refrescando cache DBF...
[POS] Cargando DBF...
[POS] MAPRE: 40640
[POS] DPOFE: 2448
[POS] Cache cargado en 1934 ms
[POS] Refrescando cache DBF...
[POS] Cargando DBF...
[POS] MAPRE: 40640
[POS] DPOFE: 2448
[POS] Cache cargado en 1941 ms
[POS] Refrescando cache DBF...
[POS] Cargando DBF...
[POS] MAPRE: 40640
[POS] DPOFE: 2448
[POS] Cache cargado en 1917 ms
[POS] Refrescando cache DBF...
[POS] Cargando DBF...
[POS] MAPRE: 40640
[POS] DPOFE: 2448
[POS] Cache cargado en 1915 ms
[POS] Refrescando cache DBF...
[POS] Cargando DBF...
[POS] MAPRE: 40640
[POS] DPOFE: 2448
[POS] Cache cargado en 1929 ms
[POS] Refrescando cache DBF...
[POS] Cargando DBF...
[POS] MAPRE: 40640
[POS] DPOFE: 2448
[POS] Cache cargado en 1959 ms
[POS] Refrescando cache DBF...
[POS] Cargando DBF...
[POS] MAPRE: 40640
[POS] DPOFE: 2448
[POS] Cache cargado en 1928 ms
[POS] Refrescando cache DBF...
[POS] Cargando DBF...
[POS] MAPRE: 40640
[POS] DPOFE: 2448
[POS] Cache cargado en 1909 ms
[POS] Refrescando cache DBF...
[POS] Cargando DBF...
[POS] MAPRE: 40640
[POS] DPOFE: 2448
[POS] Cache cargado en 1927 ms
[POS] Refrescando cache DBF...
[POS] Cargando DBF...
[POS] MAPRE: 40640
[POS] DPOFE: 2448
[POS] Cache cargado en 1964 ms
[POS] Refrescando cache DBF...
[POS] Cargando DBF...
[POS] MAPRE: 40640
[POS] DPOFE: 2448
[POS] Cache cargado en 1921 ms
[POS] Refrescando cache DBF...
[POS] Cargando DBF...
[POS] MAPRE: 40640
[POS] DPOFE: 2448
[POS] Cache cargado en 1893 ms
[POS] Refrescando cache DBF...
[POS] Cargando DBF...
[POS] MAPRE: 40640
[POS] DPOFE: 2448
[POS] Cache cargado en 1901 ms
[POS] Refrescando cache DBF...
[POS] Cargando DBF...
[POS] MAPRE: 40640
[POS] DPOFE: 2448
[POS] Cache cargado en 1952 ms
[POS] Refrescando cache DBF...
[POS] Cargando DBF...
[POS] MAPRE: 40640
[POS] DPOFE: 2448
[POS] Cache cargado en 1913 ms
[POS] Refrescando cache DBF...
[POS] Cargando DBF...
[POS] MAPRE: 40640
[POS] DPOFE: 2448
[POS] Cache cargado en 1923 ms
[POS] Refrescando cache DBF...
[POS] Cargando DBF...
[POS] MAPRE: 40640
[POS] DPOFE: 2448
[POS] Cache cargado en 1914 ms
[POS] Refrescando cache DBF...
[POS] Cargando DBF...
[POS] MAPRE: 40640
[POS] DPOFE: 2448
[POS] Cache cargado en 1975 ms
[POS] Refrescando cache DBF...
[POS] Cargando DBF...
[POS] MAPRE: 40640
[POS] DPOFE: 2448
[POS] Cache cargado en 1917 ms
[POS] Refrescando cache DBF...
[POS] Cargando DBF...
[POS] MAPRE: 40640
[POS] DPOFE: 2448
[POS] Cache cargado en 1925 ms
[POS] Refrescando cache DBF...
[POS] Cargando DBF...
[POS] MAPRE: 40640
[POS] DPOFE: 2448
[POS] Cache cargado en 1923 ms
[POS] Refrescando cache DBF...
[POS] Cargando DBF...
[POS] MAPRE: 40640
[POS] DPOFE: 2448
[POS] Cache cargado en 1954 ms
[POS] Refrescando cache DBF...
[POS] Cargando DBF...
[POS] MAPRE: 40640
[POS] DPOFE: 2448
[POS] Cache cargado en 1920 ms
[POS] Refrescando cache DBF...
[POS] Cargando DBF...
[POS] MAPRE: 40640
[POS] DPOFE: 2448
[POS] Cache cargado en 1928 ms
[POS] Refrescando cache DBF...
[POS] Cargando DBF...
[POS] MAPRE: 40640
[POS] DPOFE: 2448
[POS] Cache cargado en 1937 ms
[POS] Refrescando cache DBF...
[POS] Cargando DBF...
[POS] MAPRE: 40640
[POS] DPOFE: 2448
[POS] Cache cargado en 1927 ms
[POS] Refrescando cache DBF...
[POS] Cargando DBF...
[POS] MAPRE: 40640
[POS] DPOFE: 2448
[POS] Cache cargado en 1925 ms
[POS] Refrescando cache DBF...
[POS] Cargando DBF...
[POS] MAPRE: 40640
[POS] DPOFE: 2448
[POS] Cache cargado en 1910 ms
[POS] Refrescando cache DBF...
[POS] Cargando DBF...
[POS] MAPRE: 40640
[POS] DPOFE: 2448
[POS] Cache cargado en 1913 ms
[POS] Refrescando cache DBF...
[POS] Cargando DBF...
[POS] MAPRE: 40640
[POS] DPOFE: 2448
[POS] Cache cargado en 1942 ms
[POS] Refrescando cache DBF...
[POS] Cargando DBF...
[POS] MAPRE: 40640
[POS] DPOFE: 2448
[POS] Cache cargado en 1912 ms
[POS] Refrescando cache DBF...
[POS] Cargando DBF...
[POS] MAPRE: 40640
[POS] DPOFE: 2448
[POS] Cache cargado en 1905 ms
[POS] Refrescando cache DBF...
[POS] Cargando DBF...
[POS] MAPRE: 40640
[POS] DPOFE: 2448
[POS] Cache cargado en 1920 ms
[POS] Refrescando cache DBF...
[POS] Cargando DBF...
[POS] MAPRE: 40640
[POS] DPOFE: 2448
[POS] Cache cargado en 1939 ms
[POS] Refrescando cache DBF...
[POS] Cargando DBF...
[POS] MAPRE: 40640
[POS] DPOFE: 2448
[POS] Cache cargado en 1924 ms
[POS] Refrescando cache DBF...
[POS] Cargando DBF...
[POS] MAPRE: 40640
[POS] DPOFE: 2448
[POS] Cache cargado en 1923 ms
[POS] Refrescando cache DBF...
[POS] Cargando DBF...
[POS] MAPRE: 40640
[POS] DPOFE: 2448
[POS] Cache cargado en 1920 ms
[POS] Refrescando cache DBF...
[POS] Cargando DBF...
[POS] MAPRE: 40640
[POS] DPOFE: 2448
[POS] Cache cargado en 1955 ms
[POS] Refrescando cache DBF...
[POS] Cargando DBF...
[POS] MAPRE: 40640
[POS] DPOFE: 2448
[POS] Cache cargado en 1968 ms
[POS] Refrescando cache DBF...
[POS] Cargando DBF...
[POS] MAPRE: 40640
[POS] DPOFE: 2448
[POS] Cache cargado en 1902 ms
[POS] Refrescando cache DBF...
[POS] Cargando DBF...
[POS] MAPRE: 40640
[POS] DPOFE: 2448
[POS] Cache cargado en 1921 ms
[POS] Refrescando cache DBF...
[POS] Cargando DBF...
[POS] MAPRE: 40640
[POS] DPOFE: 2448
[POS] Cache cargado en 1961 ms
[POS] Refrescando cache DBF...
[POS] Cargando DBF...
[POS] MAPRE: 40640
[POS] DPOFE: 2448
[POS] Cache cargado en 1946 ms
[POS] Refrescando cache DBF...
[POS] Cargando DBF...
[POS] MAPRE: 40640
[POS] DPOFE: 2448
[POS] Cache cargado en 1913 ms
[POS] Refrescando cache DBF...
[POS] Cargando DBF...
[POS] MAPRE: 40640
[POS] DPOFE: 2448
[POS] Cache cargado en 1913 ms
[POS] Refrescando cache DBF...
[POS] Cargando DBF...
[POS] MAPRE: 40640
[POS] DPOFE: 2448
[POS] Cache cargado en 1956 ms
[POS] Refrescando cache DBF...
[POS] Cargando DBF...
[POS] MAPRE: 40640
[POS] DPOFE: 2448
[POS] Cache cargado en 1915 ms
[POS] Refrescando cache DBF...
[POS] Cargando DBF...
[POS] MAPRE: 40640
[POS] DPOFE: 2448
[POS] Cache cargado en 1920 ms
[POS] Refrescando cache DBF...
[POS] Cargando DBF...
[POS] MAPRE: 40640
[POS] DPOFE: 2448
[POS] Cache cargado en 1914 ms
[POS] Refrescando cache DBF...
[POS] Cargando DBF...
[POS] MAPRE: 40640
[POS] DPOFE: 2448
[POS] Cache cargado en 1958 ms
[POS] Refrescando cache DBF...
[POS] Cargando DBF...
[POS] MAPRE: 40640
[POS] DPOFE: 2448
[POS] Cache cargado en 1943 ms
[POS] Refrescando cache DBF...
[POS] Cargando DBF...
[POS] MAPRE: 40640
[POS] DPOFE: 2448
[POS] Cache cargado en 1896 ms
[POS] Refrescando cache DBF...
[POS] Cargando DBF...
[POS] MAPRE: 40640
[POS] DPOFE: 2448
[POS] Cache cargado en 1942 ms
[POS] Refrescando cache DBF...
[POS] Cargando DBF...
[POS] MAPRE: 40640
[POS] DPOFE: 2448
[POS] Cache cargado en 1946 ms
[POS] Refrescando cache DBF...
[POS] Cargando DBF...
[POS] MAPRE: 40640
[POS] DPOFE: 2448
[POS] Cache cargado en 1922 ms
[POS] Refrescando cache DBF...
[POS] Cargando DBF...
[POS] MAPRE: 40640
[POS] DPOFE: 2448
[POS] Cache cargado en 1913 ms
[POS] Refrescando cache DBF...
[POS] Cargando DBF...
[POS] MAPRE: 40640
[POS] DPOFE: 2448
[POS] Cache cargado en 1909 ms
[POS] Refrescando cache DBF...
[POS] Cargando DBF...
[POS] MAPRE: 40640
[POS] DPOFE: 2448
[POS] Cache cargado en 1960 ms
[POS] Refrescando cache DBF...
[POS] Cargando DBF...
[POS] MAPRE: 40640
[POS] DPOFE: 2448
[POS] Cache cargado en 1918 ms
[POS] Refrescando cache DBF...
[POS] Cargando DBF...
[POS] MAPRE: 40640
[POS] DPOFE: 2448
[POS] Cache cargado en 1921 ms
[POS] Refrescando cache DBF...
[POS] Cargando DBF...
[POS] MAPRE: 40640
[POS] DPOFE: 2448
[POS] Cache cargado en 1920 ms
[POS] Refrescando cache DBF...
[POS] Cargando DBF...
[POS] MAPRE: 40640
[POS] DPOFE: 2448
[POS] Cache cargado en 1935 ms
[POS] Refrescando cache DBF...
[POS] Cargando DBF...
[POS] MAPRE: 40640
[POS] DPOFE: 2448
[POS] Cache cargado en 1906 ms
[POS] Refrescando cache DBF...
[POS] Cargando DBF...
[POS] MAPRE: 40640
[POS] DPOFE: 2448
[POS] Cache cargado en 1928 ms
[POS] Refrescando cache DBF...
[POS] Cargando DBF...
[POS] MAPRE: 40640
[POS] DPOFE: 2448
[POS] Cache cargado en 1921 ms
[POS] Refrescando cache DBF...
[POS] Cargando DBF...
[POS] MAPRE: 40640
[POS] DPOFE: 2448
[POS] Cache cargado en 1958 ms
[POS] Refrescando cache DBF...
[POS] Cargando DBF...
[POS] MAPRE: 40640
[POS] DPOFE: 2448
[POS] Cache cargado en 1913 ms
[POS] Refrescando cache DBF...
[POS] Cargando DBF...
[POS] MAPRE: 40640
[POS] DPOFE: 2448
[POS] Cache cargado en 1923 ms
[POS] Refrescando cache DBF...
[POS] Cargando DBF...
[POS] MAPRE: 40640
[POS] DPOFE: 2448
[POS] Cache cargado en 1913 ms
[POS] Refrescando cache DBF...
[POS] Cargando DBF...
[POS] MAPRE: 40640
[POS] DPOFE: 2448
[POS] Cache cargado en 1950 ms
[POS] Refrescando cache DBF...
[POS] Cargando DBF...
[POS] MAPRE: 40640
[POS] DPOFE: 2448
[POS] Cache cargado en 1931 ms
[POS] Refrescando cache DBF...
[POS] Cargando DBF...
[POS] MAPRE: 40640
[POS] DPOFE: 2448
[POS] Cache cargado en 1924 ms
[POS] Refrescando cache DBF...
[POS] Cargando DBF...
[POS] MAPRE: 40640
[POS] DPOFE: 2448
[POS] Cache cargado en 1915 ms
[POS] Refrescando cache DBF...
[POS] Cargando DBF...
[POS] MAPRE: 40640
[POS] DPOFE: 2448
[POS] Cache cargado en 1963 ms
[POS] Refrescando cache DBF...
[POS] Cargando DBF...
[POS] MAPRE: 40640
[POS] DPOFE: 2448
[POS] Cache cargado en 1920 ms
[POS] Refrescando cache DBF...
[POS] Cargando DBF...
[POS] MAPRE: 40640
[POS] DPOFE: 2448
[POS] Cache cargado en 1928 ms
[POS] Refrescando cache DBF...
[POS] Cargando DBF...
[POS] MAPRE: 40640
[POS] DPOFE: 2448
[POS] Cache cargado en 1919 ms
[POS] Refrescando cache DBF...
[POS] Cargando DBF...
[POS] MAPRE: 40640
[POS] DPOFE: 2448
[POS] Cache cargado en 2004 ms
[POS] Refrescando cache DBF...
[POS] Cargando DBF...
[POS] MAPRE: 40640
[POS] DPOFE: 2448
[POS] Cache cargado en 1953 ms
[POS] Refrescando cache DBF...
[POS] Cargando DBF...
[POS] MAPRE: 40640
[POS] DPOFE: 2448
[POS] Cache cargado en 1922 ms
[POS] Refrescando cache DBF...
[POS] Cargando DBF...
[POS] MAPRE: 40640
[POS] DPOFE: 2448
[POS] Cache cargado en 1922 ms
[POS] Refrescando cache DBF...
[POS] Cargando DBF...
[POS] MAPRE: 40640
[POS] DPOFE: 2448
[POS] Cache cargado en 1969 ms
[POS] Refrescando cache DBF...
[POS] Cargando DBF...
[POS] MAPRE: 40640
[POS] DPOFE: 2448
[POS] Cache cargado en 1943 ms
[POS] Refrescando cache DBF...
[POS] Cargando DBF...
[POS] MAPRE: 40640
[POS] DPOFE: 2448
[POS] Cache cargado en 1942 ms
[POS] Refrescando cache DBF...
[POS] Cargando DBF...
[POS] MAPRE: 40640
[POS] DPOFE: 2448
[POS] Cache cargado en 1935 ms
[POS] Refrescando cache DBF...
[POS] Cargando DBF...
[POS] MAPRE: 40640
[POS] DPOFE: 2448
[POS] Cache cargado en 1943 ms
[POS] Refrescando cache DBF...
[POS] Cargando DBF...
[POS] MAPRE: 40640
[POS] DPOFE: 2448
[POS] Cache cargado en 1943 ms
[POS] Refrescando cache DBF...
[POS] Cargando DBF...
[POS] MAPRE: 40640
[POS] DPOFE: 2448
[POS] Cache cargado en 1910 ms
[POS] Refrescando cache DBF...
[POS] Cargando DBF...
[POS] MAPRE: 40640
[POS] DPOFE: 2448
[POS] Cache cargado en 1910 ms
[POS] Refrescando cache DBF...
[POS] Cargando DBF...
[POS] MAPRE: 40640
[POS] DPOFE: 2448
[POS] Cache cargado en 1955 ms
[POS] Refrescando cache DBF...
[POS] Cargando DBF...
[POS] MAPRE: 40640
[POS] DPOFE: 2448
[POS] Cache cargado en 1926 ms
[POS] Refrescando cache DBF...
[POS] Cargando DBF...
[POS] MAPRE: 40640
[POS] DPOFE: 2448
[POS] Cache cargado en 1913 ms
[POS] Refrescando cache DBF...
[POS] Cargando DBF...
[POS] MAPRE: 40640
[POS] DPOFE: 2448
[POS] Cache cargado en 1921 ms
[POS] Refrescando cache DBF...
[POS] Cargando DBF...
[POS] MAPRE: 40640
[POS] DPOFE: 2448
[POS] Cache cargado en 1915 ms
[POS] Refrescando cache DBF...
[POS] Cargando DBF...
[POS] MAPRE: 40640
[POS] DPOFE: 2448
[POS] Cache cargado en 1907 ms
[POS] Refrescando cache DBF...
[POS] Cargando DBF...
[POS] MAPRE: 40640
[POS] DPOFE: 2448
[POS] Cache cargado en 1911 ms
[POS] Refrescando cache DBF...
[POS] Cargando DBF...
[POS] MAPRE: 40640
[POS] DPOFE: 2448
[POS] Cache cargado en 1928 ms
[POS] Refrescando cache DBF...
[POS] Cargando DBF...
[POS] MAPRE: 40640
[POS] DPOFE: 2448
[POS] Cache cargado en 1930 ms
[POS] Refrescando cache DBF...
[POS] Cargando DBF...
[POS] MAPRE: 40640
[POS] DPOFE: 2448
[POS] Cache cargado en 1910 ms
[POS] Refrescando cache DBF...
[POS] Cargando DBF...
[POS] MAPRE: 40640
[POS] DPOFE: 2448
[POS] Cache cargado en 1929 ms
[POS] Refrescando cache DBF...
[POS] Cargando DBF...
[POS] MAPRE: 40640
[POS] DPOFE: 2448
[POS] Cache cargado en 1922 ms
[POS] Refrescando cache DBF...
[POS] Cargando DBF...
[POS] MAPRE: 40640
[POS] DPOFE: 2448
[POS] Cache cargado en 1937 ms
[POS] Refrescando cache DBF...
[POS] Cargando DBF...
[POS] MAPRE: 40640
[POS] DPOFE: 2448
[POS] Cache cargado en 1914 ms
[POS] Refrescando cache DBF...
[POS] Cargando DBF...
[POS] MAPRE: 40640
[POS] DPOFE: 2448
[POS] Cache cargado en 1922 ms
[POS] Refrescando cache DBF...
[POS] Cargando DBF...
[POS] MAPRE: 40640
[POS] DPOFE: 2448
[POS] Cache cargado en 1928 ms
[POS] Refrescando cache DBF...
[POS] Cargando DBF...
[POS] MAPRE: 40640
[POS] DPOFE: 2448
[POS] Cache cargado en 1961 ms
[POS] Refrescando cache DBF...
[POS] Cargando DBF...
[POS] MAPRE: 40640
[POS] DPOFE: 2448
[POS] Cache cargado en 1921 ms
[POS] Refrescando cache DBF...
[POS] Cargando DBF...
[POS] MAPRE: 40640
[POS] DPOFE: 2448
[POS] Cache cargado en 1944 ms
[POS] Refrescando cache DBF...
[POS] Cargando DBF...
[POS] MAPRE: 40640
[POS] DPOFE: 2448
[POS] Cache cargado en 1919 ms
[POS] Refrescando cache DBF...
[POS] Cargando DBF...
[POS] MAPRE: 40640
[POS] DPOFE: 2448
[POS] Cache cargado en 1921 ms
[POS] Refrescando cache DBF...
[POS] Cargando DBF...
[POS] MAPRE: 40640
[POS] DPOFE: 2448
[POS] Cache cargado en 1915 ms
[POS] Refrescando cache DBF...
[POS] Cargando DBF...
[POS] MAPRE: 40640
[POS] DPOFE: 2448
[POS] Cache cargado en 1934 ms
[POS] Refrescando cache DBF...
[POS] Cargando DBF...
[POS] MAPRE: 40640
[POS] DPOFE: 2448
[POS] Cache cargado en 1910 ms
[POS] Refrescando cache DBF...
[POS] Cargando DBF...
[POS] MAPRE: 40640
[POS] DPOFE: 2448
[POS] Cache cargado en 1947 ms
[POS] Refrescando cache DBF...
[POS] Cargando DBF...
[POS] MAPRE: 40640
[POS] DPOFE: 2448
[POS] Cache cargado en 1924 ms
[POS] Refrescando cache DBF...
[POS] Cargando DBF...
[POS] MAPRE: 40640
[POS] DPOFE: 2448
[POS] Cache cargado en 1932 ms
[POS] Refrescando cache DBF...
[POS] Cargando DBF...
[POS] MAPRE: 40640
[POS] DPOFE: 2448
[POS] Cache cargado en 1911 ms
[POS] Refrescando cache DBF...
[POS] Cargando DBF...
[POS] MAPRE: 40640
[POS] DPOFE: 2448
[POS] Cache cargado en 1934 ms
[POS] Refrescando cache DBF...
[POS] Cargando DBF...
[POS] MAPRE: 40640
[POS] DPOFE: 2448
[POS] Cache cargado en 1925 ms
[POS] Refrescando cache DBF...
[POS] Cargando DBF...
[POS] MAPRE: 40640
[POS] DPOFE: 2448
[POS] Cache cargado en 1958 ms
[POS] Refrescando cache DBF...
[POS] Cargando DBF...
[POS] MAPRE: 40640
[POS] DPOFE: 2448
[POS] Cache cargado en 1934 ms
[POS] Refrescando cache DBF...
[POS] Cargando DBF...
[POS] MAPRE: 40640
[POS] DPOFE: 2448
[POS] Cache cargado en 1902 ms
[POS] Refrescando cache DBF...
[POS] Cargando DBF...
[POS] MAPRE: 40640
[POS] DPOFE: 2448
[POS] Cache cargado en 1920 ms
[POS] Refrescando cache DBF...
[POS] Cargando DBF...
[POS] MAPRE: 40640
[POS] DPOFE: 2448
[POS] Cache cargado en 1934 ms
[POS] Refrescando cache DBF...
[POS] Cargando DBF...
[POS] MAPRE: 40640
[POS] DPOFE: 2448
[POS] Cache cargado en 1897 ms
[POS] Refrescando cache DBF...
[POS] Cargando DBF...
[POS] MAPRE: 40640
[POS] DPOFE: 2448
[POS] Cache cargado en 1932 ms
[POS] Refrescando cache DBF...
[POS] Cargando DBF...
[POS] MAPRE: 40640
[POS] DPOFE: 2448
[POS] Cache cargado en 1921 ms
[POS] Refrescando cache DBF...
[POS] Cargando DBF...
[POS] MAPRE: 40640
[POS] DPOFE: 2448
[POS] Cache cargado en 1928 ms
[POS] Refrescando cache DBF...
[POS] Cargando DBF...
[POS] MAPRE: 40640
[POS] DPOFE: 2448
[POS] Cache cargado en 1928 ms
[POS] Refrescando cache DBF...
[POS] Cargando DBF...
[POS] MAPRE: 40640
[POS] DPOFE: 2448
[POS] Cache cargado en 1932 ms
[POS] Refrescando cache DBF...
[POS] Cargando DBF...
[POS] MAPRE: 40640
[POS] DPOFE: 2448
[POS] Cache cargado en 1891 ms
[POS] Refrescando cache DBF...
[POS] Cargando DBF...
[POS] MAPRE: 40640
[POS] DPOFE: 2448
[POS] Cache cargado en 1946 ms
[POS] Refrescando cache DBF...
[POS] Cargando DBF...
[POS] MAPRE: 40640
[POS] DPOFE: 2448
[POS] Cache cargado en 1930 ms
[POS] Refrescando cache DBF...
[POS] Cargando DBF...
[POS] MAPRE: 40640
[POS] DPOFE: 2448
[POS] Cache cargado en 1952 ms
[POS] Refrescando cache DBF...
[POS] Cargando DBF...
[POS] MAPRE: 40640
[POS] DPOFE: 2448
[POS] Cache cargado en 1916 ms
[POS] Refrescando cache DBF...
[POS] Cargando DBF...
[POS] MAPRE: 40640
[POS] DPOFE: 2448
[POS] Cache cargado en 1934 ms
[POS] Refrescando cache DBF...
[POS] Cargando DBF...
[POS] MAPRE: 40640
[POS] DPOFE: 2448
[POS] Cache cargado en 1901 ms
[POS] Refrescando cache DBF...
[POS] Cargando DBF...
[POS] MAPRE: 40640
[POS] DPOFE: 2448
[POS] Cache cargado en 1956 ms
[POS] Refrescando cache DBF...
[POS] Cargando DBF...
[POS] MAPRE: 40640
[POS] DPOFE: 2448
[POS] Cache cargado en 1916 ms
[POS] Refrescando cache DBF...
[POS] Cargando DBF...
[POS] MAPRE: 40640
[POS] DPOFE: 2448
[POS] Cache cargado en 1925 ms
[POS] Refrescando cache DBF...
[POS] Cargando DBF...
[POS] MAPRE: 40640
[POS] DPOFE: 2448
[POS] Cache cargado en 1915 ms
[POS] Refrescando cache DBF...
[POS] Cargando DBF...
[POS] MAPRE: 40640
[POS] DPOFE: 2448
[POS] Cache cargado en 1936 ms
[POS] Refrescando cache DBF...
[POS] Cargando DBF...
[POS] MAPRE: 40640
[POS] DPOFE: 2448
[POS] Cache cargado en 1916 ms
[POS] Refrescando cache DBF...
[POS] Cargando DBF...
[POS] MAPRE: 40640
[POS] DPOFE: 2448
[POS] Cache cargado en 1940 ms
[POS] Refrescando cache DBF...
[POS] Cargando DBF...
[POS] MAPRE: 40640
[POS] DPOFE: 2448
[POS] Cache cargado en 1916 ms
[POS] Refrescando cache DBF...
[POS] Cargando DBF...
[POS] MAPRE: 40640
[POS] DPOFE: 2448
[POS] Cache cargado en 1932 ms
[POS] Refrescando cache DBF...
[POS] Cargando DBF...
[POS] MAPRE: 40640
[POS] DPOFE: 2448
[POS] Cache cargado en 1900 ms
[POS] Refrescando cache DBF...
[POS] Cargando DBF...
[POS] MAPRE: 40640
[POS] DPOFE: 2448
[POS] Cache cargado en 1919 ms
[POS] Refrescando cache DBF...
[POS] Cargando DBF...
[POS] MAPRE: 40640
[POS] DPOFE: 2448
[POS] Cache cargado en 1898 ms
[POS] Refrescando cache DBF...
[POS] Cargando DBF...
[POS] MAPRE: 40640
[POS] DPOFE: 2448
[POS] Cache cargado en 1958 ms
[POS] Refrescando cache DBF...
[POS] Cargando DBF...
[POS] MAPRE: 40640
[POS] DPOFE: 2448
[POS] Cache cargado en 1911 ms
[POS] Refrescando cache DBF...
[POS] Cargando DBF...
[POS] MAPRE: 40640
[POS] DPOFE: 2448
[POS] Cache cargado en 1912 ms
[POS] Refrescando cache DBF...
[POS] Cargando DBF...
[POS] MAPRE: 40640
[POS] DPOFE: 2448
[POS] Cache cargado en 1909 ms
[POS] Refrescando cache DBF...
[POS] Cargando DBF...
[POS] MAPRE: 40640
[POS] DPOFE: 2448
[POS] Cache cargado en 1923 ms
[POS] Refrescando cache DBF...
[POS] Cargando DBF...
[POS] MAPRE: 40640
[POS] DPOFE: 2448
[POS] Cache cargado en 1906 ms
[POS] Refrescando cache DBF...
[POS] Cargando DBF...
[POS] MAPRE: 40640
[POS] DPOFE: 2448
[POS] Cache cargado en 1946 ms
[POS] Refrescando cache DBF...
[POS] Cargando DBF...
[POS] MAPRE: 40640
[POS] DPOFE: 2448
[POS] Cache cargado en 1924 ms
[POS] Refrescando cache DBF...
[POS] Cargando DBF...
[POS] MAPRE: 40640
[POS] DPOFE: 2448
[POS] Cache cargado en 1918 ms
[POS] Refrescando cache DBF...
[POS] Cargando DBF...
[POS] MAPRE: 40640
[POS] DPOFE: 2448
[POS] Cache cargado en 1914 ms
[POS] Refrescando cache DBF...
[POS] Cargando DBF...
[POS] MAPRE: 40640
[POS] DPOFE: 2448
[POS] Cache cargado en 1927 ms
[POS] Refrescando cache DBF...
[POS] Cargando DBF...
[POS] MAPRE: 40640
[POS] DPOFE: 2448
[POS] Cache cargado en 1927 ms
[POS] Refrescando cache DBF...
[POS] Cargando DBF...
[POS] MAPRE: 40640
[POS] DPOFE: 2448
[POS] Cache cargado en 1949 ms
[POS] Refrescando cache DBF...
[POS] Cargando DBF...
[POS] MAPRE: 40640
[POS] DPOFE: 2448
[POS] Cache cargado en 1929 ms
[POS] Refrescando cache DBF...
[POS] Cargando DBF...
[POS] MAPRE: 40640
[POS] DPOFE: 2448
[POS] Cache cargado en 1928 ms
[POS] Refrescando cache DBF...
[POS] Cargando DBF...
[POS] MAPRE: 40640
[POS] DPOFE: 2448
[POS] Cache cargado en 1903 ms
[POS] Refrescando cache DBF...
[POS] Cargando DBF...
[POS] MAPRE: 40640
[POS] DPOFE: 2448
[POS] Cache cargado en 1938 ms
[POS] Refrescando cache DBF...
[POS] Cargando DBF...
[POS] MAPRE: 40640
[POS] DPOFE: 2448
[POS] Cache cargado en 1913 ms
[POS] Refrescando cache DBF...
[POS] Cargando DBF...
[POS] MAPRE: 40640
[POS] DPOFE: 2448
[POS] Cache cargado en 1947 ms
[POS] Refrescando cache DBF...
[POS] Cargando DBF...
[POS] MAPRE: 40640
[POS] DPOFE: 2448
[POS] Cache cargado en 1919 ms
[POS] Refrescando cache DBF...
[POS] Cargando DBF...
[POS] MAPRE: 40640
[POS] DPOFE: 2448
[POS] Cache cargado en 1935 ms
[POS] Refrescando cache DBF...
[POS] Cargando DBF...
[POS] MAPRE: 40640
[POS] DPOFE: 2448
[POS] Cache cargado en 1931 ms
[POS] Refrescando cache DBF...
[POS] Cargando DBF...
[POS] MAPRE: 40640
[POS] DPOFE: 2448
[POS] Cache cargado en 1922 ms
[POS] Refrescando cache DBF...
[POS] Cargando DBF...
[POS] MAPRE: 40640
[POS] DPOFE: 2448
[POS] Cache cargado en 1911 ms
[POS] Refrescando cache DBF...
[POS] Cargando DBF...
[POS] MAPRE: 40640
[POS] DPOFE: 2448
[POS] Cache cargado en 1954 ms
[POS] Refrescando cache DBF...
[POS] Cargando DBF...
[POS] MAPRE: 40640
[POS] DPOFE: 2448
[POS] Cache cargado en 1939 ms
[POS] Refrescando cache DBF...
[POS] Cargando DBF...
[POS] MAPRE: 40640
[POS] DPOFE: 2448
[POS] Cache cargado en 1940 ms
[POS] Refrescando cache DBF...
[POS] Cargando DBF...
[POS] MAPRE: 40640
[POS] DPOFE: 2448
[POS] Cache cargado en 1910 ms
[POS] Refrescando cache DBF...
[POS] Cargando DBF...
[POS] MAPRE: 40640
[POS] DPOFE: 2448
[POS] Cache cargado en 1933 ms
[POS] Refrescando cache DBF...
[POS] Cargando DBF...
[POS] MAPRE: 40640
[POS] DPOFE: 2448
[POS] Cache cargado en 1904 ms
[POS] Refrescando cache DBF...
[POS] Cargando DBF...
[POS] MAPRE: 40640
[POS] DPOFE: 2448
[POS] Cache cargado en 1955 ms
[POS] Refrescando cache DBF...
[POS] Cargando DBF...
[POS] MAPRE: 40640
[POS] DPOFE: 2448
[POS] Cache cargado en 1918 ms
[POS] Refrescando cache DBF...
[POS] Cargando DBF...
[POS] MAPRE: 40640
[POS] DPOFE: 2448
[POS] Cache cargado en 1917 ms
[POS] Refrescando cache DBF...
[POS] Cargando DBF...
[POS] MAPRE: 40640
[POS] DPOFE: 2448
[POS] Cache cargado en 1911 ms
[POS] Refrescando cache DBF...
[POS] Cargando DBF...
[POS] MAPRE: 40640
[POS] DPOFE: 2448
[POS] Cache cargado en 1934 ms
[POS] Refrescando cache DBF...
[POS] Cargando DBF...
[POS] MAPRE: 40640
[POS] DPOFE: 2448
[POS] Cache cargado en 1912 ms
[POS] Refrescando cache DBF...
[POS] Cargando DBF...
[POS] MAPRE: 40640
[POS] DPOFE: 2448
[POS] Cache cargado en 1941 ms
[POS] Refrescando cache DBF...
[POS] Cargando DBF...
[POS] MAPRE: 40640
[POS] DPOFE: 2448
[POS] Cache cargado en 1928 ms
[POS] Refrescando cache DBF...
[POS] Cargando DBF...
[POS] MAPRE: 40640
[POS] DPOFE: 2448
[POS] Cache cargado en 1911 ms
[POS] Refrescando cache DBF...
[POS] Cargando DBF...
[POS] MAPRE: 40640
[POS] DPOFE: 2448
[POS] Cache cargado en 1921 ms
[POS] Refrescando cache DBF...
[POS] Cargando DBF...
[POS] MAPRE: 40640
[POS] DPOFE: 2448
[POS] Cache cargado en 1926 ms
[POS] Refrescando cache DBF...
[POS] Cargando DBF...
[POS] MAPRE: 40640
[POS] DPOFE: 2448
[POS] Cache cargado en 1916 ms
[POS] Refrescando cache DBF...
[POS] Cargando DBF...
[POS] MAPRE: 40640
[POS] DPOFE: 2448
[POS] Cache cargado en 1950 ms
[POS] Refrescando cache DBF...
[POS] Cargando DBF...
[POS] MAPRE: 40640
[POS] DPOFE: 2448
[POS] Cache cargado en 1928 ms
[POS] Refrescando cache DBF...
[POS] Cargando DBF...
[POS] MAPRE: 40640
[POS] DPOFE: 2448
[POS] Cache cargado en 1925 ms
[POS] Refrescando cache DBF...
[POS] Cargando DBF...
[POS] MAPRE: 40640
[POS] DPOFE: 2448
[POS] Cache cargado en 1917 ms
[POS] Refrescando cache DBF...
[POS] Cargando DBF...
[POS] MAPRE: 40640
[POS] DPOFE: 2448
[POS] Cache cargado en 1949 ms
[POS] Refrescando cache DBF...
[POS] Cargando DBF...
[POS] MAPRE: 40640
[POS] DPOFE: 2448
[POS] Cache cargado en 1916 ms
[POS] Refrescando cache DBF...
[POS] Cargando DBF...
[POS] MAPRE: 40640
[POS] DPOFE: 2448
[POS] Cache cargado en 1953 ms
[POS] Refrescando cache DBF...
[POS] Cargando DBF...
[POS] MAPRE: 40640
[POS] DPOFE: 2448
[POS] Cache cargado en 1914 ms
[POS] Refrescando cache DBF...
[POS] Cargando DBF...
[POS] MAPRE: 40640
[POS] DPOFE: 2448
[POS] Cache cargado en 1904 ms
[POS] Refrescando cache DBF...
[POS] Cargando DBF...
[POS] MAPRE: 40640
[POS] DPOFE: 2448
[POS] Cache cargado en 1921 ms
[POS] Refrescando cache DBF...
[POS] Cargando DBF...
[POS] MAPRE: 40640
[POS] DPOFE: 2448
[POS] Cache cargado en 1928 ms
[POS] Refrescando cache DBF...
[POS] Cargando DBF...
[POS] MAPRE: 40640
[POS] DPOFE: 2448
[POS] Cache cargado en 1905 ms
[POS] Refrescando cache DBF...
[POS] Cargando DBF...
[POS] MAPRE: 40640
[POS] DPOFE: 2448
[POS] Cache cargado en 1941 ms
[POS] Refrescando cache DBF...
[POS] Cargando DBF...
[POS] MAPRE: 40640
[POS] DPOFE: 2448
[POS] Cache cargado en 1910 ms
[POS] Refrescando cache DBF...
[POS] Cargando DBF...
[POS] MAPRE: 40640
[POS] DPOFE: 2448
[POS] Cache cargado en 1922 ms
[POS] Refrescando cache DBF...
[POS] Cargando DBF...
[POS] MAPRE: 40640
[POS] DPOFE: 2448
[POS] Cache cargado en 1912 ms
[POS] Refrescando cache DBF...
[POS] Cargando DBF...
[POS] MAPRE: 40640
[POS] DPOFE: 2448
[POS] Cache cargado en 1934 ms
[POS] Refrescando cache DBF...
[POS] Cargando DBF...
[POS] MAPRE: 40640
[POS] DPOFE: 2448
[POS] Cache cargado en 1920 ms
[POS] Refrescando cache DBF...
[POS] Cargando DBF...
[POS] MAPRE: 40640
[POS] DPOFE: 2448
[POS] Cache cargado en 1958 ms
[POS] Refrescando cache DBF...
[POS] Cargando DBF...
[POS] MAPRE: 40640
[POS] DPOFE: 2448
[POS] Cache cargado en 1925 ms
[POS] Refrescando cache DBF...
[POS] Cargando DBF...
[POS] MAPRE: 40640
[POS] DPOFE: 2448
[POS] Cache cargado en 1940 ms
[POS] Refrescando cache DBF...
[POS] Cargando DBF...
[POS] MAPRE: 40640
[POS] DPOFE: 2448
[POS] Cache cargado en 1906 ms
[POS] Refrescando cache DBF...
[POS] Cargando DBF...
[POS] MAPRE: 40640
[POS] DPOFE: 2448
[POS] Cache cargado en 1929 ms
[POS] Refrescando cache DBF...
[POS] Cargando DBF...
[POS] MAPRE: 40640
[POS] DPOFE: 2448
[POS] Cache cargado en 1910 ms
[POS] Refrescando cache DBF...
[POS] Cargando DBF...
[POS] MAPRE: 40640
[POS] DPOFE: 2448
[POS] Cache cargado en 1939 ms
[POS] Refrescando cache DBF...
[POS] Cargando DBF...
[POS] MAPRE: 40640
[POS] DPOFE: 2448
[POS] Cache cargado en 1917 ms
[POS] Refrescando cache DBF...
[POS] Cargando DBF...
[POS] MAPRE: 40640
[POS] DPOFE: 2448
[POS] Cache cargado en 1929 ms
[POS] Refrescando cache DBF...
[POS] Cargando DBF...
[POS] MAPRE: 40640
[POS] DPOFE: 2448
[POS] Cache cargado en 1907 ms
[POS] Refrescando cache DBF...
[POS] Cargando DBF...
[POS] MAPRE: 40640
[POS] DPOFE: 2448
[POS] Cache cargado en 1970 ms
[POS] Refrescando cache DBF...
[POS] Cargando DBF...
[POS] MAPRE: 40640
[POS] DPOFE: 2448
[POS] Cache cargado en 1916 ms
[POS] Refrescando cache DBF...
[POS] Cargando DBF...
[POS] MAPRE: 40640
[POS] DPOFE: 2448
[POS] Cache cargado en 1959 ms
[POS] Refrescando cache DBF...
[POS] Cargando DBF...
[POS] MAPRE: 40640
[POS] DPOFE: 2448
[POS] Cache cargado en 1917 ms
[POS] Refrescando cache DBF...
[POS] Cargando DBF...
[POS] MAPRE: 40640
[POS] DPOFE: 2448
[POS] Cache cargado en 1923 ms
[POS] Refrescando cache DBF...
[POS] Cargando DBF...
[POS] MAPRE: 40640
[POS] DPOFE: 2448
[POS] Cache cargado en 1922 ms
[POS] Refrescando cache DBF...
[POS] Cargando DBF...
[POS] MAPRE: 40640
[POS] DPOFE: 2448
[POS] Cache cargado en 1912 ms
[POS] Refrescando cache DBF...
[POS] Cargando DBF...
[POS] MAPRE: 40640
[POS] DPOFE: 2448
[POS] Cache cargado en 1921 ms
[POS] Refrescando cache DBF...
[POS] Cargando DBF...
[POS] MAPRE: 40640
[POS] DPOFE: 2448
[POS] Cache cargado en 1949 ms
[POS] Refrescando cache DBF...
[POS] Cargando DBF...
[POS] MAPRE: 40640
[POS] DPOFE: 2448
[POS] Cache cargado en 1922 ms
[POS] Refrescando cache DBF...
[POS] Cargando DBF...
[POS] MAPRE: 40640
[POS] DPOFE: 2448
[POS] Cache cargado en 1927 ms
[POS] Refrescando cache DBF...
[POS] Cargando DBF...
[POS] MAPRE: 40640
[POS] DPOFE: 2448
[POS] Cache cargado en 1915 ms
[POS] Refrescando cache DBF...
[POS] Cargando DBF...
[POS] MAPRE: 40640
[POS] DPOFE: 2448
[POS] Cache cargado en 1907 ms
[POS] Refrescando cache DBF...
[POS] Cargando DBF...
[POS] MAPRE: 40640
[POS] DPOFE: 2448
[POS] Cache cargado en 1897 ms
[POS] Refrescando cache DBF...
[POS] Cargando DBF...
[POS] MAPRE: 40640
[POS] DPOFE: 2448
[POS] Cache cargado en 1938 ms
[POS] Refrescando cache DBF...
[POS] Cargando DBF...
[POS] MAPRE: 40640
[POS] DPOFE: 2448
[POS] Cache cargado en 1913 ms
[POS] Refrescando cache DBF...
[POS] Cargando DBF...
[POS] MAPRE: 40640
[POS] DPOFE: 2448
[POS] Cache cargado en 1926 ms
[POS] Refrescando cache DBF...
[POS] Cargando DBF...
[POS] MAPRE: 40640
[POS] DPOFE: 2448
[POS] Cache cargado en 1927 ms
[POS] Refrescando cache DBF...
[POS] Cargando DBF...
[POS] MAPRE: 40640
[POS] DPOFE: 2448
[POS] Cache cargado en 1912 ms
[POS] Refrescando cache DBF...
[POS] Cargando DBF...
[POS] MAPRE: 40640
[POS] DPOFE: 2448
[POS] Cache cargado en 1916 ms
[POS] Refrescando cache DBF...
[POS] Cargando DBF...
[POS] MAPRE: 40640
[POS] DPOFE: 2448
[POS] Cache cargado en 1946 ms
[POS] Refrescando cache DBF...
[POS] Cargando DBF...
[POS] MAPRE: 40640
[POS] DPOFE: 2448
[POS] Cache cargado en 1923 ms
[POS] Refrescando cache DBF...
[POS] Cargando DBF...
[POS] MAPRE: 40640
[POS] DPOFE: 2448
[POS] Cache cargado en 1926 ms
[POS] Refrescando cache DBF...
[POS] Cargando DBF...
[POS] MAPRE: 40640
[POS] DPOFE: 2448
[POS] Cache cargado en 1931 ms
[POS] Refrescando cache DBF...
[POS] Cargando DBF...
[POS] MAPRE: 40640
[POS] DPOFE: 2448
[POS] Cache cargado en 1928 ms
[POS] Refrescando cache DBF...
[POS] Cargando DBF...
[POS] MAPRE: 40640
[POS] DPOFE: 2448
[POS] Cache cargado en 1906 ms
[POS] Refrescando cache DBF...
[POS] Cargando DBF...
[POS] MAPRE: 40640
[POS] DPOFE: 2448
[POS] Cache cargado en 1947 ms
[POS] Refrescando cache DBF...
[POS] Cargando DBF...
[POS] MAPRE: 40640
[POS] DPOFE: 2448
[POS] Cache cargado en 1978 ms
[POS] Refrescando cache DBF...
[POS] Cargando DBF...
[POS] MAPRE: 40640
[POS] DPOFE: 2448
[POS] Cache cargado en 1944 ms
[POS] Refrescando cache DBF...
[POS] Cargando DBF...
[POS] MAPRE: 40640
[POS] DPOFE: 2448
[POS] Cache cargado en 1932 ms
[POS] Refrescando cache DBF...
[POS] Cargando DBF...
[POS] MAPRE: 40640
[POS] DPOFE: 2448
[POS] Cache cargado en 1951 ms
[POS] Refrescando cache DBF...
[POS] Cargando DBF...
[POS] MAPRE: 40640
[POS] DPOFE: 2448
[POS] Cache cargado en 1939 ms
[POS] Refrescando cache DBF...
[POS] Cargando DBF...
[POS] MAPRE: 40640
[POS] DPOFE: 2448
[POS] Cache cargado en 1964 ms
[POS] Refrescando cache DBF...
[POS] Cargando DBF...
[POS] MAPRE: 40640
[POS] DPOFE: 2448
[POS] Cache cargado en 1930 ms
[POS] Refrescando cache DBF...
[POS] Cargando DBF...
[POS] MAPRE: 40640
[POS] DPOFE: 2448
[POS] Cache cargado en 1930 ms
[POS] Refrescando cache DBF...
[POS] Cargando DBF...
[POS] MAPRE: 40640
[POS] DPOFE: 2448
[POS] Cache cargado en 1939 ms
[POS] Refrescando cache DBF...
[POS] Cargando DBF...
[POS] MAPRE: 40640
[POS] DPOFE: 2448
[POS] Cache cargado en 1923 ms
[POS] Refrescando cache DBF...
[POS] Cargando DBF...
[POS] MAPRE: 40640
[POS] DPOFE: 2448
[POS] Cache cargado en 1918 ms
[POS] Refrescando cache DBF...
[POS] Cargando DBF...
[POS] MAPRE: 40640
[POS] DPOFE: 2448
[POS] Cache cargado en 1924 ms
[POS] Refrescando cache DBF...
[POS] Cargando DBF...
[POS] MAPRE: 40640
[POS] DPOFE: 2448
[POS] Cache cargado en 1924 ms
[POS] Refrescando cache DBF...
[POS] Cargando DBF...
[POS] MAPRE: 40640
[POS] DPOFE: 2448
[POS] Cache cargado en 1920 ms
[POS] Refrescando cache DBF...
[POS] Cargando DBF...
[POS] MAPRE: 40640
[POS] DPOFE: 2448
[POS] Cache cargado en 1917 ms
[POS] Refrescando cache DBF...
[POS] Cargando DBF...
[POS] MAPRE: 40640
[POS] DPOFE: 2448
[POS] Cache cargado en 1930 ms
[POS] Refrescando cache DBF...
[POS] Cargando DBF...
[POS] MAPRE: 40640
[POS] DPOFE: 2448
[POS] Cache cargado en 1908 ms
[POS] Refrescando cache DBF...
[POS] Cargando DBF...
[POS] MAPRE: 40640
[POS] DPOFE: 2448
[POS] Cache cargado en 1952 ms
[POS] Refrescando cache DBF...
[POS] Cargando DBF...
[POS] MAPRE: 40640
[POS] DPOFE: 2448
[POS] Cache cargado en 1925 ms
[POS] Refrescando cache DBF...
[POS] Cargando DBF...
[POS] MAPRE: 40640
[POS] DPOFE: 2448
[POS] Cache cargado en 1910 ms
[POS] Refrescando cache DBF...
[POS] Cargando DBF...
[POS] MAPRE: 40640
[POS] DPOFE: 2448
[POS] Cache cargado en 1922 ms
[POS] Refrescando cache DBF...
[POS] Cargando DBF...
[POS] MAPRE: 40640
[POS] DPOFE: 2448
[POS] Cache cargado en 1939 ms
[POS] Refrescando cache DBF...
[POS] Cargando DBF...
[POS] MAPRE: 40640
[POS] DPOFE: 2448
[POS] Cache cargado en 1918 ms
[POS] Refrescando cache DBF...
[POS] Cargando DBF...
[POS] MAPRE: 40640
[POS] DPOFE: 2448
[POS] Cache cargado en 1949 ms
[POS] Refrescando cache DBF...
[POS] Cargando DBF...
[POS] MAPRE: 40640
[POS] DPOFE: 2448
[POS] Cache cargado en 1902 ms
[POS] Refrescando cache DBF...
[POS] Cargando DBF...
[POS] MAPRE: 40640
[POS] DPOFE: 2448
[POS] Cache cargado en 1936 ms
[POS] Refrescando cache DBF...
[POS] Cargando DBF...
[POS] MAPRE: 40640
[POS] DPOFE: 2448
[POS] Cache cargado en 1942 ms
[POS] Refrescando cache DBF...
[POS] Cargando DBF...
[POS] MAPRE: 40640
[POS] DPOFE: 2448
[POS] Cache cargado en 1927 ms
[POS] Refrescando cache DBF...
[POS] Cargando DBF...
[POS] MAPRE: 40640
[POS] DPOFE: 2448
[POS] Cache cargado en 1915 ms
[POS] Refrescando cache DBF...
[POS] Cargando DBF...
[POS] MAPRE: 40640
[POS] DPOFE: 2448
[POS] Cache cargado en 1955 ms
[POS] Refrescando cache DBF...
[POS] Cargando DBF...
[POS] MAPRE: 40640
[POS] DPOFE: 2448
[POS] Cache cargado en 1912 ms
[POS] Refrescando cache DBF...
[POS] Cargando DBF...
[POS] MAPRE: 40640
[POS] DPOFE: 2448
[POS] Cache cargado en 1933 ms
[POS] Refrescando cache DBF...
[POS] Cargando DBF...
[POS] MAPRE: 40640
[POS] DPOFE: 2448
[POS] Cache cargado en 1912 ms
[POS] Refrescando cache DBF...
[POS] Cargando DBF...
[POS] MAPRE: 40640
[POS] DPOFE: 2448
[POS] Cache cargado en 1924 ms
[POS] Refrescando cache DBF...
[POS] Cargando DBF...
[POS] MAPRE: 40640
[POS] DPOFE: 2448
[POS] Cache cargado en 1909 ms
[POS] Refrescando cache DBF...
[POS] Cargando DBF...
[POS] MAPRE: 40640
[POS] DPOFE: 2448
[POS] Cache cargado en 1947 ms
[POS] Refrescando cache DBF...
[POS] Cargando DBF...
[POS] MAPRE: 40640
[POS] DPOFE: 2448
[POS] Cache cargado en 1933 ms
[POS] Refrescando cache DBF...
[POS] Cargando DBF...
[POS] MAPRE: 40640
[POS] DPOFE: 2448
[POS] Cache cargado en 1930 ms
[POS] Refrescando cache DBF...
[POS] Cargando DBF...
[POS] MAPRE: 40640
[POS] DPOFE: 2448
[POS] Cache cargado en 1925 ms
[POS] Refrescando cache DBF...
[POS] Cargando DBF...
[POS] MAPRE: 40640
[POS] DPOFE: 2448
[POS] Cache cargado en 1936 ms
[POS] Refrescando cache DBF...
[POS] Cargando DBF...
[POS] MAPRE: 40640
[POS] DPOFE: 2448
[POS] Cache cargado en 1901 ms
[POS] Refrescando cache DBF...
[POS] Cargando DBF...
[POS] MAPRE: 40640
[POS] DPOFE: 2448
[POS] Cache cargado en 1939 ms
[POS] Refrescando cache DBF...
[POS] Cargando DBF...
[POS] MAPRE: 40640
[POS] DPOFE: 2448
[POS] Cache cargado en 1923 ms
[POS] Refrescando cache DBF...
[POS] Cargando DBF...
[POS] MAPRE: 40640
[POS] DPOFE: 2448
[POS] Cache cargado en 1921 ms
[POS] Refrescando cache DBF...
[POS] Cargando DBF...
[POS] MAPRE: 40640
[POS] DPOFE: 2448
[POS] Cache cargado en 1934 ms
[POS] Refrescando cache DBF...
[POS] Cargando DBF...
[POS] MAPRE: 40640
[POS] DPOFE: 2448
[POS] Cache cargado en 1928 ms
[POS] Refrescando cache DBF...
[POS] Cargando DBF...
[POS] MAPRE: 40640
[POS] DPOFE: 2448
[POS] Cache cargado en 1915 ms
[POS] Refrescando cache DBF...
[POS] Cargando DBF...
[POS] MAPRE: 40640
[POS] DPOFE: 2448
[POS] Cache cargado en 1945 ms
[POS] Refrescando cache DBF...
[POS] Cargando DBF...
[POS] MAPRE: 40640
[POS] DPOFE: 2448
[POS] Cache cargado en 1914 ms
[POS] Refrescando cache DBF...
[POS] Cargando DBF...
[POS] MAPRE: 40640
[POS] DPOFE: 2448
[POS] Cache cargado en 1916 ms
[POS] Refrescando cache DBF...
[POS] Cargando DBF...
[POS] MAPRE: 40640
[POS] DPOFE: 2448
[POS] Cache cargado en 1917 ms
[POS] Refrescando cache DBF...
[POS] Cargando DBF...
[POS] MAPRE: 40640
[POS] DPOFE: 2448
[POS] Cache cargado en 1922 ms
[POS] Refrescando cache DBF...
[POS] Cargando DBF...
[POS] MAPRE: 40640
[POS] DPOFE: 2448
[POS] Cache cargado en 1924 ms
[POS] Refrescando cache DBF...
[POS] Cargando DBF...
[POS] MAPRE: 40640
[POS] DPOFE: 2448
[POS] Cache cargado en 1932 ms
[POS] Refrescando cache DBF...
[POS] Cargando DBF...
[POS] MAPRE: 40640
[POS] DPOFE: 2448
[POS] Cache cargado en 1928 ms
[POS] Refrescando cache DBF...
[POS] Cargando DBF...
[POS] MAPRE: 40640
[POS] DPOFE: 2448
[POS] Cache cargado en 1930 ms
[POS] Refrescando cache DBF...
[POS] Cargando DBF...
[POS] MAPRE: 40640
[POS] DPOFE: 2448
[POS] Cache cargado en 1913 ms
[POS] Refrescando cache DBF...
[POS] Cargando DBF...
[POS] MAPRE: 40640
[POS] DPOFE: 2448
[POS] Cache cargado en 1929 ms
[POS] Refrescando cache DBF...
[POS] Cargando DBF...
[POS] MAPRE: 40640
[POS] DPOFE: 2448
[POS] Cache cargado en 1911 ms
[POS] Refrescando cache DBF...
[POS] Cargando DBF...
[POS] MAPRE: 40640
[POS] DPOFE: 2448
[POS] Cache cargado en 1953 ms
[POS] Refrescando cache DBF...
[POS] Cargando DBF...
[POS] MAPRE: 40640
[POS] DPOFE: 2448
[POS] Cache cargado en 1929 ms
[POS] Refrescando cache DBF...
[POS] Cargando DBF...
[POS] MAPRE: 40640
[POS] DPOFE: 2448
[POS] Cache cargado en 1930 ms
[POS] Refrescando cache DBF...
[POS] Cargando DBF...
[POS] MAPRE: 40640
[POS] DPOFE: 2448
[POS] Cache cargado en 1925 ms
[POS] Refrescando cache DBF...
[POS] Cargando DBF...
[POS] MAPRE: 40640
[POS] DPOFE: 2448
[POS] Cache cargado en 1930 ms
[POS] Refrescando cache DBF...
[POS] Cargando DBF...
[POS] MAPRE: 40640
[POS] DPOFE: 2448
[POS] Cache cargado en 1936 ms
[POS] Refrescando cache DBF...
[POS] Cargando DBF...
[POS] MAPRE: 40640
[POS] DPOFE: 2448
[POS] Cache cargado en 1955 ms
[POS] Refrescando cache DBF...
[POS] Cargando DBF...
[POS] MAPRE: 40640
[POS] DPOFE: 2448
[POS] Cache cargado en 1935 ms
[POS] Refrescando cache DBF...
[POS] Cargando DBF...
[POS] MAPRE: 40640
[POS] DPOFE: 2448
[POS] Cache cargado en 1925 ms
[POS] Refrescando cache DBF...
[POS] Cargando DBF...
[POS] MAPRE: 40640
[POS] DPOFE: 2448
[POS] Cache cargado en 1915 ms
[POS] Refrescando cache DBF...
[POS] Cargando DBF...
[POS] MAPRE: 40640
[POS] DPOFE: 2448
[POS] Cache cargado en 1926 ms
[POS] Refrescando cache DBF...
[POS] Cargando DBF...
[POS] MAPRE: 40640
[POS] DPOFE: 2448
[POS] Cache cargado en 1919 ms
[POS] Refrescando cache DBF...
[POS] Cargando DBF...
[POS] MAPRE: 40640
[POS] DPOFE: 2448
[POS] Cache cargado en 1952 ms
[POS] Refrescando cache DBF...
[POS] Cargando DBF...
[POS] MAPRE: 40640
[POS] DPOFE: 2448
[POS] Cache cargado en 1923 ms
[POS] Refrescando cache DBF...
[POS] Cargando DBF...
[POS] MAPRE: 40640
[POS] DPOFE: 2448
[POS] Cache cargado en 1928 ms
[POS] Refrescando cache DBF...
[POS] Cargando DBF...
[POS] MAPRE: 40640
[POS] DPOFE: 2448
[POS] Cache cargado en 1924 ms
[POS] Refrescando cache DBF...
[POS] Cargando DBF...
[POS] MAPRE: 40640
[POS] DPOFE: 2448
[POS] Cache cargado en 1909 ms
[POS] Refrescando cache DBF...
[POS] Cargando DBF...
[POS] MAPRE: 40640
[POS] DPOFE: 2448
[POS] Cache cargado en 1925 ms
[POS] Refrescando cache DBF...
[POS] Cargando DBF...
[POS] MAPRE: 40640
[POS] DPOFE: 2448
[POS] Cache cargado en 1948 ms
[POS] Refrescando cache DBF...
[POS] Cargando DBF...
[POS] MAPRE: 40640
[POS] DPOFE: 2448
[POS] Cache cargado en 1923 ms
[POS] Refrescando cache DBF...
[POS] Cargando DBF...
[POS] MAPRE: 40640
[POS] DPOFE: 2448
[POS] Cache cargado en 1927 ms
[POS] Refrescando cache DBF...
[POS] Cargando DBF...
[POS] MAPRE: 40640
[POS] DPOFE: 2448
[POS] Cache cargado en 1952 ms
[POS] Refrescando cache DBF...
[POS] Cargando DBF...
[POS] MAPRE: 40640
[POS] DPOFE: 2448
[POS] Cache cargado en 1927 ms
[POS] Refrescando cache DBF...
[POS] Cargando DBF...
[POS] MAPRE: 40640
[POS] DPOFE: 2448
[POS] Cache cargado en 1920 ms
[POS] Refrescando cache DBF...
[POS] Cargando DBF...
[POS] MAPRE: 40640
[POS] DPOFE: 2448
[POS] Cache cargado en 1953 ms
[POS] Refrescando cache DBF...
[POS] Cargando DBF...
[POS] MAPRE: 40640
[POS] DPOFE: 2448
[POS] Cache cargado en 1911 ms
[POS] Refrescando cache DBF...
[POS] Cargando DBF...
[POS] MAPRE: 40640
[POS] DPOFE: 2448
[POS] Cache cargado en 1921 ms
[POS] Refrescando cache DBF...
[POS] Cargando DBF...
[POS] MAPRE: 40640
[POS] DPOFE: 2448
[POS] Cache cargado en 1916 ms
[POS] Refrescando cache DBF...
[POS] Cargando DBF...
[POS] MAPRE: 40640
[POS] DPOFE: 2448
[POS] Cache cargado en 1937 ms
[POS] Refrescando cache DBF...
[POS] Cargando DBF...
[POS] MAPRE: 40640
[POS] DPOFE: 2448
[POS] Cache cargado en 1914 ms
[POS] Refrescando cache DBF...
[POS] Cargando DBF...
[POS] MAPRE: 40640
[POS] DPOFE: 2448
[POS] Cache cargado en 1945 ms
[POS] Refrescando cache DBF...
[POS] Cargando DBF...
[POS] MAPRE: 40640
[POS] DPOFE: 2448
[POS] Cache cargado en 1923 ms
[POS] Refrescando cache DBF...
[POS] Cargando DBF...
[POS] MAPRE: 40640
[POS] DPOFE: 2448
[POS] Cache cargado en 1909 ms
[POS] Refrescando cache DBF...
[POS] Cargando DBF...
[POS] MAPRE: 40640
[POS] DPOFE: 2448
[POS] Cache cargado en 1902 ms
[POS] Refrescando cache DBF...
[POS] Cargando DBF...
[POS] MAPRE: 40640
[POS] DPOFE: 2448
[POS] Cache cargado en 1931 ms
[POS] Refrescando cache DBF...
[POS] Cargando DBF...
[POS] MAPRE: 40640
[POS] DPOFE: 2448
[POS] Cache cargado en 1925 ms
[POS] Refrescando cache DBF...
[POS] Cargando DBF...
[POS] MAPRE: 40640
[POS] DPOFE: 2448
[POS] Cache cargado en 1947 ms
[POS] Refrescando cache DBF...
[POS] Cargando DBF...
[POS] MAPRE: 40640
[POS] DPOFE: 2448
[POS] Cache cargado en 1905 ms
[POS] Refrescando cache DBF...
[POS] Cargando DBF...
[POS] MAPRE: 40640
[POS] DPOFE: 2448
[POS] Cache cargado en 1940 ms
[POS] Refrescando cache DBF...
[POS] Cargando DBF...
[POS] MAPRE: 40640
[POS] DPOFE: 2448
[POS] Cache cargado en 1926 ms
[POS] Refrescando cache DBF...
[POS] Cargando DBF...
[POS] MAPRE: 40640
[POS] DPOFE: 2448
[POS] Cache cargado en 1912 ms
[POS] Refrescando cache DBF...
[POS] Cargando DBF...
[POS] MAPRE: 40640
[POS] DPOFE: 2448
[POS] Cache cargado en 1913 ms
[POS] Refrescando cache DBF...
[POS] Cargando DBF...
[POS] MAPRE: 40640
[POS] DPOFE: 2448
[POS] Cache cargado en 1978 ms
[POS] Refrescando cache DBF...
[POS] Cargando DBF...
[POS] MAPRE: 40640
[POS] DPOFE: 2448
[POS] Cache cargado en 1926 ms
[POS] Refrescando cache DBF...
[POS] Cargando DBF...
[POS] MAPRE: 40640
[POS] DPOFE: 2448
[POS] Cache cargado en 1941 ms
[POS] Refrescando cache DBF...
[POS] Cargando DBF...
[POS] MAPRE: 40640
[POS] DPOFE: 2448
[POS] Cache cargado en 1922 ms
[POS] Refrescando cache DBF...
[POS] Cargando DBF...
[POS] MAPRE: 40640
[POS] DPOFE: 2448
[POS] Cache cargado en 1904 ms
[POS] Refrescando cache DBF...
[POS] Cargando DBF...
[POS] MAPRE: 40640
[POS] DPOFE: 2448
[POS] Cache cargado en 1906 ms
[POS] Refrescando cache DBF...
[POS] Cargando DBF...
[POS] MAPRE: 40640
[POS] DPOFE: 2448
[POS] Cache cargado en 1928 ms
[POS] Refrescando cache DBF...
[POS] Cargando DBF...
[POS] MAPRE: 40640
[POS] DPOFE: 2448
[POS] Cache cargado en 1911 ms
[POS] Refrescando cache DBF...
[POS] Cargando DBF...
[POS] MAPRE: 40640
[POS] DPOFE: 2448
[POS] Cache cargado en 1941 ms
[POS] Refrescando cache DBF...
[POS] Cargando DBF...
[POS] MAPRE: 40640
[POS] DPOFE: 2448
[POS] Cache cargado en 1928 ms
[POS] Refrescando cache DBF...
[POS] Cargando DBF...
[POS] MAPRE: 40640
[POS] DPOFE: 2448
[POS] Cache cargado en 1932 ms
[POS] Refrescando cache DBF...
[POS] Cargando DBF...
[POS] MAPRE: 40640
[POS] DPOFE: 2448
[POS] Cache cargado en 1917 ms
[POS] Refrescando cache DBF...
[POS] Cargando DBF...
[POS] MAPRE: 40640
[POS] DPOFE: 2448
[POS] Cache cargado en 1949 ms
[POS] Refrescando cache DBF...
[POS] Cargando DBF...
[POS] MAPRE: 40640
[POS] DPOFE: 2448
[POS] Cache cargado en 1899 ms
[POS] Refrescando cache DBF...
[POS] Cargando DBF...
[POS] MAPRE: 40640
[POS] DPOFE: 2448
[POS] Cache cargado en 1939 ms
[POS] Refrescando cache DBF...
[POS] Cargando DBF...
[POS] MAPRE: 40640
[POS] DPOFE: 2448
[POS] Cache cargado en 1922 ms
[POS] Refrescando cache DBF...
[POS] Cargando DBF...
[POS] MAPRE: 40640
[POS] DPOFE: 2448
[POS] Cache cargado en 1919 ms
[POS] Refrescando cache DBF...
[POS] Cargando DBF...
[POS] MAPRE: 40640
[POS] DPOFE: 2448
[POS] Cache cargado en 1907 ms
[POS] Refrescando cache DBF...
[POS] Cargando DBF...
[POS] MAPRE: 40640
[POS] DPOFE: 2448
[POS] Cache cargado en 1951 ms
[POS] Refrescando cache DBF...
[POS] Cargando DBF...
[POS] MAPRE: 40640
[POS] DPOFE: 2448
[POS] Cache cargado en 1930 ms
[POS] Refrescando cache DBF...
[POS] Cargando DBF...
[POS] MAPRE: 40640
[POS] DPOFE: 2448
[POS] Cache cargado en 1926 ms
[POS] Refrescando cache DBF...
[POS] Cargando DBF...
[POS] MAPRE: 40640
[POS] DPOFE: 2448
[POS] Cache cargado en 1938 ms
[POS] Refrescando cache DBF...
[POS] Cargando DBF...
[POS] MAPRE: 40640
[POS] DPOFE: 2448
[POS] Cache cargado en 1933 ms
[POS] Refrescando cache DBF...
[POS] Cargando DBF...
[POS] MAPRE: 40640
[POS] DPOFE: 2448
[POS] Cache cargado en 1913 ms
[POS] Refrescando cache DBF...
[POS] Cargando DBF...
[POS] MAPRE: 40640
[POS] DPOFE: 2448
[POS] Cache cargado en 1965 ms
[POS] Refrescando cache DBF...
[POS] Cargando DBF...
[POS] MAPRE: 40640
[POS] DPOFE: 2448
[POS] Cache cargado en 1913 ms
[POS] Refrescando cache DBF...
[POS] Cargando DBF...
[POS] MAPRE: 40640
[POS] DPOFE: 2448
[POS] Cache cargado en 1938 ms
[POS] Refrescando cache DBF...
[POS] Cargando DBF...
[POS] MAPRE: 40640
[POS] DPOFE: 2448
[POS] Cache cargado en 1936 ms
[POS] Refrescando cache DBF...
[POS] Cargando DBF...
[POS] MAPRE: 40640
[POS] DPOFE: 2448
[POS] Cache cargado en 1935 ms
[POS] Refrescando cache DBF...
[POS] Cargando DBF...
[POS] MAPRE: 40640
[POS] DPOFE: 2448
[POS] Cache cargado en 1907 ms
[POS] Refrescando cache DBF...
[POS] Cargando DBF...
[POS] MAPRE: 40640
[POS] DPOFE: 2448
[POS] Cache cargado en 1929 ms
[POS] Refrescando cache DBF...
[POS] Cargando DBF...
[POS] MAPRE: 40640
[POS] DPOFE: 2448
[POS] Cache cargado en 1925 ms
[POS] Refrescando cache DBF...
[POS] Cargando DBF...
[POS] MAPRE: 40640
[POS] DPOFE: 2448
[POS] Cache cargado en 1931 ms
[POS] Refrescando cache DBF...
[POS] Cargando DBF...
[POS] MAPRE: 40640
[POS] DPOFE: 2448
[POS] Cache cargado en 1919 ms
[POS] Refrescando cache DBF...
[POS] Cargando DBF...
[POS] MAPRE: 40640
[POS] DPOFE: 2448
[POS] Cache cargado en 1947 ms
[POS] Refrescando cache DBF...
[POS] Cargando DBF...
[POS] MAPRE: 40640
[POS] DPOFE: 2448
[POS] Cache cargado en 1897 ms
[POS] Refrescando cache DBF...
[POS] Cargando DBF...
[POS] MAPRE: 40640
[POS] DPOFE: 2448
[POS] Cache cargado en 1948 ms
[POS] Refrescando cache DBF...
[POS] Cargando DBF...
[POS] MAPRE: 40640
[POS] DPOFE: 2448
[POS] Cache cargado en 1919 ms
[POS] Refrescando cache DBF...
[POS] Cargando DBF...
[POS] MAPRE: 40640
[POS] DPOFE: 2448
[POS] Cache cargado en 1930 ms
[POS] Refrescando cache DBF...
[POS] Cargando DBF...
[POS] MAPRE: 40640
[POS] DPOFE: 2448
[POS] Cache cargado en 1919 ms
[POS] Refrescando cache DBF...
[POS] Cargando DBF...
[POS] MAPRE: 40640
[POS] DPOFE: 2448
[POS] Cache cargado en 1905 ms
[POS] Refrescando cache DBF...
[POS] Cargando DBF...
[POS] MAPRE: 40640
[POS] DPOFE: 2448
[POS] Cache cargado en 1903 ms
[POS] Refrescando cache DBF...
[POS] Cargando DBF...
[POS] MAPRE: 40640
[POS] DPOFE: 2448
[POS] Cache cargado en 1946 ms
[POS] Refrescando cache DBF...
[POS] Cargando DBF...
[POS] MAPRE: 40640
[POS] DPOFE: 2448
[POS] Cache cargado en 1924 ms
[POS] Refrescando cache DBF...
[POS] Cargando DBF...
[POS] MAPRE: 40640
[POS] DPOFE: 2448
[POS] Cache cargado en 1918 ms
[POS] Refrescando cache DBF...
[POS] Cargando DBF...
[POS] MAPRE: 40640
[POS] DPOFE: 2448
[POS] Cache cargado en 1917 ms
[POS] Refrescando cache DBF...
[POS] Cargando DBF...
[POS] MAPRE: 40640
[POS] DPOFE: 2448
[POS] Cache cargado en 1932 ms
[POS] Refrescando cache DBF...
[POS] Cargando DBF...
[POS] MAPRE: 40640
[POS] DPOFE: 2448
[POS] Cache cargado en 1922 ms
[POS] Refrescando cache DBF...
[POS] Cargando DBF...
[POS] MAPRE: 40640
[POS] DPOFE: 2448
[POS] Cache cargado en 1958 ms
[POS] Refrescando cache DBF...
[POS] Cargando DBF...
[POS] MAPRE: 40640
[POS] DPOFE: 2448
[POS] Cache cargado en 1923 ms
[POS] Refrescando cache DBF...
[POS] Cargando DBF...
[POS] MAPRE: 40640
[POS] DPOFE: 2448
[POS] Cache cargado en 1926 ms
[POS] Refrescando cache DBF...
[POS] Cargando DBF...
[POS] MAPRE: 40640
[POS] DPOFE: 2448
[POS] Cache cargado en 1930 ms
[POS] Refrescando cache DBF...
[POS] Cargando DBF...
[POS] MAPRE: 40640
[POS] DPOFE: 2448
[POS] Cache cargado en 1942 ms
[POS] Refrescando cache DBF...
[POS] Cargando DBF...
[POS] MAPRE: 40640
[POS] DPOFE: 2448
[POS] Cache cargado en 1924 ms
[POS] Refrescando cache DBF...
[POS] Cargando DBF...
[POS] MAPRE: 40640
[POS] DPOFE: 2448
[POS] Cache cargado en 1936 ms
[POS] Refrescando cache DBF...
[POS] Cargando DBF...
[POS] MAPRE: 40640
[POS] DPOFE: 2448
[POS] Cache cargado en 1911 ms
[POS] Refrescando cache DBF...
[POS] Cargando DBF...
[POS] MAPRE: 40640
[POS] DPOFE: 2448
[POS] Cache cargado en 1939 ms
[POS] Refrescando cache DBF...
[POS] Cargando DBF...
[POS] MAPRE: 40640
[POS] DPOFE: 2448
[POS] Cache cargado en 1917 ms
[POS] Refrescando cache DBF...
[POS] Cargando DBF...
[POS] MAPRE: 40640
[POS] DPOFE: 2448
[POS] Cache cargado en 1919 ms
[POS] Refrescando cache DBF...
[POS] Cargando DBF...
[POS] MAPRE: 40640
[POS] DPOFE: 2448
[POS] Cache cargado en 1908 ms
[POS] Refrescando cache DBF...
[POS] Cargando DBF...
[POS] MAPRE: 40640
[POS] DPOFE: 2448
[POS] Cache cargado en 1934 ms
[POS] Refrescando cache DBF...
[POS] Cargando DBF...
[POS] MAPRE: 40640
[POS] DPOFE: 2448
[POS] Cache cargado en 1922 ms
[POS] Refrescando cache DBF...
[POS] Cargando DBF...
[POS] MAPRE: 40640
[POS] DPOFE: 2448
[POS] Cache cargado en 1921 ms
[POS] Refrescando cache DBF...
[POS] Cargando DBF...
[POS] MAPRE: 40640
[POS] DPOFE: 2448
[POS] Cache cargado en 1905 ms
[POS] Refrescando cache DBF...
[POS] Cargando DBF...
[POS] MAPRE: 40640
[POS] DPOFE: 2448
[POS] Cache cargado en 1935 ms
[POS] Refrescando cache DBF...
[POS] Cargando DBF...
[POS] MAPRE: 40640
[POS] DPOFE: 2448
[POS] Cache cargado en 1910 ms
[POS] Refrescando cache DBF...
[POS] Cargando DBF...
[POS] MAPRE: 40640
[POS] DPOFE: 2448
[POS] Cache cargado en 1950 ms
[POS] Refrescando cache DBF...
[POS] Cargando DBF...
[POS] MAPRE: 40640
[POS] DPOFE: 2448
[POS] Cache cargado en 1914 ms
[POS] Refrescando cache DBF...
[POS] Cargando DBF...
[POS] MAPRE: 40640
[POS] DPOFE: 2448
[POS] Cache cargado en 1927 ms
[POS] Refrescando cache DBF...
[POS] Cargando DBF...
[POS] MAPRE: 40640
[POS] DPOFE: 2448
[POS] Cache cargado en 1914 ms
[POS] Refrescando cache DBF...
[POS] Cargando DBF...
[POS] MAPRE: 40640
[POS] DPOFE: 2448
[POS] Cache cargado en 1928 ms
[POS] Refrescando cache DBF...
[POS] Cargando DBF...
[POS] MAPRE: 40640
[POS] DPOFE: 2448
[POS] Cache cargado en 1925 ms
[POS] Refrescando cache DBF...
[POS] Cargando DBF...
[POS] MAPRE: 40640
[POS] DPOFE: 2448
[POS] Cache cargado en 1947 ms
[POS] Refrescando cache DBF...
[POS] Cargando DBF...
[POS] MAPRE: 40640
[POS] DPOFE: 2448
[POS] Cache cargado en 1916 ms
[POS] Refrescando cache DBF...
[POS] Cargando DBF...
[POS] MAPRE: 40640
[POS] DPOFE: 2448
[POS] Cache cargado en 1942 ms
[POS] Refrescando cache DBF...
[POS] Cargando DBF...
[POS] MAPRE: 40640
[POS] DPOFE: 2448
[POS] Cache cargado en 1924 ms
[POS] Refrescando cache DBF...
[POS] Cargando DBF...
[POS] MAPRE: 40640
[POS] DPOFE: 2448
[POS] Cache cargado en 1910 ms
[POS] Refrescando cache DBF...
[POS] Cargando DBF...
[POS] MAPRE: 40640
[POS] DPOFE: 2448
[POS] Cache cargado en 1922 ms
[POS] Refrescando cache DBF...
[POS] Cargando DBF...
[POS] MAPRE: 40640
[POS] DPOFE: 2448
[POS] Cache cargado en 1954 ms
[POS] Refrescando cache DBF...
[POS] Cargando DBF...
[POS] MAPRE: 40640
[POS] DPOFE: 2448
[POS] Cache cargado en 1910 ms
[POS] Refrescando cache DBF...
[POS] Cargando DBF...
[POS] MAPRE: 40640
[POS] DPOFE: 2448
[POS] Cache cargado en 1914 ms
[POS] Refrescando cache DBF...
[POS] Cargando DBF...
[POS] MAPRE: 40640
[POS] DPOFE: 2448
[POS] Cache cargado en 1919 ms
[POS] Refrescando cache DBF...
[POS] Cargando DBF...
[POS] MAPRE: 40640
[POS] DPOFE: 2448
[POS] Cache cargado en 1937 ms
[POS] Refrescando cache DBF...
[POS] Cargando DBF...
[POS] MAPRE: 40640
[POS] DPOFE: 2448
[POS] Cache cargado en 1930 ms
[POS] Refrescando cache DBF...
[POS] Cargando DBF...
[POS] MAPRE: 40640
[POS] DPOFE: 2448
[POS] Cache cargado en 1958 ms
[POS] Refrescando cache DBF...
[POS] Cargando DBF...
[POS] MAPRE: 40640
[POS] DPOFE: 2448
[POS] Cache cargado en 1928 ms
[POS] Refrescando cache DBF...
[POS] Cargando DBF...
[POS] MAPRE: 40640
[POS] DPOFE: 2448
[POS] Cache cargado en 1927 ms
[POS] Refrescando cache DBF...
[POS] Cargando DBF...
[POS] MAPRE: 40640
[POS] DPOFE: 2448
[POS] Cache cargado en 1924 ms
[POS] Refrescando cache DBF...
[POS] Cargando DBF...
[POS] MAPRE: 40640
[POS] DPOFE: 2448
[POS] Cache cargado en 1920 ms
[POS] Refrescando cache DBF...
[POS] Cargando DBF...
[POS] MAPRE: 40640
[POS] DPOFE: 2448
[POS] Cache cargado en 1914 ms
[POS] Refrescando cache DBF...
[POS] Cargando DBF...
[POS] MAPRE: 40640
[POS] DPOFE: 2448
[POS] Cache cargado en 1935 ms
[POS] Refrescando cache DBF...
[POS] Cargando DBF...
[POS] MAPRE: 40640
[POS] DPOFE: 2448
[POS] Cache cargado en 1928 ms
[POS] Refrescando cache DBF...
[POS] Cargando DBF...
[POS] MAPRE: 40640
[POS] DPOFE: 2448
[POS] Cache cargado en 1930 ms
[POS] Refrescando cache DBF...
[POS] Cargando DBF...
[POS] MAPRE: 40640
[POS] DPOFE: 2448
[POS] Cache cargado en 1916 ms
[POS] Refrescando cache DBF...
[POS] Cargando DBF...
[POS] MAPRE: 40640
[POS] DPOFE: 2448
[POS] Cache cargado en 1929 ms
[POS] Refrescando cache DBF...
[POS] Cargando DBF...
[POS] MAPRE: 40640
[POS] DPOFE: 2448
[POS] Cache cargado en 1918 ms
[POS] Refrescando cache DBF...
[POS] Cargando DBF...
[POS] MAPRE: 40640
[POS] DPOFE: 2448
[POS] Cache cargado en 1955 ms
[POS] Refrescando cache DBF...
[POS] Cargando DBF...
[POS] MAPRE: 40640
[POS] DPOFE: 2448
[POS] Cache cargado en 1912 ms
[POS] Refrescando cache DBF...
[POS] Cargando DBF...
[POS] MAPRE: 40640
[POS] DPOFE: 2448
[POS] Cache cargado en 1912 ms
[POS] Refrescando cache DBF...
[POS] Cargando DBF...
[POS] MAPRE: 40640
[POS] DPOFE: 2448
[POS] Cache cargado en 1926 ms
[POS] Refrescando cache DBF...
[POS] Cargando DBF...
[POS] MAPRE: 40640
[POS] DPOFE: 2448
[POS] Cache cargado en 1940 ms
[POS] Refrescando cache DBF...
[POS] Cargando DBF...
[POS] MAPRE: 40640
[POS] DPOFE: 2448
[POS] Cache cargado en 1910 ms
[POS] Refrescando cache DBF...
[POS] Cargando DBF...
[POS] MAPRE: 40640
[POS] DPOFE: 2448
[POS] Cache cargado en 1951 ms
[POS] Refrescando cache DBF...
[POS] Cargando DBF...
[POS] MAPRE: 40640
[POS] DPOFE: 2448
[POS] Cache cargado en 1927 ms
[POS] Refrescando cache DBF...
[POS] Cargando DBF...
[POS] MAPRE: 40640
[POS] DPOFE: 2448
[POS] Cache cargado en 1907 ms
[POS] Refrescando cache DBF...
[POS] Cargando DBF...
[POS] MAPRE: 40640
[POS] DPOFE: 2448
[POS] Cache cargado en 1924 ms
[POS] Refrescando cache DBF...
[POS] Cargando DBF...
[POS] MAPRE: 40640
[POS] DPOFE: 2448
[POS] Cache cargado en 1933 ms
[POS] Refrescando cache DBF...
[POS] Cargando DBF...
[POS] MAPRE: 40640
[POS] DPOFE: 2448
[POS] Cache cargado en 1929 ms
[POS] Refrescando cache DBF...
[POS] Cargando DBF...
[POS] MAPRE: 40640
[POS] DPOFE: 2448
[POS] Cache cargado en 1941 ms
[POS] Refrescando cache DBF...
[POS] Cargando DBF...
[POS] MAPRE: 40640
[POS] DPOFE: 2448
[POS] Cache cargado en 1914 ms
[POS] Refrescando cache DBF...
[POS] Cargando DBF...
[POS] MAPRE: 40640
[POS] DPOFE: 2448
[POS] Cache cargado en 1915 ms
[POS] Refrescando cache DBF...
[POS] Cargando DBF...
[POS] MAPRE: 40640
[POS] DPOFE: 2448
[POS] Cache cargado en 1918 ms
[POS] Refrescando cache DBF...
[POS] Cargando DBF...
[POS] MAPRE: 40640
[POS] DPOFE: 2448
[POS] Cache cargado en 1932 ms
[POS] Refrescando cache DBF...
[POS] Cargando DBF...
[POS] MAPRE: 40640
[POS] DPOFE: 2448
[POS] Cache cargado en 1911 ms
[POS] Refrescando cache DBF...
[POS] Cargando DBF...
[POS] MAPRE: 40640
[POS] DPOFE: 2448
[POS] Cache cargado en 1945 ms
[POS] Refrescando cache DBF...
[POS] Cargando DBF...
[POS] MAPRE: 40640
[POS] DPOFE: 2448
[POS] Cache cargado en 1934 ms
[POS] Refrescando cache DBF...
[POS] Cargando DBF...
[POS] MAPRE: 40640
[POS] DPOFE: 2448
[POS] Cache cargado en 1935 ms
[POS] Refrescando cache DBF...
[POS] Cargando DBF...
[POS] MAPRE: 40640
[POS] DPOFE: 2448
[POS] Cache cargado en 1919 ms
[POS] Refrescando cache DBF...
[POS] Cargando DBF...
[POS] MAPRE: 40640
[POS] DPOFE: 2448
[POS] Cache cargado en 1935 ms
[POS] Refrescando cache DBF...
[POS] Cargando DBF...
[POS] MAPRE: 40640
[POS] DPOFE: 2448
[POS] Cache cargado en 1914 ms
[POS] Refrescando cache DBF...
[POS] Cargando DBF...
[POS] MAPRE: 40640
[POS] DPOFE: 2448
[POS] Cache cargado en 1953 ms
[POS] Refrescando cache DBF...
[POS] Cargando DBF...
[POS] MAPRE: 40640
[POS] DPOFE: 2448
[POS] Cache cargado en 1922 ms
[POS] Refrescando cache DBF...
[POS] Cargando DBF...
[POS] MAPRE: 40640
[POS] DPOFE: 2448
[POS] Cache cargado en 1901 ms
[POS] Refrescando cache DBF...
[POS] Cargando DBF...
[POS] MAPRE: 40640
[POS] DPOFE: 2448
[POS] Cache cargado en 1915 ms
[POS] Refrescando cache DBF...
[POS] Cargando DBF...
[POS] MAPRE: 40640
[POS] DPOFE: 2448
[POS] Cache cargado en 1924 ms
[POS] Refrescando cache DBF...
[POS] Cargando DBF...
[POS] MAPRE: 40640
[POS] DPOFE: 2448
[POS] Cache cargado en 1918 ms
[POS] Refrescando cache DBF...
[POS] Cargando DBF...
[POS] MAPRE: 40640
[POS] DPOFE: 2448
[POS] Cache cargado en 1950 ms
[POS] Refrescando cache DBF...
[POS] Cargando DBF...
[POS] MAPRE: 40640
[POS] DPOFE: 2448
[POS] Cache cargado en 1908 ms
[POS] Refrescando cache DBF...
[POS] Cargando DBF...
[POS] MAPRE: 40640
[POS] DPOFE: 2448
[POS] Cache cargado en 1922 ms
[POS] Refrescando cache DBF...
[POS] Cargando DBF...
[POS] MAPRE: 40640
[POS] DPOFE: 2448
[POS] Cache cargado en 1929 ms
[POS] Refrescando cache DBF...
[POS] Cargando DBF...
[POS] MAPRE: 40640
[POS] DPOFE: 2448
[POS] Cache cargado en 1933 ms
[POS] Refrescando cache DBF...
[POS] Cargando DBF...
[POS] MAPRE: 40640
[POS] DPOFE: 2448
[POS] Cache cargado en 1927 ms
[POS] Refrescando cache DBF...
[POS] Cargando DBF...
[POS] MAPRE: 40640
[POS] DPOFE: 2448
[POS] Cache cargado en 1951 ms
[POS] Refrescando cache DBF...
[POS] Cargando DBF...
[POS] MAPRE: 40640
[POS] DPOFE: 2448
[POS] Cache cargado en 1910 ms
[POS] Refrescando cache DBF...
[POS] Cargando DBF...
[POS] MAPRE: 40640
[POS] DPOFE: 2448
[POS] Cache cargado en 1942 ms
[POS] Refrescando cache DBF...
[POS] Cargando DBF...
[POS] MAPRE: 40640
[POS] DPOFE: 2448
[POS] Cache cargado en 1916 ms
[POS] Refrescando cache DBF...
[POS] Cargando DBF...
[POS] MAPRE: 40640
[POS] DPOFE: 2448
[POS] Cache cargado en 1929 ms
[POS] Refrescando cache DBF...
[POS] Cargando DBF...
[POS] MAPRE: 40640
[POS] DPOFE: 2448
[POS] Cache cargado en 1908 ms
[POS] Refrescando cache DBF...
[POS] Cargando DBF...
[POS] MAPRE: 40640
[POS] DPOFE: 2448
[POS] Cache cargado en 1955 ms
[POS] Refrescando cache DBF...
[POS] Cargando DBF...
[POS] MAPRE: 40640
[POS] DPOFE: 2448
[POS] Cache cargado en 1929 ms
[POS] Refrescando cache DBF...
[POS] Cargando DBF...
[POS] MAPRE: 40640
[POS] DPOFE: 2448
[POS] Cache cargado en 1906 ms
[POS] Refrescando cache DBF...
[POS] Cargando DBF...
[POS] MAPRE: 40640
[POS] DPOFE: 2448
[POS] Cache cargado en 1926 ms
[POS] Refrescando cache DBF...
[POS] Cargando DBF...
[POS] MAPRE: 40640
[POS] DPOFE: 2448
[POS] Cache cargado en 1925 ms
[POS] Refrescando cache DBF...
[POS] Cargando DBF...
[POS] MAPRE: 40640
[POS] DPOFE: 2448
[POS] Cache cargado en 1913 ms
[POS] Refrescando cache DBF...
[POS] Cargando DBF...
[POS] MAPRE: 40640
[POS] DPOFE: 2448
[POS] Cache cargado en 1960 ms
[POS] Refrescando cache DBF...
[POS] Cargando DBF...
[POS] MAPRE: 40640
[POS] DPOFE: 2448
[POS] Cache cargado en 1918 ms
[POS] Refrescando cache DBF...
[POS] Cargando DBF...
[POS] MAPRE: 40640
[POS] DPOFE: 2448
[POS] Cache cargado en 1923 ms
[POS] Refrescando cache DBF...
[POS] Cargando DBF...
[POS] MAPRE: 40640
[POS] DPOFE: 2448
[POS] Cache cargado en 1917 ms
[POS] Refrescando cache DBF...
[POS] Cargando DBF...
[POS] MAPRE: 40640
[POS] DPOFE: 2448
[POS] Cache cargado en 1932 ms
[POS] Refrescando cache DBF...
[POS] Cargando DBF...
[POS] MAPRE: 40640
[POS] DPOFE: 2448
[POS] Cache cargado en 1901 ms
[POS] Refrescando cache DBF...
[POS] Cargando DBF...
[POS] MAPRE: 40640
[POS] DPOFE: 2448
[POS] Cache cargado en 1938 ms
[POS] Refrescando cache DBF...
[POS] Cargando DBF...
[POS] MAPRE: 40640
[POS] DPOFE: 2448
[POS] Cache cargado en 1904 ms
[POS] Refrescando cache DBF...
[POS] Cargando DBF...
[POS] MAPRE: 40640
[POS] DPOFE: 2448
[POS] Cache cargado en 1926 ms
[POS] Refrescando cache DBF...
[POS] Cargando DBF...
[POS] MAPRE: 40640
[POS] DPOFE: 2448
[POS] Cache cargado en 1920 ms
[POS] Refrescando cache DBF...
[POS] Cargando DBF...
[POS] MAPRE: 40640
[POS] DPOFE: 2448
[POS] Cache cargado en 1931 ms
[POS] Refrescando cache DBF...
[POS] Cargando DBF...
[POS] MAPRE: 40640
[POS] DPOFE: 2448
[POS] Cache cargado en 1906 ms
[POS] Refrescando cache DBF...
[POS] Cargando DBF...
[POS] MAPRE: 40640
[POS] DPOFE: 2448
[POS] Cache cargado en 1954 ms
[POS] Refrescando cache DBF...
[POS] Cargando DBF...
[POS] MAPRE: 40640
[POS] DPOFE: 2448
[POS] Cache cargado en 1926 ms
[POS] Refrescando cache DBF...
[POS] Cargando DBF...
[POS] MAPRE: 40640
[POS] DPOFE: 2448
[POS] Cache cargado en 1931 ms
[POS] Refrescando cache DBF...
[POS] Cargando DBF...
[POS] MAPRE: 40640
[POS] DPOFE: 2448
[POS] Cache cargado en 1897 ms
[POS] Refrescando cache DBF...
[POS] Cargando DBF...
[POS] MAPRE: 40640
[POS] DPOFE: 2448
[POS] Cache cargado en 1909 ms
[POS] Refrescando cache DBF...
[POS] Cargando DBF...
[POS] MAPRE: 40640
[POS] DPOFE: 2448
[POS] Cache cargado en 1910 ms
[POS] Refrescando cache DBF...
[POS] Cargando DBF...
[POS] MAPRE: 40640
[POS] DPOFE: 2448
[POS] Cache cargado en 1952 ms
[POS] Refrescando cache DBF...
[POS] Cargando DBF...
[POS] MAPRE: 40640
[POS] DPOFE: 2448
[POS] Cache cargado en 1925 ms
[POS] Refrescando cache DBF...
[POS] Cargando DBF...
[POS] MAPRE: 40640
[POS] DPOFE: 2448
[POS] Cache cargado en 1903 ms
[POS] Refrescando cache DBF...
[POS] Cargando DBF...
[POS] MAPRE: 40640
[POS] DPOFE: 2448
[POS] Cache cargado en 1904 ms
[POS] Refrescando cache DBF...
[POS] Cargando DBF...
[POS] MAPRE: 40640
[POS] DPOFE: 2448
[POS] Cache cargado en 1936 ms
[POS] Refrescando cache DBF...
[POS] Cargando DBF...
[POS] MAPRE: 40640
[POS] DPOFE: 2448
[POS] Cache cargado en 1929 ms
[POS] Refrescando cache DBF...
[POS] Cargando DBF...
[POS] MAPRE: 40640
[POS] DPOFE: 2448
[POS] Cache cargado en 1949 ms
[POS] Refrescando cache DBF...
[POS] Cargando DBF...
[POS] MAPRE: 40640
[POS] DPOFE: 2448
[POS] Cache cargado en 1923 ms
[POS] Refrescando cache DBF...
[POS] Cargando DBF...
[POS] MAPRE: 40640
[POS] DPOFE: 2448
[POS] Cache cargado en 1928 ms
[POS] Refrescando cache DBF...
[POS] Cargando DBF...
[POS] MAPRE: 40640
[POS] DPOFE: 2448
[POS] Cache cargado en 1923 ms
[POS] Refrescando cache DBF...
[POS] Cargando DBF...
[POS] MAPRE: 40640
[POS] DPOFE: 2448
[POS] Cache cargado en 1933 ms
[POS] Refrescando cache DBF...
[POS] Cargando DBF...
[POS] MAPRE: 40640
[POS] DPOFE: 2448
[POS] Cache cargado en 1906 ms
[POS] Refrescando cache DBF...
[POS] Cargando DBF...
[POS] MAPRE: 40640
[POS] DPOFE: 2448
[POS] Cache cargado en 1929 ms
[POS] Refrescando cache DBF...
[POS] Cargando DBF...
[POS] MAPRE: 40640
[POS] DPOFE: 2448
[POS] Cache cargado en 1921 ms
[POS] Refrescando cache DBF...
[POS] Cargando DBF...
[POS] MAPRE: 40640
[POS] DPOFE: 2448
[POS] Cache cargado en 1928 ms
[POS] Refrescando cache DBF...
[POS] Cargando DBF...
[POS] MAPRE: 40640
[POS] DPOFE: 2448
[POS] Cache cargado en 1916 ms
[POS] Refrescando cache DBF...
[POS] Cargando DBF...
[POS] MAPRE: 40640
[POS] DPOFE: 2448
[POS] Cache cargado en 1930 ms
[POS] Refrescando cache DBF...
[POS] Cargando DBF...
[POS] MAPRE: 40640
[POS] DPOFE: 2448
[POS] Cache cargado en 1916 ms
[POS] Refrescando cache DBF...
[POS] Cargando DBF...
[POS] MAPRE: 40640
[POS] DPOFE: 2448
[POS] Cache cargado en 1937 ms
[POS] Refrescando cache DBF...
[POS] Cargando DBF...
[POS] MAPRE: 40640
[POS] DPOFE: 2448
[POS] Cache cargado en 1920 ms
[POS] Refrescando cache DBF...
[POS] Cargando DBF...
[POS] MAPRE: 40640
[POS] DPOFE: 2448
[POS] Cache cargado en 1896 ms
[POS] Refrescando cache DBF...
[POS] Cargando DBF...
[POS] MAPRE: 40640
[POS] DPOFE: 2448
[POS] Cache cargado en 1902 ms
[POS] Refrescando cache DBF...
[POS] Cargando DBF...
[POS] MAPRE: 40640
[POS] DPOFE: 2448
[POS] Cache cargado en 1932 ms
[POS] Refrescando cache DBF...
[POS] Cargando DBF...
[POS] MAPRE: 40640
[POS] DPOFE: 2448
[POS] Cache cargado en 1906 ms
[POS] Refrescando cache DBF...
[POS] Cargando DBF...
[POS] MAPRE: 40640
[POS] DPOFE: 2448
[POS] Cache cargado en 1943 ms
[POS] Refrescando cache DBF...
[POS] Cargando DBF...
[POS] MAPRE: 40640
[POS] DPOFE: 2448
[POS] Cache cargado en 1944 ms
[POS] Refrescando cache DBF...
[POS] Cargando DBF...
[POS] MAPRE: 40640
[POS] DPOFE: 2448
[POS] Cache cargado en 1959 ms
[POS] Refrescando cache DBF...
[POS] Cargando DBF...
[POS] MAPRE: 40640
[POS] DPOFE: 2448
[POS] Cache cargado en 1940 ms
[POS] Refrescando cache DBF...
[POS] Cargando DBF...
[POS] MAPRE: 40640
[POS] DPOFE: 2448
[POS] Cache cargado en 1934 ms
[POS] Refrescando cache DBF...
[POS] Cargando DBF...
[POS] MAPRE: 40640
[POS] DPOFE: 2448
[POS] Cache cargado en 1920 ms
[POS] Refrescando cache DBF...
[POS] Cargando DBF...
[POS] MAPRE: 40640
[POS] DPOFE: 2448
[POS] Cache cargado en 1983 ms
[POS] Refrescando cache DBF...
[POS] Cargando DBF...
[POS] MAPRE: 40640
[POS] DPOFE: 2448
[POS] Cache cargado en 1938 ms
[POS] Refrescando cache DBF...
[POS] Cargando DBF...
[POS] MAPRE: 40640
[POS] DPOFE: 2448
[POS] Cache cargado en 1931 ms
[POS] Refrescando cache DBF...
[POS] Cargando DBF...
[POS] MAPRE: 40640
[POS] DPOFE: 2448
[POS] Cache cargado en 1922 ms
[POS] Refrescando cache DBF...
[POS] Cargando DBF...
[POS] MAPRE: 40640
[POS] DPOFE: 2448
[POS] Cache cargado en 1927 ms
[POS] Refrescando cache DBF...
[POS] Cargando DBF...
[POS] MAPRE: 40640
[POS] DPOFE: 2448
[POS] Cache cargado en 1911 ms
[POS] Refrescando cache DBF...
[POS] Cargando DBF...
[POS] MAPRE: 40640
[POS] DPOFE: 2448
[POS] Cache cargado en 1964 ms
[POS] Refrescando cache DBF...
[POS] Cargando DBF...
[POS] MAPRE: 40640
[POS] DPOFE: 2448
[POS] Cache cargado en 1924 ms
[POS] Refrescando cache DBF...
[POS] Cargando DBF...
[POS] MAPRE: 40640
[POS] DPOFE: 2448
[POS] Cache cargado en 1917 ms
[POS] Refrescando cache DBF...
[POS] Cargando DBF...
[POS] MAPRE: 40640
[POS] DPOFE: 2448
[POS] Cache cargado en 1910 ms
[POS] Refrescando cache DBF...
[POS] Cargando DBF...
[POS] MAPRE: 40640
[POS] DPOFE: 2448
[POS] Cache cargado en 1927 ms
[POS] Refrescando cache DBF...
[POS] Cargando DBF...
[POS] MAPRE: 40640
[POS] DPOFE: 2448
[POS] Cache cargado en 1925 ms
[POS] Refrescando cache DBF...
[POS] Cargando DBF...
[POS] MAPRE: 40640
[POS] DPOFE: 2448
[POS] Cache cargado en 1947 ms
[POS] Refrescando cache DBF...
[POS] Cargando DBF...
[POS] MAPRE: 40640
[POS] DPOFE: 2448
[POS] Cache cargado en 1927 ms
[POS] Refrescando cache DBF...
[POS] Cargando DBF...
[POS] MAPRE: 40640
[POS] DPOFE: 2448
[POS] Cache cargado en 1927 ms
[POS] Refrescando cache DBF...
[POS] Cargando DBF...
[POS] MAPRE: 40640
[POS] DPOFE: 2448
[POS] Cache cargado en 1941 ms
[POS] Refrescando cache DBF...
[POS] Cargando DBF...
[POS] MAPRE: 40640
[POS] DPOFE: 2448
[POS] Cache cargado en 1907 ms
[POS] Refrescando cache DBF...
[POS] Cargando DBF...
[POS] MAPRE: 40640
[POS] DPOFE: 2448
[POS] Cache cargado en 1919 ms
[POS] Refrescando cache DBF...
[POS] Cargando DBF...
[POS] MAPRE: 40640
[POS] DPOFE: 2448
[POS] Cache cargado en 1932 ms
[POS] Refrescando cache DBF...
[POS] Cargando DBF...
[POS] MAPRE: 40640
[POS] DPOFE: 2448
[POS] Cache cargado en 1936 ms
[POS] Refrescando cache DBF...
[POS] Cargando DBF...
[POS] MAPRE: 40640
[POS] DPOFE: 2448
[POS] Cache cargado en 1917 ms
[POS] Refrescando cache DBF...
[POS] Cargando DBF...
[POS] MAPRE: 40640
[POS] DPOFE: 2448
[POS] Cache cargado en 1917 ms
[POS] Refrescando cache DBF...
[POS] Cargando DBF...
[POS] MAPRE: 40640
[POS] DPOFE: 2448
[POS] Cache cargado en 1935 ms
[POS] Refrescando cache DBF...
[POS] Cargando DBF...
[POS] MAPRE: 40640
[POS] DPOFE: 2448
[POS] Cache cargado en 1906 ms
[POS] Refrescando cache DBF...
[POS] Cargando DBF...
[POS] MAPRE: 40640
[POS] DPOFE: 2448
[POS] Cache cargado en 1943 ms
[POS] Refrescando cache DBF...
[POS] Cargando DBF...
[POS] MAPRE: 40640
[POS] DPOFE: 2448
[POS] Cache cargado en 1929 ms
[POS] Refrescando cache DBF...
[POS] Cargando DBF...
[POS] MAPRE: 40640
[POS] DPOFE: 2448
[POS] Cache cargado en 1923 ms
[POS] Refrescando cache DBF...
[POS] Cargando DBF...
[POS] MAPRE: 40640
[POS] DPOFE: 2448
[POS] Cache cargado en 1922 ms
[POS] Refrescando cache DBF...
[POS] Cargando DBF...
[POS] MAPRE: 40640
[POS] DPOFE: 2448
[POS] Cache cargado en 1912 ms
[POS] Refrescando cache DBF...
[POS] Cargando DBF...
[POS] MAPRE: 40640
[POS] DPOFE: 2448
[POS] Cache cargado en 1925 ms
[POS] Refrescando cache DBF...
[POS] Cargando DBF...
[POS] MAPRE: 40640
[POS] DPOFE: 2448
[POS] Cache cargado en 1953 ms
[POS] Refrescando cache DBF...
[POS] Cargando DBF...
[POS] MAPRE: 40640
[POS] DPOFE: 2448
[POS] Cache cargado en 1916 ms
[POS] Refrescando cache DBF...
[POS] Cargando DBF...
[POS] MAPRE: 40640
[POS] DPOFE: 2448
[POS] Cache cargado en 1923 ms
[POS] Refrescando cache DBF...
[POS] Cargando DBF...
[POS] MAPRE: 40640
[POS] DPOFE: 2448
[POS] Cache cargado en 1914 ms
[POS] Refrescando cache DBF...
[POS] Cargando DBF...
[POS] MAPRE: 40640
[POS] DPOFE: 2448
[POS] Cache cargado en 1939 ms
[POS] Refrescando cache DBF...
[POS] Cargando DBF...
[POS] MAPRE: 40640
[POS] DPOFE: 2448
[POS] Cache cargado en 1915 ms
[POS] Refrescando cache DBF...
[POS] Cargando DBF...
[POS] MAPRE: 40640
[POS] DPOFE: 2448
[POS] Cache cargado en 1940 ms
[POS] Refrescando cache DBF...
[POS] Cargando DBF...
[POS] MAPRE: 40640
[POS] DPOFE: 2448
[POS] Cache cargado en 1913 ms
[POS] Refrescando cache DBF...
[POS] Cargando DBF...
[POS] MAPRE: 40640
[POS] DPOFE: 2448
[POS] Cache cargado en 1922 ms
[POS] Refrescando cache DBF...
[POS] Cargando DBF...
[POS] MAPRE: 40640
[POS] DPOFE: 2448
[POS] Cache cargado en 1918 ms
[POS] Refrescando cache DBF...
[POS] Cargando DBF...
[POS] MAPRE: 40640
[POS] DPOFE: 2448
[POS] Cache cargado en 1930 ms
[POS] Refrescando cache DBF...
[POS] Cargando DBF...
[POS] MAPRE: 40640
[POS] DPOFE: 2448
[POS] Cache cargado en 1912 ms
[POS] Refrescando cache DBF...
[POS] Cargando DBF...
[POS] MAPRE: 40640
[POS] DPOFE: 2448
[POS] Cache cargado en 1952 ms
[POS] Refrescando cache DBF...
[POS] Cargando DBF...
[POS] MAPRE: 40640
[POS] DPOFE: 2448
[POS] Cache cargado en 1916 ms
[POS] Refrescando cache DBF...
[POS] Cargando DBF...
[POS] MAPRE: 40640
[POS] DPOFE: 2448
[POS] Cache cargado en 1928 ms
[POS] Refrescando cache DBF...
[POS] Cargando DBF...
[POS] MAPRE: 40640
[POS] DPOFE: 2448
[POS] Cache cargado en 1925 ms
[POS] Refrescando cache DBF...
[POS] Cargando DBF...
[POS] MAPRE: 40640
[POS] DPOFE: 2448
[POS] Cache cargado en 1936 ms
[POS] Refrescando cache DBF...
[POS] Cargando DBF...
[POS] MAPRE: 40640
[POS] DPOFE: 2448
[POS] Cache cargado en 1922 ms
[POS] Refrescando cache DBF...
[POS] Cargando DBF...
[POS] MAPRE: 40640
[POS] DPOFE: 2448
[POS] Cache cargado en 1951 ms
[POS] Refrescando cache DBF...
[POS] Cargando DBF...
[POS] MAPRE: 40640
[POS] DPOFE: 2448
[POS] Cache cargado en 1914 ms
[POS] Refrescando cache DBF...
[POS] Cargando DBF...
[POS] MAPRE: 40640
[POS] DPOFE: 2448
[POS] Cache cargado en 1928 ms
[POS] Refrescando cache DBF...
[POS] Cargando DBF...
[POS] MAPRE: 40640
[POS] DPOFE: 2448
[POS] Cache cargado en 1916 ms
[POS] Refrescando cache DBF...
[POS] Cargando DBF...
[POS] MAPRE: 40640
[POS] DPOFE: 2448
[POS] Cache cargado en 1938 ms
[POS] Refrescando cache DBF...
[POS] Cargando DBF...
[POS] MAPRE: 40640
[POS] DPOFE: 2448
[POS] Cache cargado en 1911 ms
[POS] Refrescando cache DBF...
[POS] Cargando DBF...
[POS] MAPRE: 40640
[POS] DPOFE: 2448
[POS] Cache cargado en 1925 ms
[POS] Refrescando cache DBF...
[POS] Cargando DBF...
[POS] MAPRE: 40640
[POS] DPOFE: 2448
[POS] Cache cargado en 1911 ms
[POS] Refrescando cache DBF...
[POS] Cargando DBF...
[POS] MAPRE: 40640
[POS] DPOFE: 2448
[POS] Cache cargado en 1925 ms
[POS] Refrescando cache DBF...
[POS] Cargando DBF...
[POS] MAPRE: 40640
[POS] DPOFE: 2448
[POS] Cache cargado en 1911 ms
[POS] Refrescando cache DBF...
[POS] Cargando DBF...
[POS] MAPRE: 40640
[POS] DPOFE: 2448
[POS] Cache cargado en 1928 ms
[POS] Refrescando cache DBF...
[POS] Cargando DBF...
[POS] MAPRE: 40640
[POS] DPOFE: 2448
[POS] Cache cargado en 1913 ms
[POS] Refrescando cache DBF...
[POS] Cargando DBF...
[POS] MAPRE: 40640
[POS] DPOFE: 2448
[POS] Cache cargado en 1954 ms
[POS] Refrescando cache DBF...
[POS] Cargando DBF...
[POS] MAPRE: 40640
[POS] DPOFE: 2448
[POS] Cache cargado en 1926 ms
[POS] Refrescando cache DBF...
[POS] Cargando DBF...
[POS] MAPRE: 40640
[POS] DPOFE: 2448
[POS] Cache cargado en 1914 ms
[POS] Refrescando cache DBF...
[POS] Cargando DBF...
[POS] MAPRE: 40640
[POS] DPOFE: 2448
[POS] Cache cargado en 1914 ms
[POS] Refrescando cache DBF...
[POS] Cargando DBF...
[POS] MAPRE: 40640
[POS] DPOFE: 2448
[POS] Cache cargado en 1929 ms
[POS] Refrescando cache DBF...
[POS] Cargando DBF...
[POS] MAPRE: 40640
[POS] DPOFE: 2448
[POS] Cache cargado en 1914 ms
[POS] Refrescando cache DBF...
[POS] Cargando DBF...
[POS] MAPRE: 40640
[POS] DPOFE: 2448
[POS] Cache cargado en 1947 ms
[POS] Refrescando cache DBF...
[POS] Cargando DBF...
[POS] MAPRE: 40640
[POS] DPOFE: 2448
[POS] Cache cargado en 1924 ms
[POS] Refrescando cache DBF...
[POS] Cargando DBF...
[POS] MAPRE: 40640
[POS] DPOFE: 2448
[POS] Cache cargado en 1950 ms
[POS] Refrescando cache DBF...
[POS] Cargando DBF...
[POS] MAPRE: 40640
[POS] DPOFE: 2448
[POS] Cache cargado en 1906 ms
[POS] Refrescando cache DBF...
[POS] Cargando DBF...
[POS] MAPRE: 40640
[POS] DPOFE: 2448
[POS] Cache cargado en 1930 ms
[POS] Refrescando cache DBF...
[POS] Cargando DBF...
[POS] MAPRE: 40640
[POS] DPOFE: 2448
[POS] Cache cargado en 1925 ms
[POS] Refrescando cache DBF...
[POS] Cargando DBF...
[POS] MAPRE: 40640
[POS] DPOFE: 2448
[POS] Cache cargado en 1945 ms
[POS] Refrescando cache DBF...
[POS] Cargando DBF...
[POS] MAPRE: 40640
[POS] DPOFE: 2448
[POS] Cache cargado en 1907 ms
[POS] Refrescando cache DBF...
[POS] Cargando DBF...
[POS] MAPRE: 40640
[POS] DPOFE: 2448
[POS] Cache cargado en 1926 ms
[POS] Refrescando cache DBF...
[POS] Cargando DBF...
[POS] MAPRE: 40640
[POS] DPOFE: 2448
[POS] Cache cargado en 1918 ms
[POS] Refrescando cache DBF...
[POS] Cargando DBF...
[POS] MAPRE: 40640
[POS] DPOFE: 2448
[POS] Cache cargado en 1911 ms
[POS] Refrescando cache DBF...
[POS] Cargando DBF...
[POS] MAPRE: 40640
[POS] DPOFE: 2448
[POS] Cache cargado en 1919 ms
[POS] Refrescando cache DBF...
[POS] Cargando DBF...
[POS] MAPRE: 40640
[POS] DPOFE: 2448
[POS] Cache cargado en 1974 ms
[POS] Refrescando cache DBF...
[POS] Cargando DBF...
[POS] MAPRE: 40640
[POS] DPOFE: 2448
[POS] Cache cargado en 1900 ms
[POS] Refrescando cache DBF...
[POS] Cargando DBF...
[POS] MAPRE: 40640
[POS] DPOFE: 2448
[POS] Cache cargado en 1926 ms
[POS] Refrescando cache DBF...
[POS] Cargando DBF...
[POS] MAPRE: 40640
[POS] DPOFE: 2448
[POS] Cache cargado en 1908 ms
[POS] Refrescando cache DBF...
[POS] Cargando DBF...
[POS] MAPRE: 40640
[POS] DPOFE: 2448
[POS] Cache cargado en 1920 ms
[POS] Refrescando cache DBF...
[POS] Cargando DBF...
[POS] MAPRE: 40640
[POS] DPOFE: 2448
[POS] Cache cargado en 1908 ms
[POS] Refrescando cache DBF...
[POS] Cargando DBF...
[POS] MAPRE: 40640
[POS] DPOFE: 2448
[POS] Cache cargado en 1932 ms
[POS] Refrescando cache DBF...
[POS] Cargando DBF...
[POS] MAPRE: 40640
[POS] DPOFE: 2448
[POS] Cache cargado en 1916 ms
[POS] Refrescando cache DBF...
[POS] Cargando DBF...
[POS] MAPRE: 40640
[POS] DPOFE: 2448
[POS] Cache cargado en 1929 ms
[POS] Refrescando cache DBF...
[POS] Cargando DBF...
[POS] MAPRE: 40640
[POS] DPOFE: 2448
[POS] Cache cargado en 1925 ms
[POS] Refrescando cache DBF...
[POS] Cargando DBF...
[POS] MAPRE: 40640
[POS] DPOFE: 2448
[POS] Cache cargado en 1913 ms
[POS] Refrescando cache DBF...
[POS] Cargando DBF...
[POS] MAPRE: 40640
[POS] DPOFE: 2448
[POS] Cache cargado en 1922 ms
[POS] Refrescando cache DBF...
[POS] Cargando DBF...
[POS] MAPRE: 40640
[POS] DPOFE: 2448
[POS] Cache cargado en 1954 ms
[POS] Refrescando cache DBF...
[POS] Cargando DBF...
[POS] MAPRE: 40640
[POS] DPOFE: 2448
[POS] Cache cargado en 1919 ms
[POS] Refrescando cache DBF...
[POS] Cargando DBF...
[POS] MAPRE: 40640
[POS] DPOFE: 2448
[POS] Cache cargado en 1917 ms
[POS] Refrescando cache DBF...
[POS] Cargando DBF...
[POS] MAPRE: 40640
[POS] DPOFE: 2448
[POS] Cache cargado en 1904 ms
[POS] Refrescando cache DBF...
[POS] Cargando DBF...
[POS] MAPRE: 40640
[POS] DPOFE: 2448
[POS] Cache cargado en 1931 ms
[POS] Refrescando cache DBF...
[POS] Cargando DBF...
[POS] MAPRE: 40640
[POS] DPOFE: 2448
[POS] Cache cargado en 1925 ms
[POS] Refrescando cache DBF...
[POS] Cargando DBF...
[POS] MAPRE: 40640
[POS] DPOFE: 2448
[POS] Cache cargado en 1949 ms
[POS] Refrescando cache DBF...
[POS] Cargando DBF...
[POS] MAPRE: 40640
[POS] DPOFE: 2448
[POS] Cache cargado en 1902 ms
[POS] Refrescando cache DBF...
[POS] Cargando DBF...
[POS] MAPRE: 40640
[POS] DPOFE: 2448
[POS] Cache cargado en 1927 ms
[POS] Refrescando cache DBF...
[POS] Cargando DBF...
[POS] MAPRE: 40640
[POS] DPOFE: 2448
[POS] Cache cargado en 1922 ms
[POS] Refrescando cache DBF...
[POS] Cargando DBF...
[POS] MAPRE: 40640
[POS] DPOFE: 2448
[POS] Cache cargado en 1936 ms
[POS] Refrescando cache DBF...
[POS] Cargando DBF...
[POS] MAPRE: 40640
[POS] DPOFE: 2448
[POS] Cache cargado en 1893 ms
[POS] Refrescando cache DBF...
[POS] Cargando DBF...
[POS] MAPRE: 40640
[POS] DPOFE: 2448
[POS] Cache cargado en 1947 ms
[POS] Refrescando cache DBF...
[POS] Cargando DBF...
[POS] MAPRE: 40640
[POS] DPOFE: 2448
[POS] Cache cargado en 1927 ms
[POS] Refrescando cache DBF...
[POS] Cargando DBF...
[POS] MAPRE: 40640
[POS] DPOFE: 2448
[POS] Cache cargado en 1915 ms
[POS] Refrescando cache DBF...
[POS] Cargando DBF...
[POS] MAPRE: 40640
[POS] DPOFE: 2448
[POS] Cache cargado en 1913 ms
[POS] Refrescando cache DBF...
[POS] Cargando DBF...
[POS] MAPRE: 40640
[POS] DPOFE: 2448
[POS] Cache cargado en 1927 ms
[POS] Refrescando cache DBF...
[POS] Cargando DBF...
[POS] MAPRE: 40640
[POS] DPOFE: 2448
[POS] Cache cargado en 1918 ms
[POS] Refrescando cache DBF...
[POS] Cargando DBF...
[POS] MAPRE: 40640
[POS] DPOFE: 2448
[POS] Cache cargado en 1955 ms
[POS] Refrescando cache DBF...
[POS] Cargando DBF...
[POS] MAPRE: 40640
[POS] DPOFE: 2448
[POS] Cache cargado en 1928 ms
[POS] Refrescando cache DBF...
[POS] Cargando DBF...
[POS] MAPRE: 40640
[POS] DPOFE: 2448
[POS] Cache cargado en 1909 ms
[POS] Refrescando cache DBF...
[POS] Cargando DBF...
[POS] MAPRE: 40640
[POS] DPOFE: 2448
[POS] Cache cargado en 1911 ms
[POS] Refrescando cache DBF...
[POS] Cargando DBF...
[POS] MAPRE: 40640
[POS] DPOFE: 2448
[POS] Cache cargado en 1921 ms
[POS] Refrescando cache DBF...
[POS] Cargando DBF...
[POS] MAPRE: 40640
[POS] DPOFE: 2448
[POS] Cache cargado en 1919 ms
[POS] Refrescando cache DBF...
[POS] Cargando DBF...
[POS] MAPRE: 40640
[POS] DPOFE: 2448
[POS] Cache cargado en 1942 ms
[POS] Refrescando cache DBF...
[POS] Cargando DBF...
[POS] MAPRE: 40640
[POS] DPOFE: 2448
[POS] Cache cargado en 1932 ms
[POS] Refrescando cache DBF...
[POS] Cargando DBF...
[POS] MAPRE: 40640
[POS] DPOFE: 2448
[POS] Cache cargado en 1903 ms
[POS] Refrescando cache DBF...
[POS] Cargando DBF...
[POS] MAPRE: 40640
[POS] DPOFE: 2448
[POS] Cache cargado en 1913 ms
[POS] Refrescando cache DBF...
[POS] Cargando DBF...
[POS] MAPRE: 40640
[POS] DPOFE: 2448
[POS] Cache cargado en 1934 ms
[POS] Refrescando cache DBF...
[POS] Cargando DBF...
[POS] MAPRE: 40640
[POS] DPOFE: 2448
[POS] Cache cargado en 1913 ms
[POS] Refrescando cache DBF...
[POS] Cargando DBF...
[POS] MAPRE: 40640
[POS] DPOFE: 2448
[POS] Cache cargado en 1944 ms
[POS] Refrescando cache DBF...
[POS] Cargando DBF...
[POS] MAPRE: 40640
[POS] DPOFE: 2448
[POS] Cache cargado en 1918 ms
[POS] Refrescando cache DBF...
[POS] Cargando DBF...
[POS] MAPRE: 40640
[POS] DPOFE: 2448
[POS] Cache cargado en 1935 ms
[POS] Refrescando cache DBF...
[POS] Cargando DBF...
[POS] MAPRE: 40640
[POS] DPOFE: 2448
[POS] Cache cargado en 1916 ms
[POS] Refrescando cache DBF...
[POS] Cargando DBF...
[POS] MAPRE: 40640
[POS] DPOFE: 2448
[POS] Cache cargado en 1916 ms
[POS] Refrescando cache DBF...
[POS] Cargando DBF...
[POS] MAPRE: 40640
[POS] DPOFE: 2448
[POS] Cache cargado en 1910 ms
[POS] Refrescando cache DBF...
[POS] Cargando DBF...
[POS] MAPRE: 40640
[POS] DPOFE: 2448
[POS] Cache cargado en 1917 ms
[POS] Refrescando cache DBF...
[POS] Cargando DBF...
[POS] MAPRE: 40640
[POS] DPOFE: 2448
[POS] Cache cargado en 1922 ms
[POS] Refrescando cache DBF...
[POS] Cargando DBF...
[POS] MAPRE: 40640
[POS] DPOFE: 2448
[POS] Cache cargado en 1952 ms
[POS] Refrescando cache DBF...
[POS] Cargando DBF...
[POS] MAPRE: 40640
[POS] DPOFE: 2448
[POS] Cache cargado en 1917 ms
[POS] Refrescando cache DBF...
[POS] Cargando DBF...
[POS] MAPRE: 40640
[POS] DPOFE: 2448
[POS] Cache cargado en 1922 ms
[POS] Refrescando cache DBF...
[POS] Cargando DBF...
[POS] MAPRE: 40640
[POS] DPOFE: 2448
[POS] Cache cargado en 1912 ms
[POS] Refrescando cache DBF...
[POS] Cargando DBF...
[POS] MAPRE: 40640
[POS] DPOFE: 2448
[POS] Cache cargado en 1922 ms
[POS] Refrescando cache DBF...
[POS] Cargando DBF...
[POS] MAPRE: 40640
[POS] DPOFE: 2448
[POS] Cache cargado en 1923 ms
[POS] Refrescando cache DBF...
[POS] Cargando DBF...
[POS] MAPRE: 40640
[POS] DPOFE: 2448
[POS] Cache cargado en 1933 ms
[POS] Refrescando cache DBF...
[POS] Cargando DBF...
[POS] MAPRE: 40640
[POS] DPOFE: 2448
[POS] Cache cargado en 1955 ms
[POS] Refrescando cache DBF...
[POS] Cargando DBF...
[POS] MAPRE: 40640
[POS] DPOFE: 2448
[POS] Cache cargado en 1921 ms
[POS] Refrescando cache DBF...
[POS] Cargando DBF...
[POS] MAPRE: 40640
[POS] DPOFE: 2448
[POS] Cache cargado en 1928 ms
[POS] Refrescando cache DBF...
[POS] Cargando DBF...
[POS] MAPRE: 40640
[POS] DPOFE: 2448
[POS] Cache cargado en 1946 ms
[POS] Refrescando cache DBF...
[POS] Cargando DBF...
[POS] MAPRE: 40640
[POS] DPOFE: 2448
[POS] Cache cargado en 1924 ms
[POS] Refrescando cache DBF...
[POS] Cargando DBF...
[POS] MAPRE: 40640
[POS] DPOFE: 2448
[POS] Cache cargado en 1926 ms
[POS] Refrescando cache DBF...
[POS] Cargando DBF...
[POS] MAPRE: 40640
[POS] DPOFE: 2448
[POS] Cache cargado en 1904 ms
[POS] Refrescando cache DBF...
[POS] Cargando DBF...
[POS] MAPRE: 40640
[POS] DPOFE: 2448
[POS] Cache cargado en 1913 ms
[POS] Refrescando cache DBF...
[POS] Cargando DBF...
[POS] MAPRE: 40640
[POS] DPOFE: 2448
[POS] Cache cargado en 1917 ms
[POS] Refrescando cache DBF...
[POS] Cargando DBF...
[POS] MAPRE: 40640
[POS] DPOFE: 2448
[POS] Cache cargado en 1920 ms
[POS] Refrescando cache DBF...
[POS] Cargando DBF...
[POS] MAPRE: 40640
[POS] DPOFE: 2448
[POS] Cache cargado en 1926 ms
[POS] Refrescando cache DBF...
[POS] Cargando DBF...
[POS] MAPRE: 40640
[POS] DPOFE: 2448
[POS] Cache cargado en 1916 ms
[POS] Refrescando cache DBF...
[POS] Cargando DBF...
[POS] MAPRE: 40640
[POS] DPOFE: 2448
[POS] Cache cargado en 1923 ms
[POS] Refrescando cache DBF...
[POS] Cargando DBF...
[POS] MAPRE: 40640
[POS] DPOFE: 2448
[POS] Cache cargado en 1927 ms
[POS] Refrescando cache DBF...
[POS] Cargando DBF...
[POS] MAPRE: 40640
[POS] DPOFE: 2448
[POS] Cache cargado en 1899 ms
[POS] Refrescando cache DBF...
[POS] Cargando DBF...
[POS] MAPRE: 40640
[POS] DPOFE: 2448
[POS] Cache cargado en 1913 ms
[POS] Refrescando cache DBF...
[POS] Cargando DBF...
[POS] MAPRE: 40640
[POS] DPOFE: 2448
[POS] Cache cargado en 1914 ms
[POS] Refrescando cache DBF...
[POS] Cargando DBF...
[POS] MAPRE: 40640
[POS] DPOFE: 2448
[POS] Cache cargado en 1901 ms
[POS] Refrescando cache DBF...
[POS] Cargando DBF...
[POS] MAPRE: 40640
[POS] DPOFE: 2448
[POS] Cache cargado en 1908 ms
[POS] Refrescando cache DBF...
[POS] Cargando DBF...
[POS] MAPRE: 40640
[POS] DPOFE: 2448
[POS] Cache cargado en 1967 ms
[POS] Refrescando cache DBF...
[POS] Cargando DBF...
[POS] MAPRE: 40640
[POS] DPOFE: 2448
[POS] Cache cargado en 1970 ms
[POS] Refrescando cache DBF...
[POS] Cargando DBF...
[POS] MAPRE: 40640
[POS] DPOFE: 2448
[POS] Cache cargado en 1919 ms
[POS] Refrescando cache DBF...
[POS] Cargando DBF...
[POS] MAPRE: 40640
[POS] DPOFE: 2448
[POS] Cache cargado en 1918 ms
[POS] Refrescando cache DBF...
[POS] Cargando DBF...
[POS] MAPRE: 40640
[POS] DPOFE: 2448
[POS] Cache cargado en 1946 ms
[POS] Refrescando cache DBF...
[POS] Cargando DBF...
[POS] MAPRE: 40640
[POS] DPOFE: 2448
[POS] Cache cargado en 1955 ms
[POS] Refrescando cache DBF...
[POS] Cargando DBF...
[POS] MAPRE: 40640
[POS] DPOFE: 2448
[POS] Cache cargado en 1908 ms
[POS] Refrescando cache DBF...
[POS] Cargando DBF...
[POS] MAPRE: 40640
[POS] DPOFE: 2448
[POS] Cache cargado en 1902 ms
[POS] Refrescando cache DBF...
[POS] Cargando DBF...
[POS] MAPRE: 40640
[POS] DPOFE: 2448
[POS] Cache cargado en 1906 ms
[POS] Refrescando cache DBF...
[POS] Cargando DBF...
[POS] MAPRE: 40640
[POS] DPOFE: 2448
[POS] Cache cargado en 1910 ms
[POS] Refrescando cache DBF...
[POS] Cargando DBF...
[POS] MAPRE: 40640
[POS] DPOFE: 2448
[POS] Cache cargado en 1923 ms
[POS] Refrescando cache DBF...
[POS] Cargando DBF...
[POS] MAPRE: 40640
[POS] DPOFE: 2448
[POS] Cache cargado en 1909 ms
[POS] Refrescando cache DBF...
[POS] Cargando DBF...
[POS] MAPRE: 40640
[POS] DPOFE: 2448
[POS] Cache cargado en 1926 ms
[POS] Refrescando cache DBF...
[POS] Cargando DBF...
[POS] MAPRE: 40640
[POS] DPOFE: 2448
[POS] Cache cargado en 1939 ms
[POS] Refrescando cache DBF...
[POS] Cargando DBF...
[POS] MAPRE: 40640
[POS] DPOFE: 2448
[POS] Cache cargado en 1950 ms
[POS] Refrescando cache DBF...
[POS] Cargando DBF...
[POS] MAPRE: 40640
[POS] DPOFE: 2448
[POS] Cache cargado en 1940 ms
[POS] Refrescando cache DBF...
[POS] Cargando DBF...
[POS] MAPRE: 40640
[POS] DPOFE: 2448
[POS] Cache cargado en 1921 ms
[POS] Refrescando cache DBF...
[POS] Cargando DBF...
[POS] MAPRE: 40640
[POS] DPOFE: 2448
[POS] Cache cargado en 1927 ms
[POS] Refrescando cache DBF...
[POS] Cargando DBF...
[POS] MAPRE: 40640
[POS] DPOFE: 2448
[POS] Cache cargado en 1913 ms
[POS] Refrescando cache DBF...
[POS] Cargando DBF...
[POS] MAPRE: 40640
[POS] DPOFE: 2448
[POS] Cache cargado en 1912 ms
[POS] Refrescando cache DBF...
[POS] Cargando DBF...
[POS] MAPRE: 40640
[POS] DPOFE: 2448
[POS] Cache cargado en 1926 ms
[POS] Refrescando cache DBF...
[POS] Cargando DBF...
[POS] MAPRE: 40640
[POS] DPOFE: 2448
[POS] Cache cargado en 1914 ms
[POS] Refrescando cache DBF...
[POS] Cargando DBF...
[POS] MAPRE: 40640
[POS] DPOFE: 2448
[POS] Cache cargado en 1931 ms
[POS] Refrescando cache DBF...
[POS] Cargando DBF...
[POS] MAPRE: 40640
[POS] DPOFE: 2448
[POS] Cache cargado en 1924 ms
[POS] Refrescando cache DBF...
[POS] Cargando DBF...
[POS] MAPRE: 40640
[POS] DPOFE: 2448
[POS] Cache cargado en 1930 ms
[POS] Refrescando cache DBF...
[POS] Cargando DBF...
[POS] MAPRE: 40640
[POS] DPOFE: 2448
[POS] Cache cargado en 1929 ms
[POS] Refrescando cache DBF...
[POS] Cargando DBF...
[POS] MAPRE: 40640
[POS] DPOFE: 2448
[POS] Cache cargado en 1926 ms
[POS] Refrescando cache DBF...
[POS] Cargando DBF...
[POS] MAPRE: 40640
[POS] DPOFE: 2448
[POS] Cache cargado en 1913 ms
[POS] Refrescando cache DBF...
[POS] Cargando DBF...
[POS] MAPRE: 40640
[POS] DPOFE: 2448
[POS] Cache cargado en 1906 ms
[POS] Refrescando cache DBF...
[POS] Cargando DBF...
[POS] MAPRE: 40640
[POS] DPOFE: 2448
[POS] Cache cargado en 1909 ms
[POS] Refrescando cache DBF...
[POS] Cargando DBF...
[POS] MAPRE: 40640
[POS] DPOFE: 2448
[POS] Cache cargado en 1933 ms
[POS] Refrescando cache DBF...
[POS] Cargando DBF...
[POS] MAPRE: 40640
[POS] DPOFE: 2448
[POS] Cache cargado en 1905 ms
[POS] Refrescando cache DBF...
[POS] Cargando DBF...
[POS] MAPRE: 40640
[POS] DPOFE: 2448
[POS] Cache cargado en 1928 ms
[POS] Refrescando cache DBF...
[POS] Cargando DBF...
[POS] MAPRE: 40640
[POS] DPOFE: 2448
[POS] Cache cargado en 1921 ms
[POS] Refrescando cache DBF...
[POS] Cargando DBF...
[POS] MAPRE: 40640
[POS] DPOFE: 2448
[POS] Cache cargado en 1948 ms
[POS] Refrescando cache DBF...
[POS] Cargando DBF...
[POS] MAPRE: 40640
[POS] DPOFE: 2448
[POS] Cache cargado en 1943 ms
[POS] Refrescando cache DBF...
[POS] Cargando DBF...
[POS] MAPRE: 40640
[POS] DPOFE: 2448
[POS] Cache cargado en 1933 ms
[POS] Refrescando cache DBF...
[POS] Cargando DBF...
[POS] MAPRE: 40640
[POS] DPOFE: 2448
[POS] Cache cargado en 1940 ms
[POS] Refrescando cache DBF...
[POS] Cargando DBF...
[POS] MAPRE: 40640
[POS] DPOFE: 2448
[POS] Cache cargado en 1919 ms
[POS] Refrescando cache DBF...
[POS] Cargando DBF...
[POS] MAPRE: 40640
[POS] DPOFE: 2448
[POS] Cache cargado en 1916 ms
[POS] Refrescando cache DBF...
[POS] Cargando DBF...
[POS] MAPRE: 40640
[POS] DPOFE: 2448
[POS] Cache cargado en 1920 ms
[POS] Refrescando cache DBF...
[POS] Cargando DBF...
[POS] MAPRE: 40640
[POS] DPOFE: 2448
[POS] Cache cargado en 1888 ms
[POS] Refrescando cache DBF...
[POS] Cargando DBF...
[POS] MAPRE: 40640
[POS] DPOFE: 2448
[POS] Cache cargado en 1941 ms
[POS] Refrescando cache DBF...
[POS] Cargando DBF...
[POS] MAPRE: 40640
[POS] DPOFE: 2448
[POS] Cache cargado en 1917 ms
[POS] Refrescando cache DBF...
[POS] Cargando DBF...
[POS] MAPRE: 40640
[POS] DPOFE: 2448
[POS] Cache cargado en 1963 ms
[POS] Refrescando cache DBF...
[POS] Cargando DBF...
[POS] MAPRE: 40640
[POS] DPOFE: 2448
[POS] Cache cargado en 1936 ms
[POS] Refrescando cache DBF...
[POS] Cargando DBF...
[POS] MAPRE: 40640
[POS] DPOFE: 2448
[POS] Cache cargado en 1919 ms
[POS] Refrescando cache DBF...
[POS] Cargando DBF...
[POS] MAPRE: 40640
[POS] DPOFE: 2448
[POS] Cache cargado en 1906 ms
[POS] Refrescando cache DBF...
[POS] Cargando DBF...
[POS] MAPRE: 40640
[POS] DPOFE: 2448
[POS] Cache cargado en 1932 ms
[POS] Refrescando cache DBF...
[POS] Cargando DBF...
[POS] MAPRE: 40640
[POS] DPOFE: 2448
[POS] Cache cargado en 1911 ms
[POS] Refrescando cache DBF...
[POS] Cargando DBF...
[POS] MAPRE: 40640
[POS] DPOFE: 2448
[POS] Cache cargado en 1920 ms
[POS] Refrescando cache DBF...
[POS] Cargando DBF...
[POS] MAPRE: 40640
[POS] DPOFE: 2448
[POS] Cache cargado en 1918 ms
[POS] Refrescando cache DBF...
[POS] Cargando DBF...
[POS] MAPRE: 40640
[POS] DPOFE: 2448
[POS] Cache cargado en 1916 ms
[POS] Refrescando cache DBF...
[POS] Cargando DBF...
[POS] MAPRE: 40640
[POS] DPOFE: 2448
[POS] Cache cargado en 1917 ms
[POS] Refrescando cache DBF...
[POS] Cargando DBF...
[POS] MAPRE: 40640
[POS] DPOFE: 2448
[POS] Cache cargado en 1953 ms
[POS] Refrescando cache DBF...
[POS] Cargando DBF...
[POS] MAPRE: 40640
[POS] DPOFE: 2448
[POS] Cache cargado en 1925 ms
[POS] Refrescando cache DBF...
[POS] Cargando DBF...
[POS] MAPRE: 40640
[POS] DPOFE: 2448
[POS] Cache cargado en 1913 ms
[POS] Refrescando cache DBF...
[POS] Cargando DBF...
[POS] MAPRE: 40640
[POS] DPOFE: 2448
[POS] Cache cargado en 1930 ms
[POS] Refrescando cache DBF...
[POS] Cargando DBF...
[POS] MAPRE: 40640
[POS] DPOFE: 2448
[POS] Cache cargado en 1921 ms
[POS] Refrescando cache DBF...
[POS] Cargando DBF...
[POS] MAPRE: 40640
[POS] DPOFE: 2448
[POS] Cache cargado en 1925 ms
[POS] Refrescando cache DBF...
[POS] Cargando DBF...
[POS] MAPRE: 40640
[POS] DPOFE: 2448
[POS] Cache cargado en 1907 ms
[POS] Refrescando cache DBF...
[POS] Cargando DBF...
[POS] MAPRE: 40640
[POS] DPOFE: 2448
[POS] Cache cargado en 1911 ms
[POS] Refrescando cache DBF...
[POS] Cargando DBF...
[POS] MAPRE: 40640
[POS] DPOFE: 2448
[POS] Cache cargado en 1917 ms
[POS] Refrescando cache DBF...
[POS] Cargando DBF...
[POS] MAPRE: 40640
[POS] DPOFE: 2448
[POS] Cache cargado en 1929 ms
[POS] Refrescando cache DBF...
[POS] Cargando DBF...
[POS] MAPRE: 40640
[POS] DPOFE: 2448
[POS] Cache cargado en 1952 ms
[POS] Refrescando cache DBF...
[POS] Cargando DBF...
[POS] MAPRE: 40640
[POS] DPOFE: 2448
[POS] Cache cargado en 1934 ms
[POS] Refrescando cache DBF...
[POS] Cargando DBF...
[POS] MAPRE: 40640
[POS] DPOFE: 2448
[POS] Cache cargado en 1923 ms
[POS] Refrescando cache DBF...
[POS] Cargando DBF...
[POS] MAPRE: 40640
[POS] DPOFE: 2448
[POS] Cache cargado en 1906 ms
[POS] Refrescando cache DBF...
[POS] Cargando DBF...
[POS] MAPRE: 40640
[POS] DPOFE: 2448
[POS] Cache cargado en 1918 ms
[POS] Refrescando cache DBF...
[POS] Cargando DBF...
[POS] MAPRE: 40640
[POS] DPOFE: 2448
[POS] Cache cargado en 1919 ms
[POS] Refrescando cache DBF...
[POS] Cargando DBF...
[POS] MAPRE: 40640
[POS] DPOFE: 2448
[POS] Cache cargado en 1914 ms
[POS] Refrescando cache DBF...
[POS] Cargando DBF...
[POS] MAPRE: 40640
[POS] DPOFE: 2448
[POS] Cache cargado en 1901 ms
[POS] Refrescando cache DBF...
[POS] Cargando DBF...
[POS] MAPRE: 40640
[POS] DPOFE: 2448
[POS] Cache cargado en 1892 ms
[POS] Refrescando cache DBF...
[POS] Cargando DBF...
[POS] MAPRE: 40640
[POS] DPOFE: 2448
[POS] Cache cargado en 1933 ms
[POS] Refrescando cache DBF...
[POS] Cargando DBF...
[POS] MAPRE: 40640
[POS] DPOFE: 2448
[POS] Cache cargado en 1939 ms
[POS] Refrescando cache DBF...
[POS] Cargando DBF...
[POS] MAPRE: 40640
[POS] DPOFE: 2448
[POS] Cache cargado en 1917 ms
[POS] Refrescando cache DBF...
[POS] Cargando DBF...
[POS] MAPRE: 40640
[POS] DPOFE: 2448
[POS] Cache cargado en 1926 ms
[POS] Refrescando cache DBF...
[POS] Cargando DBF...
[POS] MAPRE: 40640
[POS] DPOFE: 2448
[POS] Cache cargado en 1921 ms
[POS] Refrescando cache DBF...
[POS] Cargando DBF...
[POS] MAPRE: 40640
[POS] DPOFE: 2448
[POS] Cache cargado en 1918 ms
[POS] Refrescando cache DBF...
[POS] Cargando DBF...
[POS] MAPRE: 40640
[POS] DPOFE: 2448
[POS] Cache cargado en 1920 ms
[POS] Refrescando cache DBF...
[POS] Cargando DBF...
[POS] MAPRE: 40640
[POS] DPOFE: 2448
[POS] Cache cargado en 1912 ms
[POS] Refrescando cache DBF...
[POS] Cargando DBF...
[POS] MAPRE: 40640
[POS] DPOFE: 2448
[POS] Cache cargado en 1923 ms
[POS] Refrescando cache DBF...
[POS] Cargando DBF...
[POS] MAPRE: 40640
[POS] DPOFE: 2448
[POS] Cache cargado en 1925 ms
[POS] Refrescando cache DBF...
[POS] Cargando DBF...
[POS] MAPRE: 40640
[POS] DPOFE: 2448
[POS] Cache cargado en 1930 ms
[POS] Refrescando cache DBF...
[POS] Cargando DBF...
[POS] MAPRE: 40640
[POS] DPOFE: 2448
[POS] Cache cargado en 1947 ms
[POS] Refrescando cache DBF...
[POS] Cargando DBF...
[POS] MAPRE: 40640
[POS] DPOFE: 2448
[POS] Cache cargado en 1933 ms
[POS] Refrescando cache DBF...
[POS] Cargando DBF...
[POS] MAPRE: 40640
[POS] DPOFE: 2448
[POS] Cache cargado en 1926 ms
[POS] Refrescando cache DBF...
[POS] Cargando DBF...
[POS] MAPRE: 40640
[POS] DPOFE: 2448
[POS] Cache cargado en 1889 ms
[POS] Refrescando cache DBF...
[POS] Cargando DBF...
[POS] MAPRE: 40640
[POS] DPOFE: 2448
[POS] Cache cargado en 1941 ms
[POS] Refrescando cache DBF...
[POS] Cargando DBF...
[POS] MAPRE: 40640
[POS] DPOFE: 2448
[POS] Cache cargado en 1929 ms
[POS] Refrescando cache DBF...
[POS] Cargando DBF...
[POS] MAPRE: 40640
[POS] DPOFE: 2448
[POS] Cache cargado en 1921 ms
[POS] Refrescando cache DBF...
[POS] Cargando DBF...
[POS] MAPRE: 40640
[POS] DPOFE: 2448
[POS] Cache cargado en 1929 ms
[POS] Refrescando cache DBF...
[POS] Cargando DBF...
[POS] MAPRE: 40640
[POS] DPOFE: 2448
[POS] Cache cargado en 1918 ms
[POS] Refrescando cache DBF...
[POS] Cargando DBF...
[POS] MAPRE: 40640
[POS] DPOFE: 2448
[POS] Cache cargado en 1948 ms
[POS] Refrescando cache DBF...
[POS] Cargando DBF...
[POS] MAPRE: 40640
[POS] DPOFE: 2448
[POS] Cache cargado en 1953 ms
[POS] Refrescando cache DBF...
[POS] Cargando DBF...
[POS] MAPRE: 40640
[POS] DPOFE: 2448
[POS] Cache cargado en 1937 ms
[POS] Refrescando cache DBF...
[POS] Cargando DBF...
[POS] MAPRE: 40640
[POS] DPOFE: 2448
[POS] Cache cargado en 1917 ms
[POS] Refrescando cache DBF...
[POS] Cargando DBF...
[POS] MAPRE: 40640
[POS] DPOFE: 2448
[POS] Cache cargado en 1916 ms
[POS] Refrescando cache DBF...
[POS] Cargando DBF...
[POS] MAPRE: 40640
[POS] DPOFE: 2448
[POS] Cache cargado en 1906 ms
[POS] Refrescando cache DBF...
[POS] Cargando DBF...
[POS] MAPRE: 40640
[POS] DPOFE: 2448
[POS] Cache cargado en 1926 ms
[POS] Refrescando cache DBF...
[POS] Cargando DBF...
[POS] MAPRE: 40640
[POS] DPOFE: 2448
[POS] Cache cargado en 1919 ms
[POS] Refrescando cache DBF...
[POS] Cargando DBF...
[POS] MAPRE: 40640
[POS] DPOFE: 2448
[POS] Cache cargado en 1888 ms
[POS] Refrescando cache DBF...
[POS] Cargando DBF...
[POS] MAPRE: 40640
[POS] DPOFE: 2448
[POS] Cache cargado en 1906 ms
[POS] Refrescando cache DBF...
[POS] Cargando DBF...
[POS] MAPRE: 40640
[POS] DPOFE: 2448
[POS] Cache cargado en 1911 ms
[POS] Refrescando cache DBF...
[POS] Cargando DBF...
[POS] MAPRE: 40640
[POS] DPOFE: 2448
[POS] Cache cargado en 1930 ms
[POS] Refrescando cache DBF...
[POS] Cargando DBF...
[POS] MAPRE: 40640
[POS] DPOFE: 2448
[POS] Cache cargado en 1897 ms
[POS] Refrescando cache DBF...
[POS] Cargando DBF...
[POS] MAPRE: 40640
[POS] DPOFE: 2448
[POS] Cache cargado en 1922 ms
[POS] Refrescando cache DBF...
[POS] Cargando DBF...
[POS] MAPRE: 40640
[POS] DPOFE: 2448
[POS] Cache cargado en 1926 ms
[POS] Refrescando cache DBF...
[POS] Cargando DBF...
[POS] MAPRE: 40640
[POS] DPOFE: 2448
[POS] Cache cargado en 1904 ms
[POS] Refrescando cache DBF...
[POS] Cargando DBF...
[POS] MAPRE: 40640
[POS] DPOFE: 2448
[POS] Cache cargado en 1921 ms
[POS] Refrescando cache DBF...
[POS] Cargando DBF...
[POS] MAPRE: 40640
[POS] DPOFE: 2448
[POS] Cache cargado en 1978 ms
[POS] Refrescando cache DBF...
[POS] Cargando DBF...
[POS] MAPRE: 40640
[POS] DPOFE: 2448
[POS] Cache cargado en 1978 ms
[POS] Refrescando cache DBF...
[POS] Cargando DBF...
[POS] MAPRE: 40640
[POS] DPOFE: 2448
[POS] Cache cargado en 1906 ms
[POS] Refrescando cache DBF...
[POS] Cargando DBF...
[POS] MAPRE: 40640
[POS] DPOFE: 2448
[POS] Cache cargado en 1919 ms
[POS] Refrescando cache DBF...
[POS] Cargando DBF...
[POS] MAPRE: 40640
[POS] DPOFE: 2448
[POS] Cache cargado en 1951 ms
[POS] Refrescando cache DBF...
[POS] Cargando DBF...
[POS] MAPRE: 40640
[POS] DPOFE: 2448
[POS] Cache cargado en 1940 ms
[POS] Refrescando cache DBF...
[POS] Cargando DBF...
[POS] MAPRE: 40640
[POS] DPOFE: 2448
[POS] Cache cargado en 1915 ms
[POS] Refrescando cache DBF...
[POS] Cargando DBF...
[POS] MAPRE: 40640
[POS] DPOFE: 2448
[POS] Cache cargado en 1917 ms
[POS] Refrescando cache DBF...
[POS] Cargando DBF...
[POS] MAPRE: 40640
[POS] DPOFE: 2448
[POS] Cache cargado en 1895 ms
[POS] Refrescando cache DBF...
[POS] Cargando DBF...
[POS] MAPRE: 40640
[POS] DPOFE: 2448
[POS] Cache cargado en 1913 ms
[POS] Refrescando cache DBF...
[POS] Cargando DBF...
[POS] MAPRE: 40640
[POS] DPOFE: 2448
[POS] Cache cargado en 1921 ms
[POS] Refrescando cache DBF...
[POS] Cargando DBF...
[POS] MAPRE: 40640
[POS] DPOFE: 2448
[POS] Cache cargado en 1903 ms
[POS] Refrescando cache DBF...
[POS] Cargando DBF...
[POS] MAPRE: 40640
[POS] DPOFE: 2448
[POS] Cache cargado en 1916 ms
[POS] Refrescando cache DBF...
[POS] Cargando DBF...
[POS] MAPRE: 40640
[POS] DPOFE: 2448
[POS] Cache cargado en 1928 ms
[POS] Refrescando cache DBF...
[POS] Cargando DBF...
[POS] MAPRE: 40640
[POS] DPOFE: 2448
[POS] Cache cargado en 1952 ms
[POS] Refrescando cache DBF...
[POS] Cargando DBF...
[POS] MAPRE: 40640
[POS] DPOFE: 2448
[POS] Cache cargado en 1962 ms
[POS] Refrescando cache DBF...
[POS] Cargando DBF...
[POS] MAPRE: 40640
[POS] DPOFE: 2448
[POS] Cache cargado en 1915 ms
[POS] Refrescando cache DBF...
[POS] Cargando DBF...
[POS] MAPRE: 40640
[POS] DPOFE: 2448
[POS] Cache cargado en 1906 ms
[POS] Refrescando cache DBF...
[POS] Cargando DBF...
[POS] MAPRE: 40640
[POS] DPOFE: 2448
[POS] Cache cargado en 1929 ms
[POS] Refrescando cache DBF...
[POS] Cargando DBF...
[POS] MAPRE: 40640
[POS] DPOFE: 2448
[POS] Cache cargado en 1961 ms
[POS] Refrescando cache DBF...
[POS] Cargando DBF...
[POS] MAPRE: 40640
[POS] DPOFE: 2448
[POS] Cache cargado en 1937 ms
[POS] Refrescando cache DBF...
[POS] Cargando DBF...
[POS] MAPRE: 40640
[POS] DPOFE: 2448
[POS] Cache cargado en 1925 ms
[POS] Refrescando cache DBF...
[POS] Cargando DBF...
[POS] MAPRE: 40640
[POS] DPOFE: 2448
[POS] Cache cargado en 1931 ms
[POS] Refrescando cache DBF...
[POS] Cargando DBF...
[POS] MAPRE: 40640
[POS] DPOFE: 2448
[POS] Cache cargado en 1956 ms
[POS] Refrescando cache DBF...
[POS] Cargando DBF...
[POS] MAPRE: 40640
[POS] DPOFE: 2448
[POS] Cache cargado en 1962 ms
[POS] Refrescando cache DBF...
[POS] Cargando DBF...
[POS] MAPRE: 40640
[POS] DPOFE: 2448
[POS] Cache cargado en 1939 ms
[POS] Refrescando cache DBF...
[POS] Cargando DBF...
[POS] MAPRE: 40640
[POS] DPOFE: 2448
[POS] Cache cargado en 1929 ms
[POS] Refrescando cache DBF...
[POS] Cargando DBF...
[POS] MAPRE: 40640
[POS] DPOFE: 2448
[POS] Cache cargado en 1936 ms
[POS] Refrescando cache DBF...
[POS] Cargando DBF...
[POS] MAPRE: 40640
[POS] DPOFE: 2448
[POS] Cache cargado en 1925 ms
[POS] Refrescando cache DBF...
[POS] Cargando DBF...
[POS] MAPRE: 40640
[POS] DPOFE: 2448
[POS] Cache cargado en 1930 ms
[POS] Refrescando cache DBF...
[POS] Cargando DBF...
[POS] MAPRE: 40640
[POS] DPOFE: 2448
[POS] Cache cargado en 1922 ms
[POS] Refrescando cache DBF...
[POS] Cargando DBF...
[POS] MAPRE: 40640
[POS] DPOFE: 2448
[POS] Cache cargado en 1921 ms
[POS] Refrescando cache DBF...
[POS] Cargando DBF...
[POS] MAPRE: 40640
[POS] DPOFE: 2448
[POS] Cache cargado en 1931 ms
[POS] Refrescando cache DBF...
[POS] Cargando DBF...
[POS] MAPRE: 40640
[POS] DPOFE: 2448
[POS] Cache cargado en 1906 ms
[POS] Refrescando cache DBF...
[POS] Cargando DBF...
[POS] MAPRE: 40640
[POS] DPOFE: 2448
[POS] Cache cargado en 1946 ms
[POS] Refrescando cache DBF...
[POS] Cargando DBF...
[POS] MAPRE: 40640
[POS] DPOFE: 2448
[POS] Cache cargado en 1943 ms
[POS] Refrescando cache DBF...
[POS] Cargando DBF...
[POS] MAPRE: 40640
[POS] DPOFE: 2448
[POS] Cache cargado en 1917 ms
[POS] Refrescando cache DBF...
[POS] Cargando DBF...
[POS] MAPRE: 40640
[POS] DPOFE: 2448
[POS] Cache cargado en 1924 ms
[POS] Refrescando cache DBF...
[POS] Cargando DBF...
[POS] MAPRE: 40640
[POS] DPOFE: 2448
[POS] Cache cargado en 1929 ms
[POS] Refrescando cache DBF...
[POS] Cargando DBF...
[POS] MAPRE: 40640
[POS] DPOFE: 2448
[POS] Cache cargado en 1919 ms
[POS] Refrescando cache DBF...
[POS] Cargando DBF...
[POS] MAPRE: 40640
[POS] DPOFE: 2448
[POS] Cache cargado en 1890 ms
[POS] Refrescando cache DBF...
[POS] Cargando DBF...
[POS] MAPRE: 40640
[POS] DPOFE: 2448
[POS] Cache cargado en 1907 ms
[POS] Refrescando cache DBF...
[POS] Cargando DBF...
[POS] MAPRE: 40640
[POS] DPOFE: 2448
[POS] Cache cargado en 1919 ms
[POS] Refrescando cache DBF...
[POS] Cargando DBF...
[POS] MAPRE: 40640
[POS] DPOFE: 2448
[POS] Cache cargado en 1924 ms
[POS] Refrescando cache DBF...
[POS] Cargando DBF...
[POS] MAPRE: 40640
[POS] DPOFE: 2448
[POS] Cache cargado en 1954 ms
[POS] Refrescando cache DBF...
[POS] Cargando DBF...
[POS] MAPRE: 40640
[POS] DPOFE: 2448
[POS] Cache cargado en 1947 ms
[POS] Refrescando cache DBF...
[POS] Cargando DBF...
[POS] MAPRE: 40640
[POS] DPOFE: 2448
[POS] Cache cargado en 1929 ms
[POS] Refrescando cache DBF...
[POS] Cargando DBF...
[POS] MAPRE: 40640
[POS] DPOFE: 2448
[POS] Cache cargado en 1930 ms
[POS] Refrescando cache DBF...
[POS] Cargando DBF...
[POS] MAPRE: 40640
[POS] DPOFE: 2448
[POS] Cache cargado en 1920 ms
[POS] Refrescando cache DBF...
[POS] Cargando DBF...
[POS] MAPRE: 40640
[POS] DPOFE: 2448
[POS] Cache cargado en 1925 ms
[POS] Refrescando cache DBF...
[POS] Cargando DBF...
[POS] MAPRE: 40640
[POS] DPOFE: 2448
[POS] Cache cargado en 1898 ms
[POS] Refrescando cache DBF...
[POS] Cargando DBF...
[POS] MAPRE: 40640
[POS] DPOFE: 2448
[POS] Cache cargado en 1904 ms
[POS] Refrescando cache DBF...
[POS] Cargando DBF...
[POS] MAPRE: 40640
[POS] DPOFE: 2448
[POS] Cache cargado en 1923 ms
[POS] Refrescando cache DBF...
[POS] Cargando DBF...
[POS] MAPRE: 40640
[POS] DPOFE: 2448
[POS] Cache cargado en 1912 ms
[POS] Refrescando cache DBF...
[POS] Cargando DBF...
[POS] MAPRE: 40640
[POS] DPOFE: 2448
[POS] Cache cargado en 1958 ms
[POS] Refrescando cache DBF...
[POS] Cargando DBF...
[POS] MAPRE: 40640
[POS] DPOFE: 2448
[POS] Cache cargado en 1934 ms
[POS] Refrescando cache DBF...
[POS] Cargando DBF...
[POS] MAPRE: 40640
[POS] DPOFE: 2448
[POS] Cache cargado en 1922 ms
[POS] Refrescando cache DBF...
[POS] Cargando DBF...
[POS] MAPRE: 40640
[POS] DPOFE: 2448
[POS] Cache cargado en 1911 ms
[POS] Refrescando cache DBF...
[POS] Cargando DBF...
[POS] MAPRE: 40640
[POS] DPOFE: 2448
[POS] Cache cargado en 1922 ms
[POS] Refrescando cache DBF...
[POS] Cargando DBF...
[POS] MAPRE: 40640
[POS] DPOFE: 2448
[POS] Cache cargado en 1918 ms
[POS] Refrescando cache DBF...
[POS] Cargando DBF...
[POS] MAPRE: 40640
[POS] DPOFE: 2448
[POS] Cache cargado en 1947 ms
[POS] Refrescando cache DBF...
[POS] Cargando DBF...
[POS] MAPRE: 40640
[POS] DPOFE: 2448
[POS] Cache cargado en 1916 ms
[POS] Refrescando cache DBF...
[POS] Cargando DBF...
[POS] MAPRE: 40640
[POS] DPOFE: 2448
[POS] Cache cargado en 1918 ms
[POS] Refrescando cache DBF...
[POS] Cargando DBF...
[POS] MAPRE: 40640
[POS] DPOFE: 2448
[POS] Cache cargado en 1913 ms
[POS] Refrescando cache DBF...
[POS] Cargando DBF...
[POS] MAPRE: 40640
[POS] DPOFE: 2448
[POS] Cache cargado en 1936 ms
[POS] Refrescando cache DBF...
[POS] Cargando DBF...
[POS] MAPRE: 40640
[POS] DPOFE: 2448
[POS] Cache cargado en 1916 ms
[POS] Refrescando cache DBF...
[POS] Cargando DBF...
[POS] MAPRE: 40640
[POS] DPOFE: 2448
[POS] Cache cargado en 1943 ms
[POS] Refrescando cache DBF...
[POS] Cargando DBF...
[POS] MAPRE: 40640
[POS] DPOFE: 2448
[POS] Cache cargado en 1912 ms
[POS] Refrescando cache DBF...
[POS] Cargando DBF...
[POS] MAPRE: 40640
[POS] DPOFE: 2448
[POS] Cache cargado en 1912 ms
[POS] Refrescando cache DBF...
[POS] Cargando DBF...
[POS] MAPRE: 40640
[POS] DPOFE: 2448
[POS] Cache cargado en 1914 ms
[POS] Refrescando cache DBF...
[POS] Cargando DBF...
[POS] MAPRE: 40640
[POS] DPOFE: 2448
[POS] Cache cargado en 1968 ms
[POS] Refrescando cache DBF...
[POS] Cargando DBF...
[POS] MAPRE: 40640
[POS] DPOFE: 2448
[POS] Cache cargado en 1958 ms
[POS] Refrescando cache DBF...
[POS] Cargando DBF...
[POS] MAPRE: 40640
[POS] DPOFE: 2448
[POS] Cache cargado en 1901 ms
[POS] Refrescando cache DBF...
[POS] Cargando DBF...
[POS] MAPRE: 40640
[POS] DPOFE: 2448
[POS] Cache cargado en 1916 ms
[POS] Refrescando cache DBF...
[POS] Cargando DBF...
[POS] MAPRE: 40640
[POS] DPOFE: 2448
[POS] Cache cargado en 1948 ms
[POS] Refrescando cache DBF...
[POS] Cargando DBF...
[POS] MAPRE: 40640
[POS] DPOFE: 2448
[POS] Cache cargado en 1930 ms
[POS] Refrescando cache DBF...
[POS] Cargando DBF...
[POS] MAPRE: 40640
[POS] DPOFE: 2448
[POS] Cache cargado en 1906 ms
[POS] Refrescando cache DBF...
[POS] Cargando DBF...
[POS] MAPRE: 40640
[POS] DPOFE: 2448
[POS] Cache cargado en 1914 ms
[POS] Refrescando cache DBF...
[POS] Cargando DBF...
[POS] MAPRE: 40640
[POS] DPOFE: 2448
[POS] Cache cargado en 1919 ms
[POS] Refrescando cache DBF...
[POS] Cargando DBF...
[POS] MAPRE: 40640
[POS] DPOFE: 2448
[POS] Cache cargado en 1933 ms
[POS] Refrescando cache DBF...
[POS] Cargando DBF...
[POS] MAPRE: 40640
[POS] DPOFE: 2448
[POS] Cache cargado en 1924 ms
[POS] Refrescando cache DBF...
[POS] Cargando DBF...
[POS] MAPRE: 40640
[POS] DPOFE: 2448
[POS] Cache cargado en 1909 ms
[POS] Refrescando cache DBF...
[POS] Cargando DBF...
[POS] MAPRE: 40640
[POS] DPOFE: 2448
[POS] Cache cargado en 1911 ms
[POS] Refrescando cache DBF...
[POS] Cargando DBF...
[POS] MAPRE: 40640
[POS] DPOFE: 2448
[POS] Cache cargado en 1915 ms
[POS] Refrescando cache DBF...
[POS] Cargando DBF...
[POS] MAPRE: 40640
[POS] DPOFE: 2448
[POS] Cache cargado en 1952 ms
[POS] Refrescando cache DBF...
[POS] Cargando DBF...
[POS] MAPRE: 40640
[POS] DPOFE: 2448
[POS] Cache cargado en 1939 ms
[POS] Refrescando cache DBF...
[POS] Cargando DBF...
[POS] MAPRE: 40640
[POS] DPOFE: 2448
[POS] Cache cargado en 1901 ms
[POS] Refrescando cache DBF...
[POS] Cargando DBF...
[POS] MAPRE: 40640
[POS] DPOFE: 2448
[POS] Cache cargado en 1904 ms
[POS] Refrescando cache DBF...
[POS] Cargando DBF...
[POS] MAPRE: 40640
[POS] DPOFE: 2448
[POS] Cache cargado en 1926 ms
[POS] Refrescando cache DBF...
[POS] Cargando DBF...
[POS] MAPRE: 40640
[POS] DPOFE: 2448
[POS] Cache cargado en 1928 ms
[POS] Refrescando cache DBF...
[POS] Cargando DBF...
[POS] MAPRE: 40640
[POS] DPOFE: 2448
[POS] Cache cargado en 1910 ms
[POS] Refrescando cache DBF...
[POS] Cargando DBF...
[POS] MAPRE: 40640
[POS] DPOFE: 2448
[POS] Cache cargado en 1902 ms
[POS] Refrescando cache DBF...
[POS] Cargando DBF...
[POS] MAPRE: 40640
[POS] DPOFE: 2448
[POS] Cache cargado en 1915 ms
[POS] Refrescando cache DBF...
[POS] Cargando DBF...
[POS] MAPRE: 40640
[POS] DPOFE: 2448
[POS] Cache cargado en 1928 ms
[POS] Refrescando cache DBF...
[POS] Cargando DBF...
[POS] MAPRE: 40640
[POS] DPOFE: 2448
[POS] Cache cargado en 1955 ms
[POS] Refrescando cache DBF...
[POS] Cargando DBF...
[POS] MAPRE: 40640
[POS] DPOFE: 2448
[POS] Cache cargado en 1938 ms
[POS] Refrescando cache DBF...
[POS] Cargando DBF...
[POS] MAPRE: 40640
[POS] DPOFE: 2448
[POS] Cache cargado en 1946 ms
[POS] Refrescando cache DBF...
[POS] Cargando DBF...
[POS] MAPRE: 40640
[POS] DPOFE: 2448
[POS] Cache cargado en 1925 ms
[POS] Refrescando cache DBF...
[POS] Cargando DBF...
[POS] MAPRE: 40640
[POS] DPOFE: 2448
[POS] Cache cargado en 1931 ms
[POS] Refrescando cache DBF...
[POS] Cargando DBF...
[POS] MAPRE: 40640
[POS] DPOFE: 2448
[POS] Cache cargado en 1913 ms
[POS] Refrescando cache DBF...
[POS] Cargando DBF...
[POS] MAPRE: 40640
[POS] DPOFE: 2448
[POS] Cache cargado en 1924 ms
[POS] Refrescando cache DBF...
[POS] Cargando DBF...
[POS] MAPRE: 40640
[POS] DPOFE: 2448
[POS] Cache cargado en 1929 ms
[POS] Refrescando cache DBF...
[POS] Cargando DBF...
[POS] MAPRE: 40640
[POS] DPOFE: 2448
[POS] Cache cargado en 1920 ms
[POS] Refrescando cache DBF...
[POS] Cargando DBF...
[POS] MAPRE: 40640
[POS] DPOFE: 2448
[POS] Cache cargado en 1923 ms
[POS] Refrescando cache DBF...
[POS] Cargando DBF...
[POS] MAPRE: 40640
[POS] DPOFE: 2448
[POS] Cache cargado en 1938 ms
[POS] Refrescando cache DBF...
[POS] Cargando DBF...
[POS] MAPRE: 40640
[POS] DPOFE: 2448
[POS] Cache cargado en 1934 ms
[POS] Refrescando cache DBF...
[POS] Cargando DBF...
[POS] MAPRE: 40640
[POS] DPOFE: 2448
[POS] Cache cargado en 1918 ms
[POS] Refrescando cache DBF...
[POS] Cargando DBF...
[POS] MAPRE: 40640
[POS] DPOFE: 2448
[POS] Cache cargado en 1915 ms
[POS] Refrescando cache DBF...
[POS] Cargando DBF...
[POS] MAPRE: 40640
[POS] DPOFE: 2448
[POS] Cache cargado en 1918 ms
[POS] Refrescando cache DBF...
[POS] Cargando DBF...
[POS] MAPRE: 40640
[POS] DPOFE: 2448
[POS] Cache cargado en 1925 ms
[POS] Refrescando cache DBF...
[POS] Cargando DBF...
[POS] MAPRE: 40640
[POS] DPOFE: 2448
[POS] Cache cargado en 1906 ms
[POS] Refrescando cache DBF...
[POS] Cargando DBF...
[POS] MAPRE: 40640
[POS] DPOFE: 2448
[POS] Cache cargado en 1899 ms
[POS] Refrescando cache DBF...
[POS] Cargando DBF...
[POS] MAPRE: 40640
[POS] DPOFE: 2448
[POS] Cache cargado en 1930 ms
[POS] Refrescando cache DBF...
[POS] Cargando DBF...
[POS] MAPRE: 40640
[POS] DPOFE: 2448
[POS] Cache cargado en 1920 ms
[POS] Refrescando cache DBF...
[POS] Cargando DBF...
[POS] MAPRE: 40640
[POS] DPOFE: 2448
[POS] Cache cargado en 1958 ms
[POS] Refrescando cache DBF...
[POS] Cargando DBF...
[POS] MAPRE: 40640
[POS] DPOFE: 2448
[POS] Cache cargado en 1937 ms
[POS] Refrescando cache DBF...
[POS] Cargando DBF...
[POS] MAPRE: 40640
[POS] DPOFE: 2448
[POS] Cache cargado en 1922 ms
[POS] Refrescando cache DBF...
[POS] Cargando DBF...
[POS] MAPRE: 40640
[POS] DPOFE: 2448
[POS] Cache cargado en 1900 ms
[POS] Refrescando cache DBF...
[POS] Cargando DBF...
[POS] MAPRE: 40640
[POS] DPOFE: 2448
[POS] Cache cargado en 1913 ms
[POS] Refrescando cache DBF...
[POS] Cargando DBF...
[POS] MAPRE: 40640
[POS] DPOFE: 2448
[POS] Cache cargado en 1918 ms
[POS] Refrescando cache DBF...
[POS] Cargando DBF...
[POS] MAPRE: 40640
[POS] DPOFE: 2448
[POS] Cache cargado en 1920 ms
[POS] Refrescando cache DBF...
[POS] Cargando DBF...
[POS] MAPRE: 40640
[POS] DPOFE: 2448
[POS] Cache cargado en 1902 ms
[POS] Refrescando cache DBF...
[POS] Cargando DBF...
[POS] MAPRE: 40640
[POS] DPOFE: 2448
[POS] Cache cargado en 1911 ms
[POS] Refrescando cache DBF...
[POS] Cargando DBF...
[POS] MAPRE: 40640
[POS] DPOFE: 2448
[POS] Cache cargado en 1913 ms
[POS] Refrescando cache DBF...
[POS] Cargando DBF...
[POS] MAPRE: 40640
[POS] DPOFE: 2448
[POS] Cache cargado en 1950 ms
[POS] Refrescando cache DBF...
[POS] Cargando DBF...
[POS] MAPRE: 40640
[POS] DPOFE: 2448
[POS] Cache cargado en 1938 ms
[POS] Refrescando cache DBF...
[POS] Cargando DBF...
[POS] MAPRE: 40640
[POS] DPOFE: 2448
[POS] Cache cargado en 1928 ms
[POS] Refrescando cache DBF...
[POS] Cargando DBF...
[POS] MAPRE: 40640
[POS] DPOFE: 2448
[POS] Cache cargado en 1908 ms
[POS] Refrescando cache DBF...
[POS] Cargando DBF...
[POS] MAPRE: 40640
[POS] DPOFE: 2448
[POS] Cache cargado en 1924 ms
[POS] Refrescando cache DBF...
[POS] Cargando DBF...
[POS] MAPRE: 40640
[POS] DPOFE: 2448
[POS] Cache cargado en 1927 ms
[POS] Refrescando cache DBF...
[POS] Cargando DBF...
[POS] MAPRE: 40640
[POS] DPOFE: 2448
[POS] Cache cargado en 1910 ms
[POS] Refrescando cache DBF...
[POS] Cargando DBF...
[POS] MAPRE: 40640
[POS] DPOFE: 2448
[POS] Cache cargado en 1911 ms
[POS] Refrescando cache DBF...
[POS] Cargando DBF...
[POS] MAPRE: 40640
[POS] DPOFE: 2448
[POS] Cache cargado en 1931 ms
[POS] Refrescando cache DBF...
[POS] Cargando DBF...
[POS] MAPRE: 40640
[POS] DPOFE: 2448
[POS] Cache cargado en 1923 ms
[POS] Refrescando cache DBF...
[POS] Cargando DBF...
[POS] MAPRE: 40640
[POS] DPOFE: 2448
[POS] Cache cargado en 1907 ms
[POS] Refrescando cache DBF...
[POS] Cargando DBF...
[POS] MAPRE: 40640
[POS] DPOFE: 2448
[POS] Cache cargado en 1901 ms
[POS] Refrescando cache DBF...
[POS] Cargando DBF...
[POS] MAPRE: 40640
[POS] DPOFE: 2448
[POS] Cache cargado en 1925 ms
[POS] Refrescando cache DBF...
[POS] Cargando DBF...
[POS] MAPRE: 40640
[POS] DPOFE: 2448
[POS] Cache cargado en 1922 ms
[POS] Refrescando cache DBF...
[POS] Cargando DBF...
[POS] MAPRE: 40640
[POS] DPOFE: 2448
[POS] Cache cargado en 1929 ms
[POS] Refrescando cache DBF...
[POS] Cargando DBF...
[POS] MAPRE: 40640
[POS] DPOFE: 2448
[POS] Cache cargado en 1902 ms
[POS] Refrescando cache DBF...
[POS] Cargando DBF...
[POS] MAPRE: 40640
[POS] DPOFE: 2448
[POS] Cache cargado en 1971 ms
[POS] Refrescando cache DBF...
[POS] Cargando DBF...
[POS] MAPRE: 40640
[POS] DPOFE: 2448
[POS] Cache cargado en 1947 ms
[POS] Refrescando cache DBF...
[POS] Cargando DBF...
[POS] MAPRE: 40640
[POS] DPOFE: 2448
[POS] Cache cargado en 1933 ms
[POS] Refrescando cache DBF...
[POS] Cargando DBF...
[POS] MAPRE: 40640
[POS] DPOFE: 2448
[POS] Cache cargado en 1930 ms
[POS] Refrescando cache DBF...
[POS] Cargando DBF...
[POS] MAPRE: 40640
[POS] DPOFE: 2448
[POS] Cache cargado en 1954 ms
[POS] Refrescando cache DBF...
[POS] Cargando DBF...
[POS] MAPRE: 40640
[POS] DPOFE: 2448
[POS] Cache cargado en 1915 ms
[POS] Refrescando cache DBF...
[POS] Cargando DBF...
[POS] MAPRE: 40640
[POS] DPOFE: 2448
[POS] Cache cargado en 1909 ms
[POS] Refrescando cache DBF...
[POS] Cargando DBF...
[POS] MAPRE: 40640
[POS] DPOFE: 2448
[POS] Cache cargado en 1941 ms
[POS] Refrescando cache DBF...
[POS] Cargando DBF...
[POS] MAPRE: 40640
[POS] DPOFE: 2448
[POS] Cache cargado en 1900 ms
[POS] Refrescando cache DBF...
[POS] Cargando DBF...
[POS] MAPRE: 40640
[POS] DPOFE: 2448
[POS] Cache cargado en 1930 ms
[POS] Refrescando cache DBF...
[POS] Cargando DBF...
[POS] MAPRE: 40640
[POS] DPOFE: 2448
[POS] Cache cargado en 1923 ms
[POS] Refrescando cache DBF...
[POS] Cargando DBF...
[POS] MAPRE: 40640
[POS] DPOFE: 2448
[POS] Cache cargado en 1927 ms
[POS] Refrescando cache DBF...
[POS] Cargando DBF...
[POS] MAPRE: 40640
[POS] DPOFE: 2448
[POS] Cache cargado en 1921 ms
[POS] Refrescando cache DBF...
[POS] Cargando DBF...
[POS] MAPRE: 40640
[POS] DPOFE: 2448
[POS] Cache cargado en 1949 ms
[POS] Refrescando cache DBF...
[POS] Cargando DBF...
[POS] MAPRE: 40640
[POS] DPOFE: 2448
[POS] Cache cargado en 1952 ms
[POS] Refrescando cache DBF...
[POS] Cargando DBF...
[POS] MAPRE: 40640
[POS] DPOFE: 2448
[POS] Cache cargado en 1943 ms
[POS] Refrescando cache DBF...
[POS] Cargando DBF...
[POS] MAPRE: 40640
[POS] DPOFE: 2448
[POS] Cache cargado en 1922 ms
[POS] Refrescando cache DBF...
[POS] Cargando DBF...
[POS] MAPRE: 40640
[POS] DPOFE: 2448
[POS] Cache cargado en 1932 ms
[POS] Refrescando cache DBF...
[POS] Cargando DBF...
[POS] MAPRE: 40640
[POS] DPOFE: 2448
[POS] Cache cargado en 1920 ms
[POS] Refrescando cache DBF...
[POS] Cargando DBF...
[POS] MAPRE: 40640
[POS] DPOFE: 2448
[POS] Cache cargado en 1907 ms
[POS] Refrescando cache DBF...
[POS] Cargando DBF...
[POS] MAPRE: 40640
[POS] DPOFE: 2448
[POS] Cache cargado en 1921 ms
[POS] Refrescando cache DBF...
[POS] Cargando DBF...
[POS] MAPRE: 40640
[POS] DPOFE: 2448
[POS] Cache cargado en 1917 ms
[POS] Refrescando cache DBF...
[POS] Cargando DBF...
[POS] MAPRE: 40640
[POS] DPOFE: 2448
[POS] Cache cargado en 1918 ms
[POS] Refrescando cache DBF...
[POS] Cargando DBF...
[POS] MAPRE: 40640
[POS] DPOFE: 2448
[POS] Cache cargado en 1933 ms
[POS] Refrescando cache DBF...
[POS] Cargando DBF...
[POS] MAPRE: 40640
[POS] DPOFE: 2448
[POS] Cache cargado en 1950 ms
[POS] Refrescando cache DBF...
[POS] Cargando DBF...
[POS] MAPRE: 40640
[POS] DPOFE: 2448
[POS] Cache cargado en 1921 ms
[POS] Refrescando cache DBF...
[POS] Cargando DBF...
[POS] MAPRE: 40640
[POS] DPOFE: 2448
[POS] Cache cargado en 1909 ms
[POS] Refrescando cache DBF...
[POS] Cargando DBF...
[POS] MAPRE: 40640
[POS] DPOFE: 2448
[POS] Cache cargado en 1924 ms
[POS] Refrescando cache DBF...
[POS] Cargando DBF...
[POS] MAPRE: 40640
[POS] DPOFE: 2448
[POS] Cache cargado en 1921 ms
[POS] Refrescando cache DBF...
[POS] Cargando DBF...
[POS] MAPRE: 40640
[POS] DPOFE: 2448
[POS] Cache cargado en 1928 ms
[POS] Refrescando cache DBF...
[POS] Cargando DBF...
[POS] MAPRE: 40640
[POS] DPOFE: 2448
[POS] Cache cargado en 1900 ms
[POS] Refrescando cache DBF...
[POS] Cargando DBF...
[POS] MAPRE: 40640
[POS] DPOFE: 2448
[POS] Cache cargado en 1905 ms
[POS] Refrescando cache DBF...
[POS] Cargando DBF...
[POS] MAPRE: 40640
[POS] DPOFE: 2448
[POS] Cache cargado en 1920 ms
[POS] Refrescando cache DBF...
[POS] Cargando DBF...
[POS] MAPRE: 40640
[POS] DPOFE: 2448
[POS] Cache cargado en 1933 ms
[POS] Refrescando cache DBF...
[POS] Cargando DBF...
[POS] MAPRE: 40640
[POS] DPOFE: 2448
[POS] Cache cargado en 1935 ms
[POS] Refrescando cache DBF...
[POS] Cargando DBF...
[POS] MAPRE: 40640
[POS] DPOFE: 2448
[POS] Cache cargado en 1946 ms
[POS] Refrescando cache DBF...
[POS] Cargando DBF...
[POS] MAPRE: 40640
[POS] DPOFE: 2448
[POS] Cache cargado en 1921 ms
[POS] Refrescando cache DBF...
[POS] Cargando DBF...
[POS] MAPRE: 40640
[POS] DPOFE: 2448
[POS] Cache cargado en 1920 ms
[POS] Refrescando cache DBF...
[POS] Cargando DBF...
[POS] MAPRE: 40640
[POS] DPOFE: 2448
[POS] Cache cargado en 1931 ms
[POS] Refrescando cache DBF...
[POS] Cargando DBF...
[POS] MAPRE: 40640
[POS] DPOFE: 2448
[POS] Cache cargado en 1922 ms
[POS] Refrescando cache DBF...
[POS] Cargando DBF...
[POS] MAPRE: 40640
[POS] DPOFE: 2448
[POS] Cache cargado en 1923 ms
[POS] Refrescando cache DBF...
[POS] Cargando DBF...
[POS] MAPRE: 40640
[POS] DPOFE: 2448
[POS] Cache cargado en 1904 ms
[POS] Refrescando cache DBF...
[POS] Cargando DBF...
[POS] MAPRE: 40640
[POS] DPOFE: 2448
[POS] Cache cargado en 1920 ms
[POS] Refrescando cache DBF...
[POS] Cargando DBF...
[POS] MAPRE: 40640
[POS] DPOFE: 2448
[POS] Cache cargado en 1919 ms
[POS] Refrescando cache DBF...
[POS] Cargando DBF...
[POS] MAPRE: 40640
[POS] DPOFE: 2448
[POS] Cache cargado en 1970 ms
[POS] Refrescando cache DBF...
[POS] Cargando DBF...
[POS] MAPRE: 40640
[POS] DPOFE: 2448
[POS] Cache cargado en 1940 ms
[POS] Refrescando cache DBF...
[POS] Cargando DBF...
[POS] MAPRE: 40640
[POS] DPOFE: 2448
[POS] Cache cargado en 1915 ms
[POS] Refrescando cache DBF...
[POS] Cargando DBF...
[POS] MAPRE: 40640
[POS] DPOFE: 2448
[POS] Cache cargado en 1909 ms
[POS] Refrescando cache DBF...
[POS] Cargando DBF...
[POS] MAPRE: 40640
[POS] DPOFE: 2448
[POS] Cache cargado en 1911 ms
[POS] Refrescando cache DBF...
[POS] Cargando DBF...
[POS] MAPRE: 40640
[POS] DPOFE: 2448
[POS] Cache cargado en 1917 ms
[POS] Refrescando cache DBF...
[POS] Cargando DBF...
[POS] MAPRE: 40640
[POS] DPOFE: 2448
[POS] Cache cargado en 1920 ms
[POS] Refrescando cache DBF...
[POS] Cargando DBF...
[POS] MAPRE: 40640
[POS] DPOFE: 2448
[POS] Cache cargado en 1917 ms
[POS] Refrescando cache DBF...
[POS] Cargando DBF...
[POS] MAPRE: 40640
[POS] DPOFE: 2448
[POS] Cache cargado en 1924 ms
[POS] Refrescando cache DBF...
[POS] Cargando DBF...
[POS] MAPRE: 40640
[POS] DPOFE: 2448
[POS] Cache cargado en 1930 ms
[POS] Refrescando cache DBF...
[POS] Cargando DBF...
[POS] MAPRE: 40640
[POS] DPOFE: 2448
[POS] Cache cargado en 1956 ms
[POS] Refrescando cache DBF...
[POS] Cargando DBF...
[POS] MAPRE: 40640
[POS] DPOFE: 2448
[POS] Cache cargado en 1939 ms
[POS] Refrescando cache DBF...
[POS] Cargando DBF...
[POS] MAPRE: 40640
[POS] DPOFE: 2448
[POS] Cache cargado en 1912 ms
[POS] Refrescando cache DBF...
[POS] Cargando DBF...
[POS] MAPRE: 40640
[POS] DPOFE: 2448
[POS] Cache cargado en 1912 ms
[POS] Refrescando cache DBF...
[POS] Cargando DBF...
[POS] MAPRE: 40640
[POS] DPOFE: 2448
[POS] Cache cargado en 1892 ms
[POS] Refrescando cache DBF...
[POS] Cargando DBF...
[POS] MAPRE: 40640
[POS] DPOFE: 2448
[POS] Cache cargado en 1923 ms
[POS] Refrescando cache DBF...
[POS] Cargando DBF...
[POS] MAPRE: 40640
[POS] DPOFE: 2448
[POS] Cache cargado en 1921 ms
[POS] Refrescando cache DBF...
[POS] Cargando DBF...
[POS] MAPRE: 40640
[POS] DPOFE: 2448
[POS] Cache cargado en 1902 ms
[POS] Refrescando cache DBF...
[POS] Cargando DBF...
[POS] MAPRE: 40640
[POS] DPOFE: 2448
[POS] Cache cargado en 1905 ms
[POS] Refrescando cache DBF...
[POS] Cargando DBF...
[POS] MAPRE: 40640
[POS] DPOFE: 2448
[POS] Cache cargado en 1927 ms
[POS] Refrescando cache DBF...
[POS] Cargando DBF...
[POS] MAPRE: 40640
[POS] DPOFE: 2448
[POS] Cache cargado en 1954 ms
[POS] Refrescando cache DBF...
[POS] Cargando DBF...
[POS] MAPRE: 40640
[POS] DPOFE: 2448
[POS] Cache cargado en 1946 ms
[POS] Refrescando cache DBF...
[POS] Cargando DBF...
[POS] MAPRE: 40640
[POS] DPOFE: 2448
[POS] Cache cargado en 1915 ms
[POS] Refrescando cache DBF...
[POS] Cargando DBF...
[POS] MAPRE: 40640
[POS] DPOFE: 2448
[POS] Cache cargado en 1903 ms
[POS] Refrescando cache DBF...
[POS] Cargando DBF...
[POS] MAPRE: 40640
[POS] DPOFE: 2448
[POS] Cache cargado en 1926 ms
[POS] Refrescando cache DBF...
[POS] Cargando DBF...
[POS] MAPRE: 40640
[POS] DPOFE: 2448
[POS] Cache cargado en 1911 ms
[POS] Refrescando cache DBF...
[POS] Cargando DBF...
[POS] MAPRE: 40640
[POS] DPOFE: 2448
[POS] Cache cargado en 1900 ms
[POS] Refrescando cache DBF...
[POS] Cargando DBF...
[POS] MAPRE: 40640
[POS] DPOFE: 2448
[POS] Cache cargado en 1902 ms
[POS] Refrescando cache DBF...
[POS] Cargando DBF...
[POS] MAPRE: 40640
[POS] DPOFE: 2448
[POS] Cache cargado en 1930 ms
[POS] Refrescando cache DBF...
[POS] Cargando DBF...
[POS] MAPRE: 40640
[POS] DPOFE: 2448
[POS] Cache cargado en 1904 ms
[POS] Refrescando cache DBF...
[POS] Cargando DBF...
[POS] MAPRE: 40640
[POS] DPOFE: 2448
[POS] Cache cargado en 1931 ms
[POS] Refrescando cache DBF...
[POS] Cargando DBF...
[POS] MAPRE: 40640
[POS] DPOFE: 2448
[POS] Cache cargado en 1927 ms
[POS] Refrescando cache DBF...
[POS] Cargando DBF...
[POS] MAPRE: 40640
[POS] DPOFE: 2448
[POS] Cache cargado en 1912 ms
[POS] Refrescando cache DBF...
[POS] Cargando DBF...
[POS] MAPRE: 40640
[POS] DPOFE: 2448
[POS] Cache cargado en 1905 ms
[POS] Refrescando cache DBF...
[POS] Cargando DBF...
[POS] MAPRE: 40640
[POS] DPOFE: 2448
[POS] Cache cargado en 1919 ms
[POS] Refrescando cache DBF...
[POS] Cargando DBF...
[POS] MAPRE: 40640
[POS] DPOFE: 2448
[POS] Cache cargado en 1926 ms
[POS] Refrescando cache DBF...
[POS] Cargando DBF...
[POS] MAPRE: 40640
[POS] DPOFE: 2448
[POS] Cache cargado en 1921 ms
[POS] Refrescando cache DBF...
[POS] Cargando DBF...
[POS] MAPRE: 40640
[POS] DPOFE: 2448
[POS] Cache cargado en 1907 ms
[POS] Refrescando cache DBF...
[POS] Cargando DBF...
[POS] MAPRE: 40640
[POS] DPOFE: 2448
[POS] Cache cargado en 1916 ms
[POS] Refrescando cache DBF...
[POS] Cargando DBF...
[POS] MAPRE: 40640
[POS] DPOFE: 2448
[POS] Cache cargado en 1918 ms
[POS] Refrescando cache DBF...
[POS] Cargando DBF...
[POS] MAPRE: 40640
[POS] DPOFE: 2448
[POS] Cache cargado en 1961 ms
[POS] Refrescando cache DBF...
[POS] Cargando DBF...
[POS] MAPRE: 40640
[POS] DPOFE: 2448
[POS] Cache cargado en 1918 ms
[POS] Refrescando cache DBF...
[POS] Cargando DBF...
[POS] MAPRE: 40640
[POS] DPOFE: 2448
[POS] Cache cargado en 1916 ms
[POS] Refrescando cache DBF...
[POS] Cargando DBF...
[POS] MAPRE: 40640
[POS] DPOFE: 2448
[POS] Cache cargado en 1908 ms
[POS] Refrescando cache DBF...
[POS] Cargando DBF...
[POS] MAPRE: 40640
[POS] DPOFE: 2448
[POS] Cache cargado en 1926 ms
[POS] Refrescando cache DBF...
[POS] Cargando DBF...
[POS] MAPRE: 40640
[POS] DPOFE: 2448
[POS] Cache cargado en 1920 ms
[POS] Refrescando cache DBF...
[POS] Cargando DBF...
[POS] MAPRE: 40640
[POS] DPOFE: 2448
[POS] Cache cargado en 1926 ms
[POS] Refrescando cache DBF...
[POS] Cargando DBF...
[POS] MAPRE: 40640
[POS] DPOFE: 2448
[POS] Cache cargado en 1904 ms
[POS] Refrescando cache DBF...
[POS] Cargando DBF...
[POS] MAPRE: 40640
[POS] DPOFE: 2448
[POS] Cache cargado en 1922 ms
[POS] Refrescando cache DBF...
[POS] Cargando DBF...
[POS] MAPRE: 40640
[POS] DPOFE: 2448
[POS] Cache cargado en 1899 ms
[POS] Refrescando cache DBF...
[POS] Cargando DBF...
[POS] MAPRE: 40640
[POS] DPOFE: 2448
[POS] Cache cargado en 1955 ms
[POS] Refrescando cache DBF...
[POS] Cargando DBF...
[POS] MAPRE: 40640
[POS] DPOFE: 2448
[POS] Cache cargado en 1931 ms
[POS] Refrescando cache DBF...
[POS] Cargando DBF...
[POS] MAPRE: 40640
[POS] DPOFE: 2448
[POS] Cache cargado en 1915 ms
[POS] Refrescando cache DBF...
[POS] Cargando DBF...
[POS] MAPRE: 40640
[POS] DPOFE: 2448
[POS] Cache cargado en 1915 ms
[POS] Refrescando cache DBF...
[POS] Cargando DBF...
[POS] MAPRE: 40640
[POS] DPOFE: 2448
[POS] Cache cargado en 1920 ms
[POS] Refrescando cache DBF...
[POS] Cargando DBF...
[POS] MAPRE: 40640
[POS] DPOFE: 2448
[POS] Cache cargado en 1928 ms
[POS] Refrescando cache DBF...
[POS] Cargando DBF...
[POS] MAPRE: 40640
[POS] DPOFE: 2448
[POS] Cache cargado en 1914 ms
[POS] Refrescando cache DBF...
[POS] Cargando DBF...
[POS] MAPRE: 40640
[POS] DPOFE: 2448
[POS] Cache cargado en 1918 ms
[POS] Refrescando cache DBF...
[POS] Cargando DBF...
[POS] MAPRE: 40640
[POS] DPOFE: 2448
[POS] Cache cargado en 1908 ms
[POS] Refrescando cache DBF...
[POS] Cargando DBF...
[POS] MAPRE: 40640
[POS] DPOFE: 2448
[POS] Cache cargado en 1904 ms
[POS] Refrescando cache DBF...
[POS] Cargando DBF...
[POS] MAPRE: 40640
[POS] DPOFE: 2448
[POS] Cache cargado en 1955 ms
[POS] Refrescando cache DBF...
[POS] Cargando DBF...
[POS] MAPRE: 40640
[POS] DPOFE: 2448
[POS] Cache cargado en 1925 ms
[POS] Refrescando cache DBF...
[POS] Cargando DBF...
[POS] MAPRE: 40640
[POS] DPOFE: 2448
[POS] Cache cargado en 1919 ms
[POS] Refrescando cache DBF...
[POS] Cargando DBF...
[POS] MAPRE: 40640
[POS] DPOFE: 2448
[POS] Cache cargado en 1912 ms
[POS] Refrescando cache DBF...
[POS] Cargando DBF...
[POS] MAPRE: 40640
[POS] DPOFE: 2448
[POS] Cache cargado en 1929 ms
[POS] Refrescando cache DBF...
[POS] Cargando DBF...
[POS] MAPRE: 40640
[POS] DPOFE: 2448
[POS] Cache cargado en 1936 ms
[POS] Refrescando cache DBF...
[POS] Cargando DBF...
[POS] MAPRE: 40640
[POS] DPOFE: 2448
[POS] Cache cargado en 1922 ms
[POS] Refrescando cache DBF...
[POS] Cargando DBF...
[POS] MAPRE: 40640
[POS] DPOFE: 2448
[POS] Cache cargado en 1886 ms
[POS] Refrescando cache DBF...
[POS] Cargando DBF...
[POS] MAPRE: 40640
[POS] DPOFE: 2448
[POS] Cache cargado en 1913 ms
[POS] Refrescando cache DBF...
[POS] Cargando DBF...
[POS] MAPRE: 40640
[POS] DPOFE: 2448
[POS] Cache cargado en 1915 ms
[POS] Refrescando cache DBF...
[POS] Cargando DBF...
[POS] MAPRE: 40640
[POS] DPOFE: 2448
[POS] Cache cargado en 1954 ms
[POS] Refrescando cache DBF...
[POS] Cargando DBF...
[POS] MAPRE: 40640
[POS] DPOFE: 2448
[POS] Cache cargado en 1958 ms
[POS] Refrescando cache DBF...
[POS] Cargando DBF...
[POS] MAPRE: 40640
[POS] DPOFE: 2448
[POS] Cache cargado en 1920 ms
[POS] Refrescando cache DBF...
[POS] Cargando DBF...
[POS] MAPRE: 40640
[POS] DPOFE: 2448
[POS] Cache cargado en 1935 ms
[POS] Refrescando cache DBF...
[POS] Cargando DBF...
[POS] MAPRE: 40640
[POS] DPOFE: 2448
[POS] Cache cargado en 1929 ms
[POS] Refrescando cache DBF...
[POS] Cargando DBF...
[POS] MAPRE: 40640
[POS] DPOFE: 2448
[POS] Cache cargado en 1915 ms
[POS] Refrescando cache DBF...
[POS] Cargando DBF...
[POS] MAPRE: 40640
[POS] DPOFE: 2448
[POS] Cache cargado en 1924 ms
[POS] Refrescando cache DBF...
[POS] Cargando DBF...
[POS] MAPRE: 40640
[POS] DPOFE: 2448
[POS] Cache cargado en 1911 ms
[POS] Refrescando cache DBF...
[POS] Cargando DBF...
[POS] MAPRE: 40640
[POS] DPOFE: 2448
[POS] Cache cargado en 1919 ms
[POS] Refrescando cache DBF...
[POS] Cargando DBF...
[POS] MAPRE: 40640
[POS] DPOFE: 2448
[POS] Cache cargado en 1921 ms
[POS] Refrescando cache DBF...
[POS] Cargando DBF...
[POS] MAPRE: 40640
[POS] DPOFE: 2448
[POS] Cache cargado en 1937 ms
[POS] Refrescando cache DBF...
[POS] Cargando DBF...
[POS] MAPRE: 40640
[POS] DPOFE: 2448
[POS] Cache cargado en 1937 ms
[POS] Refrescando cache DBF...
[POS] Cargando DBF...
[POS] MAPRE: 40640
[POS] DPOFE: 2448
[POS] Cache cargado en 1931 ms
[POS] Refrescando cache DBF...
[POS] Cargando DBF...
[POS] MAPRE: 40640
[POS] DPOFE: 2448
[POS] Cache cargado en 1905 ms
[POS] Refrescando cache DBF...
[POS] Cargando DBF...
[POS] MAPRE: 40640
[POS] DPOFE: 2448
[POS] Cache cargado en 1920 ms
[POS] Refrescando cache DBF...
[POS] Cargando DBF...
[POS] MAPRE: 40640
[POS] DPOFE: 2448
[POS] Cache cargado en 1914 ms
[POS] Refrescando cache DBF...
[POS] Cargando DBF...
[POS] MAPRE: 40640
[POS] DPOFE: 2448
[POS] Cache cargado en 1918 ms
[POS] Refrescando cache DBF...
[POS] Cargando DBF...
[POS] MAPRE: 40640
[POS] DPOFE: 2448
[POS] Cache cargado en 1927 ms
[POS] Refrescando cache DBF...
[POS] Cargando DBF...
[POS] MAPRE: 40640
[POS] DPOFE: 2448
[POS] Cache cargado en 1922 ms
[POS] Refrescando cache DBF...
[POS] Cargando DBF...
[POS] MAPRE: 40640
[POS] DPOFE: 2448
[POS] Cache cargado en 1922 ms
[POS] Refrescando cache DBF...
[POS] Cargando DBF...
[POS] MAPRE: 40640
[POS] DPOFE: 2448
[POS] Cache cargado en 1924 ms
[POS] Refrescando cache DBF...
[POS] Cargando DBF...
[POS] MAPRE: 40640
[POS] DPOFE: 2448
[POS] Cache cargado en 1942 ms
[POS] Refrescando cache DBF...
[POS] Cargando DBF...
[POS] MAPRE: 40640
[POS] DPOFE: 2448
[POS] Cache cargado en 1949 ms
[POS] Refrescando cache DBF...
[POS] Cargando DBF...
[POS] MAPRE: 40640
[POS] DPOFE: 2448
[POS] Cache cargado en 1906 ms
[POS] Refrescando cache DBF...
[POS] Cargando DBF...
[POS] MAPRE: 40640
[POS] DPOFE: 2448
[POS] Cache cargado en 1924 ms
[POS] Refrescando cache DBF...
[POS] Cargando DBF...
[POS] MAPRE: 40640
[POS] DPOFE: 2448
[POS] Cache cargado en 1912 ms
[POS] Refrescando cache DBF...
[POS] Cargando DBF...
[POS] MAPRE: 40640
[POS] DPOFE: 2448
[POS] Cache cargado en 1928 ms
[POS] Refrescando cache DBF...
[POS] Cargando DBF...
[POS] MAPRE: 40640
[POS] DPOFE: 2448
[POS] Cache cargado en 1891 ms
[POS] Refrescando cache DBF...
[POS] Cargando DBF...
[POS] MAPRE: 40640
[POS] DPOFE: 2448
[POS] Cache cargado en 1920 ms
[POS] Refrescando cache DBF...
[POS] Cargando DBF...
[POS] MAPRE: 40640
[POS] DPOFE: 2448
[POS] Cache cargado en 1928 ms
[POS] Refrescando cache DBF...
[POS] Cargando DBF...
[POS] MAPRE: 40640
[POS] DPOFE: 2448
[POS] Cache cargado en 1956 ms
[POS] Refrescando cache DBF...
[POS] Cargando DBF...
[POS] MAPRE: 40640
[POS] DPOFE: 2448
[POS] Cache cargado en 1942 ms
[POS] Refrescando cache DBF...
[POS] Cargando DBF...
[POS] MAPRE: 40640
[POS] DPOFE: 2448
[POS] Cache cargado en 1912 ms
[POS] Refrescando cache DBF...
[POS] Cargando DBF...
[POS] MAPRE: 40640
[POS] DPOFE: 2448
[POS] Cache cargado en 1900 ms
[POS] Refrescando cache DBF...
[POS] Cargando DBF...
[POS] MAPRE: 40640
[POS] DPOFE: 2448
[POS] Cache cargado en 1927 ms
[POS] Refrescando cache DBF...
[POS] Cargando DBF...
[POS] MAPRE: 40640
[POS] DPOFE: 2448
[POS] Cache cargado en 1918 ms
[POS] Refrescando cache DBF...
[POS] Cargando DBF...
[POS] MAPRE: 40640
[POS] DPOFE: 2448
[POS] Cache cargado en 1922 ms
[POS] Refrescando cache DBF...
[POS] Cargando DBF...
[POS] MAPRE: 40640
[POS] DPOFE: 2448
[POS] Cache cargado en 1908 ms
[POS] Refrescando cache DBF...
[POS] Cargando DBF...
[POS] MAPRE: 40640
[POS] DPOFE: 2448
[POS] Cache cargado en 1917 ms
[POS] Refrescando cache DBF...
[POS] Cargando DBF...
[POS] MAPRE: 40640
[POS] DPOFE: 2448
[POS] Cache cargado en 1922 ms
[POS] Refrescando cache DBF...
[POS] Cargando DBF...
[POS] MAPRE: 40640
[POS] DPOFE: 2448
[POS] Cache cargado en 1955 ms
[POS] Refrescando cache DBF...
[POS] Cargando DBF...
[POS] MAPRE: 40640
[POS] DPOFE: 2448
[POS] Cache cargado en 1935 ms
[POS] Refrescando cache DBF...
[POS] Cargando DBF...
[POS] MAPRE: 40640
[POS] DPOFE: 2448
[POS] Cache cargado en 1923 ms
[POS] Refrescando cache DBF...
[POS] Cargando DBF...
[POS] MAPRE: 40640
[POS] DPOFE: 2448
[POS] Cache cargado en 1904 ms
[POS] Refrescando cache DBF...
[POS] Cargando DBF...
[POS] MAPRE: 40640
[POS] DPOFE: 2448
[POS] Cache cargado en 1937 ms
[POS] Refrescando cache DBF...
[POS] Cargando DBF...
[POS] MAPRE: 40640
[POS] DPOFE: 2448
[POS] Cache cargado en 1922 ms
[POS] Refrescando cache DBF...
[POS] Cargando DBF...
[POS] MAPRE: 40640
[POS] DPOFE: 2448
[POS] Cache cargado en 1921 ms
[POS] Refrescando cache DBF...
[POS] Cargando DBF...
[POS] MAPRE: 40640
[POS] DPOFE: 2448
[POS] Cache cargado en 1904 ms
[POS] Refrescando cache DBF...
[POS] Cargando DBF...
[POS] MAPRE: 40640
[POS] DPOFE: 2448
[POS] Cache cargado en 1910 ms
[POS] Refrescando cache DBF...
[POS] Cargando DBF...
[POS] MAPRE: 40640
[POS] DPOFE: 2448
[POS] Cache cargado en 1907 ms
[POS] Refrescando cache DBF...
[POS] Cargando DBF...
[POS] MAPRE: 40640
[POS] DPOFE: 2448
[POS] Cache cargado en 1953 ms
[POS] Refrescando cache DBF...
[POS] Cargando DBF...
[POS] MAPRE: 40640
[POS] DPOFE: 2448
[POS] Cache cargado en 1929 ms
[POS] Refrescando cache DBF...
[POS] Cargando DBF...
[POS] MAPRE: 40640
[POS] DPOFE: 2448
[POS] Cache cargado en 1898 ms
[POS] Refrescando cache DBF...
[POS] Cargando DBF...
[POS] MAPRE: 40640
[POS] DPOFE: 2448
[POS] Cache cargado en 1920 ms
[POS] Refrescando cache DBF...
[POS] Cargando DBF...
[POS] MAPRE: 40640
[POS] DPOFE: 2448
[POS] Cache cargado en 1946 ms
[POS] Refrescando cache DBF...
[POS] Cargando DBF...
[POS] MAPRE: 40640
[POS] DPOFE: 2448
[POS] Cache cargado en 1938 ms
[POS] Refrescando cache DBF...
[POS] Cargando DBF...
[POS] MAPRE: 40640
[POS] DPOFE: 2448
[POS] Cache cargado en 1937 ms
[POS] Refrescando cache DBF...
[POS] Cargando DBF...
[POS] MAPRE: 40640
[POS] DPOFE: 2448
[POS] Cache cargado en 1901 ms
[POS] Refrescando cache DBF...
[POS] Cargando DBF...
[POS] MAPRE: 40640
[POS] DPOFE: 2448
[POS] Cache cargado en 1933 ms
[POS] Refrescando cache DBF...
[POS] Cargando DBF...
[POS] MAPRE: 40640
[POS] DPOFE: 2448
[POS] Cache cargado en 1933 ms
[POS] Refrescando cache DBF...
[POS] Cargando DBF...
[POS] MAPRE: 40640
[POS] DPOFE: 2448
[POS] Cache cargado en 1958 ms
[POS] Refrescando cache DBF...
[POS] Cargando DBF...
[POS] MAPRE: 40640
[POS] DPOFE: 2448
[POS] Cache cargado en 1930 ms
[POS] Refrescando cache DBF...
[POS] Cargando DBF...
[POS] MAPRE: 40640
[POS] DPOFE: 2448
[POS] Cache cargado en 1921 ms
[POS] Refrescando cache DBF...
[POS] Cargando DBF...
[POS] MAPRE: 40640
[POS] DPOFE: 2448
[POS] Cache cargado en 1928 ms
[POS] Refrescando cache DBF...
[POS] Cargando DBF...
[POS] MAPRE: 40640
[POS] DPOFE: 2448
[POS] Cache cargado en 1918 ms
[POS] Refrescando cache DBF...
[POS] Cargando DBF...
[POS] MAPRE: 40640
[POS] DPOFE: 2448
[POS] Cache cargado en 1914 ms
[POS] Refrescando cache DBF...
[POS] Cargando DBF...
[POS] MAPRE: 40640
[POS] DPOFE: 2448
[POS] Cache cargado en 1923 ms
[POS] Refrescando cache DBF...
[POS] Cargando DBF...
[POS] MAPRE: 40640
[POS] DPOFE: 2448
[POS] Cache cargado en 1910 ms
[POS] Refrescando cache DBF...
[POS] Cargando DBF...
[POS] MAPRE: 40640
[POS] DPOFE: 2448
[POS] Cache cargado en 1925 ms
[POS] Refrescando cache DBF...
[POS] Cargando DBF...
[POS] MAPRE: 40640
[POS] DPOFE: 2448
[POS] Cache cargado en 1922 ms
[POS] Refrescando cache DBF...
[POS] Cargando DBF...
[POS] MAPRE: 40640
[POS] DPOFE: 2448
[POS] Cache cargado en 1966 ms
[POS] Refrescando cache DBF...
[POS] Cargando DBF...
[POS] MAPRE: 40640
[POS] DPOFE: 2448
[POS] Cache cargado en 1928 ms
[POS] Refrescando cache DBF...
[POS] Cargando DBF...
[POS] MAPRE: 40640
[POS] DPOFE: 2448
[POS] Cache cargado en 1916 ms
[POS] Refrescando cache DBF...
[POS] Cargando DBF...
[POS] MAPRE: 40640
[POS] DPOFE: 2448
[POS] Cache cargado en 1920 ms
[POS] Refrescando cache DBF...
[POS] Cargando DBF...
[POS] MAPRE: 40640
[POS] DPOFE: 2448
[POS] Cache cargado en 1935 ms
[POS] Refrescando cache DBF...
[POS] Cargando DBF...
[POS] MAPRE: 40640
[POS] DPOFE: 2448
[POS] Cache cargado en 1928 ms
[POS] Refrescando cache DBF...
[POS] Cargando DBF...
[POS] MAPRE: 40640
[POS] DPOFE: 2448
[POS] Cache cargado en 1947 ms
[POS] Refrescando cache DBF...
[POS] Cargando DBF...
[POS] MAPRE: 40640
[POS] DPOFE: 2448
[POS] Cache cargado en 1912 ms
[POS] Refrescando cache DBF...
[POS] Cargando DBF...
[POS] MAPRE: 40640
[POS] DPOFE: 2448
[POS] Cache cargado en 1926 ms
[POS] Refrescando cache DBF...
[POS] Cargando DBF...
[POS] MAPRE: 40640
[POS] DPOFE: 2448
[POS] Cache cargado en 1926 ms
[POS] Refrescando cache DBF...
[POS] Cargando DBF...
[POS] MAPRE: 40640
[POS] DPOFE: 2448
[POS] Cache cargado en 1949 ms
[POS] Refrescando cache DBF...
[POS] Cargando DBF...
[POS] MAPRE: 40640
[POS] DPOFE: 2448
[POS] Cache cargado en 1925 ms
[POS] Refrescando cache DBF...
[POS] Cargando DBF...
[POS] MAPRE: 40640
[POS] DPOFE: 2448
[POS] Cache cargado en 1918 ms
[POS] Refrescando cache DBF...
[POS] Cargando DBF...
[POS] MAPRE: 40640
[POS] DPOFE: 2448
[POS] Cache cargado en 1920 ms
[POS] Refrescando cache DBF...
[POS] Cargando DBF...
[POS] MAPRE: 40640
[POS] DPOFE: 2448
[POS] Cache cargado en 1920 ms
[POS] Refrescando cache DBF...
[POS] Cargando DBF...
[POS] MAPRE: 40640
[POS] DPOFE: 2448
[POS] Cache cargado en 1918 ms
[POS] Refrescando cache DBF...
[POS] Cargando DBF...
[POS] MAPRE: 40640
[POS] DPOFE: 2448
[POS] Cache cargado en 1917 ms
[POS] Refrescando cache DBF...
[POS] Cargando DBF...
[POS] MAPRE: 40640
[POS] DPOFE: 2448
[POS] Cache cargado en 1903 ms
[POS] Refrescando cache DBF...
[POS] Cargando DBF...
[POS] MAPRE: 40640
[POS] DPOFE: 2448
[POS] Cache cargado en 1910 ms
[POS] Refrescando cache DBF...
[POS] Cargando DBF...
[POS] MAPRE: 40640
[POS] DPOFE: 2448
[POS] Cache cargado en 1917 ms
[POS] Refrescando cache DBF...
[POS] Cargando DBF...
[POS] MAPRE: 40640
[POS] DPOFE: 2448
[POS] Cache cargado en 1940 ms
[POS] Refrescando cache DBF...
[POS] Cargando DBF...
[POS] MAPRE: 40640
[POS] DPOFE: 2448
[POS] Cache cargado en 1928 ms
[POS] Refrescando cache DBF...
[POS] Cargando DBF...
[POS] MAPRE: 40640
[POS] DPOFE: 2448
[POS] Cache cargado en 1930 ms
[ENRICH]
SKU: 94590
Producto: {
  sku: '94590',
  descripcion: 'PACK DE PINZAS OBLICUA/RECTA F. AHUMADA',
  marca: '0',
  contenido: '',
  ean13: '799192431555',
  imagenUrl: null,
  unidadMedida: 'UNIDAD',
  precioNormal: 3599,
  precioUnitario: 1799.5,
  precioOferta: 2699,
  vigenciaInicio: 'Mon Feb 23 2026 21:00:00 GMT-0300 (hora estándar de Argentina)',
  vigenciaFin: 'Sat Mar 07 2026 21:00:00 GMT-0300 (hora estándar de Argentina)'
}
[POS] Refrescando cache DBF...
[POS] Cargando DBF...
[POS] MAPRE: 40640
[POS] DPOFE: 2448
[POS] Cache cargado en 1921 ms
[POS] Refrescando cache DBF...
[POS] Cargando DBF...
[POS] MAPRE: 40640
[POS] DPOFE: 2448
[POS] Cache cargado en 1925 ms
[POS] Refrescando cache DBF...
[POS] Cargando DBF...
[POS] MAPRE: 40640
[POS] DPOFE: 2448
[POS] Cache cargado en 1917 ms
[POS] Refrescando cache DBF...
[POS] Cargando DBF...
[POS] MAPRE: 40640
[POS] DPOFE: 2448
[POS] Cache cargado en 1938 ms
[POS] Refrescando cache DBF...
[POS] Cargando DBF...
[POS] MAPRE: 40640
[POS] DPOFE: 2448
[POS] Cache cargado en 1939 ms
[POS] Refrescando cache DBF...
[POS] Cargando DBF...
[POS] MAPRE: 40640
[POS] DPOFE: 2448
[POS] Cache cargado en 1950 ms
[POS] Refrescando cache DBF...
[POS] Cargando DBF...
[POS] MAPRE: 40640
[POS] DPOFE: 2448
[POS] Cache cargado en 1943 ms
[POS] Refrescando cache DBF...
[POS] Cargando DBF...
[POS] MAPRE: 40640
[POS] DPOFE: 2448
[POS] Cache cargado en 1922 ms
[POS] Refrescando cache DBF...
[POS] Cargando DBF...
[POS] MAPRE: 40640
[POS] DPOFE: 2448
[POS] Cache cargado en 1923 ms
[POS] Refrescando cache DBF...
[POS] Cargando DBF...
[POS] MAPRE: 40640
[POS] DPOFE: 2448
[POS] Cache cargado en 1924 ms
SKUS ARCHIVO: 383
PRODUCTOS ÚNICOS: 383
CON OFERTA: 107
SIN OFERTA: 276
[POS] Refrescando cache DBF...
[POS] Cargando DBF...
[POS] MAPRE: 40640
[POS] DPOFE: 2448
[POS] Cache cargado en 1947 ms
[POS] Refrescando cache DBF...
[POS] Cargando DBF...
[POS] MAPRE: 40640
[POS] DPOFE: 2448
[POS] Cache cargado en 1927 ms
[POS] Refrescando cache DBF...
[POS] Cargando DBF...
[POS] MAPRE: 40640
[POS] DPOFE: 2448
[POS] Cache cargado en 1919 ms
[POS] Refrescando cache DBF...
[POS] Cargando DBF...
[POS] MAPRE: 40640
[POS] DPOFE: 2448
[POS] Cache cargado en 1922 ms
[POS] Refrescando cache DBF...
[POS] Cargando DBF...
[POS] MAPRE: 40640
[POS] DPOFE: 2448
[POS] Cache cargado en 1924 ms
[POS] Refrescando cache DBF...
[POS] Cargando DBF...
[POS] MAPRE: 40640
[POS] DPOFE: 2448
[POS] Cache cargado en 1943 ms
[POS] Refrescando cache DBF...
[POS] Cargando DBF...
[POS] MAPRE: 40640
[POS] DPOFE: 2448
[POS] Cache cargado en 1948 ms
[POS] Refrescando cache DBF...
[POS] Cargando DBF...
[POS] MAPRE: 40640
[POS] DPOFE: 2448
[POS] Cache cargado en 1936 ms
[POS] Refrescando cache DBF...
[POS] Cargando DBF...
[POS] MAPRE: 40640
[POS] DPOFE: 2448
[POS] Cache cargado en 1901 ms
[POS] Refrescando cache DBF...
[POS] Cargando DBF...
[POS] MAPRE: 40640
[POS] DPOFE: 2448
[POS] Cache cargado en 1897 ms
[POS] Refrescando cache DBF...
[POS] Cargando DBF...
[POS] MAPRE: 40640
[POS] DPOFE: 2448
[POS] Cache cargado en 1911 ms
[POS] Refrescando cache DBF...
[POS] Cargando DBF...
[POS] MAPRE: 40640
[POS] DPOFE: 2448
[POS] Cache cargado en 1924 ms
[POS] Refrescando cache DBF...
[POS] Cargando DBF...
[POS] MAPRE: 40640
[POS] DPOFE: 2448
[POS] Cache cargado en 1905 ms
[POS] Refrescando cache DBF...
[POS] Cargando DBF...
[POS] MAPRE: 40640
[POS] DPOFE: 2448
[POS] Cache cargado en 1915 ms
[POS] Refrescando cache DBF...
[POS] Cargando DBF...
[POS] MAPRE: 40640
[POS] DPOFE: 2448
[POS] Cache cargado en 1928 ms
[POS] Refrescando cache DBF...
[POS] Cargando DBF...
[POS] MAPRE: 40640
[POS] DPOFE: 2448
[POS] Cache cargado en 1953 ms
[POS] Refrescando cache DBF...
[POS] Cargando DBF...
[POS] MAPRE: 40640
[POS] DPOFE: 2448
[POS] Cache cargado en 1931 ms
[POS] Refrescando cache DBF...
[POS] Cargando DBF...
[POS] MAPRE: 40640
[POS] DPOFE: 2448
[POS] Cache cargado en 1919 ms
[POS] Refrescando cache DBF...
[POS] Cargando DBF...
[POS] MAPRE: 40640
[POS] DPOFE: 2448
[POS] Cache cargado en 1891 ms
[POS] Refrescando cache DBF...
[POS] Cargando DBF...
[POS] MAPRE: 40640
[POS] DPOFE: 2448
[POS] Cache cargado en 1919 ms
[POS] Refrescando cache DBF...
[POS] Cargando DBF...
[POS] MAPRE: 40640
[POS] DPOFE: 2448
[POS] Cache cargado en 1911 ms
[POS] Refrescando cache DBF...
[POS] Cargando DBF...
[POS] MAPRE: 40640
[POS] DPOFE: 2448
[POS] Cache cargado en 1910 ms
[POS] Refrescando cache DBF...
[POS] Cargando DBF...
[POS] MAPRE: 40640
[POS] DPOFE: 2448
[POS] Cache cargado en 1905 ms
[POS] Refrescando cache DBF...
[POS] Cargando DBF...
[POS] MAPRE: 40640
[POS] DPOFE: 2448
[POS] Cache cargado en 1919 ms
[POS] Refrescando cache DBF...
[POS] Cargando DBF...
[POS] MAPRE: 40640
[POS] DPOFE: 2448
[POS] Cache cargado en 1916 ms
[POS] Refrescando cache DBF...
[POS] Cargando DBF...
[POS] MAPRE: 40640
[POS] DPOFE: 2448
[POS] Cache cargado en 1956 ms
[POS] Refrescando cache DBF...
[POS] Cargando DBF...
[POS] MAPRE: 40640
[POS] DPOFE: 2448
[POS] Cache cargado en 1940 ms
[POS] Refrescando cache DBF...
[POS] Cargando DBF...
[POS] MAPRE: 40640
[POS] DPOFE: 2448
[POS] Cache cargado en 1922 ms
[POS] Refrescando cache DBF...
[POS] Cargando DBF...
[POS] MAPRE: 40640
[POS] DPOFE: 2448
[POS] Cache cargado en 1911 ms
[POS] Refrescando cache DBF...
[POS] Cargando DBF...
[POS] MAPRE: 40640
[POS] DPOFE: 2448
[POS] Cache cargado en 1910 ms
[POS] Refrescando cache DBF...
[POS] Cargando DBF...
[POS] MAPRE: 40640
[POS] DPOFE: 2448
[POS] Cache cargado en 1905 ms
[POS] Refrescando cache DBF...
[POS] Cargando DBF...
[POS] MAPRE: 40640
[POS] DPOFE: 2448
[POS] Cache cargado en 1925 ms
[POS] Refrescando cache DBF...
[POS] Cargando DBF...
[POS] MAPRE: 40640
[POS] DPOFE: 2448
[POS] Cache cargado en 1909 ms
[POS] Refrescando cache DBF...
[POS] Cargando DBF...
[POS] MAPRE: 40640
[POS] DPOFE: 2448
[POS] Cache cargado en 1892 ms
[POS] Refrescando cache DBF...
[POS] Cargando DBF...
[POS] MAPRE: 40640
[POS] DPOFE: 2448
[POS] Cache cargado en 1935 ms
[POS] Refrescando cache DBF...
[POS] Cargando DBF...
[POS] MAPRE: 40640
[POS] DPOFE: 2448
[POS] Cache cargado en 1950 ms
[POS] Refrescando cache DBF...
[POS] Cargando DBF...
[POS] MAPRE: 40640
[POS] DPOFE: 2448
[POS] Cache cargado en 1939 ms
[POS] Refrescando cache DBF...
[POS] Cargando DBF...
[POS] MAPRE: 40640
[POS] DPOFE: 2448
[POS] Cache cargado en 1927 ms
[POS] Refrescando cache DBF...
[POS] Cargando DBF...
[POS] MAPRE: 40640
[POS] DPOFE: 2448
[POS] Cache cargado en 1922 ms
[POS] Refrescando cache DBF...
[POS] Cargando DBF...
[POS] MAPRE: 40640
[POS] DPOFE: 2448
[POS] Cache cargado en 1925 ms
[POS] Refrescando cache DBF...
[POS] Cargando DBF...
[POS] MAPRE: 40640
[POS] DPOFE: 2448
[POS] Cache cargado en 1927 ms
[POS] Refrescando cache DBF...
[POS] Cargando DBF...
[POS] MAPRE: 40640
[POS] DPOFE: 2448
[POS] Cache cargado en 1920 ms
[POS] Refrescando cache DBF...
[POS] Cargando DBF...
[POS] MAPRE: 40640
[POS] DPOFE: 2448
[POS] Cache cargado en 1900 ms
[POS] Refrescando cache DBF...
[POS] Cargando DBF...
[POS] MAPRE: 40640
[POS] DPOFE: 2448
[POS] Cache cargado en 1923 ms
[POS] Refrescando cache DBF...
[POS] Cargando DBF...
[POS] MAPRE: 40640
[POS] DPOFE: 2448
[POS] Cache cargado en 1917 ms
[POS] Refrescando cache DBF...
[POS] Cargando DBF...
[POS] MAPRE: 40640
[POS] DPOFE: 2448
[POS] Cache cargado en 1950 ms
[POS] Refrescando cache DBF...
[POS] Cargando DBF...
[POS] MAPRE: 40640
[POS] DPOFE: 2448
[POS] Cache cargado en 1938 ms
[POS] Refrescando cache DBF...
[POS] Cargando DBF...
[POS] MAPRE: 40640
[POS] DPOFE: 2448
[POS] Cache cargado en 1918 ms
[POS] Refrescando cache DBF...
[POS] Cargando DBF...
[POS] MAPRE: 40640
[POS] DPOFE: 2448
[POS] Cache cargado en 1912 ms
[POS] Refrescando cache DBF...
[POS] Cargando DBF...
[POS] MAPRE: 40640
[POS] DPOFE: 2448
[POS] Cache cargado en 1924 ms
[POS] Refrescando cache DBF...
[POS] Cargando DBF...
[POS] MAPRE: 40640
[POS] DPOFE: 2448
[POS] Cache cargado en 1915 ms
[POS] Refrescando cache DBF...
[POS] Cargando DBF...
[POS] MAPRE: 40640
[POS] DPOFE: 2448
[POS] Cache cargado en 1927 ms
[POS] Refrescando cache DBF...
[POS] Cargando DBF...
[POS] MAPRE: 40640
[POS] DPOFE: 2448
[POS] Cache cargado en 1920 ms
[POS] Refrescando cache DBF...
[POS] Cargando DBF...
[POS] MAPRE: 40640
[POS] DPOFE: 2448
[POS] Cache cargado en 1931 ms
[POS] Refrescando cache DBF...
[POS] Cargando DBF...
[POS] MAPRE: 40640
[POS] DPOFE: 2448
[POS] Cache cargado en 1914 ms
[POS] Refrescando cache DBF...
[POS] Cargando DBF...
[POS] MAPRE: 40640
[POS] DPOFE: 2448
[POS] Cache cargado en 1943 ms
[POS] Refrescando cache DBF...
[POS] Cargando DBF...
[POS] MAPRE: 40640
[POS] DPOFE: 2448
[POS] Cache cargado en 1932 ms
[POS] Refrescando cache DBF...
[POS] Cargando DBF...
[POS] MAPRE: 40640
[POS] DPOFE: 2448
[POS] Cache cargado en 1935 ms
[POS] Refrescando cache DBF...
[POS] Cargando DBF...
[POS] MAPRE: 40640
[POS] DPOFE: 2448
[POS] Cache cargado en 1957 ms
[POS] Refrescando cache DBF...
[POS] Cargando DBF...
[POS] MAPRE: 40640
[POS] DPOFE: 2448
[POS] Cache cargado en 1923 ms
[POS] Refrescando cache DBF...
[POS] Cargando DBF...
[POS] MAPRE: 40640
[POS] DPOFE: 2448
[POS] Cache cargado en 1912 ms
[POS] Refrescando cache DBF...
[POS] Cargando DBF...
[POS] MAPRE: 40640
[POS] DPOFE: 2448
[POS] Cache cargado en 1909 ms
[POS] Refrescando cache DBF...
[POS] Cargando DBF...
[POS] MAPRE: 40640
[POS] DPOFE: 2448
[POS] Cache cargado en 1897 ms
[POS] Refrescando cache DBF...
[POS] Cargando DBF...
[POS] MAPRE: 40640
[POS] DPOFE: 2448
[POS] Cache cargado en 1928 ms
[POS] Refrescando cache DBF...
[POS] Cargando DBF...
[POS] MAPRE: 40640
[POS] DPOFE: 2448
[POS] Cache cargado en 1944 ms
[POS] Refrescando cache DBF...
[POS] Cargando DBF...
[POS] MAPRE: 40640
[POS] DPOFE: 2448
[POS] Cache cargado en 1938 ms
[POS] Refrescando cache DBF...
[POS] Cargando DBF...
[POS] MAPRE: 40640
[POS] DPOFE: 2448
[POS] Cache cargado en 1923 ms
[POS] Refrescando cache DBF...
[POS] Cargando DBF...
[POS] MAPRE: 40640
[POS] DPOFE: 2448
[POS] Cache cargado en 1927 ms
[POS] Refrescando cache DBF...
[POS] Cargando DBF...
[POS] MAPRE: 40640
[POS] DPOFE: 2448
[POS] Cache cargado en 1935 ms
[POS] Refrescando cache DBF...
[POS] Cargando DBF...
[POS] MAPRE: 40640
[POS] DPOFE: 2448
[POS] Cache cargado en 1914 ms
[POS] Refrescando cache DBF...
[POS] Cargando DBF...
[POS] MAPRE: 40640
[POS] DPOFE: 2448
[POS] Cache cargado en 1930 ms
[POS] Refrescando cache DBF...
[POS] Cargando DBF...
[POS] MAPRE: 40640
[POS] DPOFE: 2448
[POS] Cache cargado en 1922 ms
[POS] Refrescando cache DBF...
[POS] Cargando DBF...
[POS] MAPRE: 40640
[POS] DPOFE: 2448
[POS] Cache cargado en 1905 ms
[POS] Refrescando cache DBF...
[POS] Cargando DBF...
[POS] MAPRE: 40640
[POS] DPOFE: 2448
[POS] Cache cargado en 1907 ms
[POS] Refrescando cache DBF...
[POS] Cargando DBF...
[POS] MAPRE: 40640
[POS] DPOFE: 2448
[POS] Cache cargado en 1921 ms
[POS] Refrescando cache DBF...
[POS] Cargando DBF...
[POS] MAPRE: 40640
[POS] DPOFE: 2448
[POS] Cache cargado en 1947 ms
[POS] Refrescando cache DBF...
[POS] Cargando DBF...
[POS] MAPRE: 40640
[POS] DPOFE: 2448
[POS] Cache cargado en 1932 ms
[POS] Refrescando cache DBF...
[POS] Cargando DBF...
[POS] MAPRE: 40640
[POS] DPOFE: 2448
[POS] Cache cargado en 1918 ms
[POS] Refrescando cache DBF...
[POS] Cargando DBF...
[POS] MAPRE: 40640
[POS] DPOFE: 2448
[POS] Cache cargado en 1919 ms
[POS] Refrescando cache DBF...
[POS] Cargando DBF...
[POS] MAPRE: 40640
[POS] DPOFE: 2448
[POS] Cache cargado en 1916 ms
[POS] Refrescando cache DBF...
[POS] Cargando DBF...
[POS] MAPRE: 40640
[POS] DPOFE: 2448
[POS] Cache cargado en 1933 ms
[POS] Refrescando cache DBF...
[POS] Cargando DBF...
[POS] MAPRE: 40640
[POS] DPOFE: 2448
[POS] Cache cargado en 1920 ms
[POS] Refrescando cache DBF...
[POS] Cargando DBF...
[POS] MAPRE: 40640
[POS] DPOFE: 2448
[POS] Cache cargado en 1910 ms
[POS] Refrescando cache DBF...
[POS] Cargando DBF...
[POS] MAPRE: 40640
[POS] DPOFE: 2448
[POS] Cache cargado en 1930 ms
[POS] Refrescando cache DBF...
[POS] Cargando DBF...
[POS] MAPRE: 40640
[POS] DPOFE: 2448
[POS] Cache cargado en 1925 ms
[POS] Refrescando cache DBF...
[POS] Cargando DBF...
[POS] MAPRE: 40640
[POS] DPOFE: 2448
[POS] Cache cargado en 1924 ms
[POS] Refrescando cache DBF...
[POS] Cargando DBF...
[POS] MAPRE: 40640
[POS] DPOFE: 2448
[POS] Cache cargado en 1904 ms
[POS] Refrescando cache DBF...
[POS] Cargando DBF...
[POS] MAPRE: 40640
[POS] DPOFE: 2448
[POS] Cache cargado en 1914 ms
[POS] Refrescando cache DBF...
[POS] Cargando DBF...
[POS] MAPRE: 40640
[POS] DPOFE: 2448
[POS] Cache cargado en 1919 ms
[POS] Refrescando cache DBF...
[POS] Cargando DBF...
[POS] MAPRE: 40640
[POS] DPOFE: 2448
[POS] Cache cargado en 1905 ms
[POS] Refrescando cache DBF...
[POS] Cargando DBF...
[POS] MAPRE: 40640
[POS] DPOFE: 2448
[POS] Cache cargado en 1909 ms
[POS] Refrescando cache DBF...
[POS] Cargando DBF...
[POS] MAPRE: 40640
[POS] DPOFE: 2448
[POS] Cache cargado en 1968 ms
[POS] Refrescando cache DBF...
[POS] Cargando DBF...
[POS] MAPRE: 40640
[POS] DPOFE: 2448
[POS] Cache cargado en 1964 ms
[POS] Refrescando cache DBF...
[POS] Cargando DBF...
[POS] MAPRE: 40640
[POS] DPOFE: 2448
[POS] Cache cargado en 1918 ms
[POS] Refrescando cache DBF...
[POS] Cargando DBF...
[POS] MAPRE: 40640
[POS] DPOFE: 2448
[POS] Cache cargado en 1936 ms
[POS] Refrescando cache DBF...
[POS] Cargando DBF...
[POS] MAPRE: 40640
[POS] DPOFE: 2448
[POS] Cache cargado en 1955 ms
[POS] Refrescando cache DBF...
[POS] Cargando DBF...
[POS] MAPRE: 40640
[POS] DPOFE: 2448
[POS] Cache cargado en 1926 ms
[POS] Refrescando cache DBF...
[POS] Cargando DBF...
[POS] MAPRE: 40640
[POS] DPOFE: 2448
[POS] Cache cargado en 1919 ms
[POS] Refrescando cache DBF...
[POS] Cargando DBF...
[POS] MAPRE: 40640
[POS] DPOFE: 2448
[POS] Cache cargado en 1915 ms
[POS] Refrescando cache DBF...
[POS] Cargando DBF...
[POS] MAPRE: 40640
[POS] DPOFE: 2448
[POS] Cache cargado en 1921 ms
[POS] Refrescando cache DBF...
[POS] Cargando DBF...
[POS] MAPRE: 40640
[POS] DPOFE: 2448
[POS] Cache cargado en 1927 ms
[POS] Refrescando cache DBF...
[POS] Cargando DBF...
[POS] MAPRE: 40640
[POS] DPOFE: 2448
[POS] Cache cargado en 1930 ms
[POS] Refrescando cache DBF...
[POS] Cargando DBF...
[POS] MAPRE: 40640
[POS] DPOFE: 2448
[POS] Cache cargado en 1905 ms
[POS] Refrescando cache DBF...
[POS] Cargando DBF...
[POS] MAPRE: 40640
[POS] DPOFE: 2448
[POS] Cache cargado en 1910 ms
[POS] Refrescando cache DBF...
[POS] Cargando DBF...
[POS] MAPRE: 40640
[POS] DPOFE: 2448
[POS] Cache cargado en 1920 ms
[POS] Refrescando cache DBF...
[POS] Cargando DBF...
[POS] MAPRE: 40640
[POS] DPOFE: 2448
[POS] Cache cargado en 1928 ms
[POS] Refrescando cache DBF...
[POS] Cargando DBF...
[POS] MAPRE: 40640
[POS] DPOFE: 2448
[POS] Cache cargado en 1937 ms
[POS] Refrescando cache DBF...
[POS] Cargando DBF...
[POS] MAPRE: 40640
[POS] DPOFE: 2448
[POS] Cache cargado en 1902 ms
[POS] Refrescando cache DBF...
[POS] Cargando DBF...
[POS] MAPRE: 40640
[POS] DPOFE: 2448
[POS] Cache cargado en 1912 ms
[POS] Refrescando cache DBF...
[POS] Cargando DBF...
[POS] MAPRE: 40640
[POS] DPOFE: 2448
[POS] Cache cargado en 1914 ms
[POS] Refrescando cache DBF...
[POS] Cargando DBF...
[POS] MAPRE: 40640
[POS] DPOFE: 2448
[POS] Cache cargado en 1937 ms
[POS] Refrescando cache DBF...
[POS] Cargando DBF...
[POS] MAPRE: 40640
[POS] DPOFE: 2448
[POS] Cache cargado en 1923 ms
[POS] Refrescando cache DBF...
[POS] Cargando DBF...
[POS] MAPRE: 40640
[POS] DPOFE: 2448
[POS] Cache cargado en 1917 ms
[POS] Refrescando cache DBF...
[POS] Cargando DBF...
[POS] MAPRE: 40640
[POS] DPOFE: 2448
[POS] Cache cargado en 1897 ms
[POS] Refrescando cache DBF...
[POS] Cargando DBF...
[POS] MAPRE: 40640
[POS] DPOFE: 2448
[POS] Cache cargado en 1910 ms
[POS] Refrescando cache DBF...
[POS] Cargando DBF...
[POS] MAPRE: 40640
[POS] DPOFE: 2448
[POS] Cache cargado en 1958 ms
[POS] Refrescando cache DBF...
[POS] Cargando DBF...
[POS] MAPRE: 40640
[POS] DPOFE: 2448
[POS] Cache cargado en 1931 ms
[POS] Refrescando cache DBF...
[POS] Cargando DBF...
[POS] MAPRE: 40640
[POS] DPOFE: 2448
[POS] Cache cargado en 1915 ms
[POS] Refrescando cache DBF...
[POS] Cargando DBF...
[POS] MAPRE: 40640
[POS] DPOFE: 2448
[POS] Cache cargado en 1915 ms
[POS] Refrescando cache DBF...
[POS] Cargando DBF...
[POS] MAPRE: 40640
[POS] DPOFE: 2448
[POS] Cache cargado en 1913 ms
[POS] Refrescando cache DBF...
[POS] Cargando DBF...
[POS] MAPRE: 40640
[POS] DPOFE: 2448
[POS] Cache cargado en 1927 ms
[POS] Refrescando cache DBF...
[POS] Cargando DBF...
[POS] MAPRE: 40640
[POS] DPOFE: 2448
[POS] Cache cargado en 1916 ms
[POS] Refrescando cache DBF...
[POS] Cargando DBF...
[POS] MAPRE: 40640
[POS] DPOFE: 2448
[POS] Cache cargado en 1901 ms
[POS] Refrescando cache DBF...
[POS] Cargando DBF...
[POS] MAPRE: 40640
[POS] DPOFE: 2448
[POS] Cache cargado en 1907 ms
[POS] Refrescando cache DBF...
[POS] Cargando DBF...
[POS] MAPRE: 40640
[POS] DPOFE: 2448
[POS] Cache cargado en 1931 ms
[POS] Refrescando cache DBF...
[POS] Cargando DBF...
[POS] MAPRE: 40640
[POS] DPOFE: 2448
[POS] Cache cargado en 1892 ms
[POS] Refrescando cache DBF...
[POS] Cargando DBF...
[POS] MAPRE: 40640
[POS] DPOFE: 2448
[POS] Cache cargado en 1916 ms
[POS] Refrescando cache DBF...
[POS] Cargando DBF...
[POS] MAPRE: 40640
[POS] DPOFE: 2448
[POS] Cache cargado en 1920 ms
[POS] Refrescando cache DBF...
[POS] Cargando DBF...
[POS] MAPRE: 40640
[POS] DPOFE: 2448
[POS] Cache cargado en 1906 ms
[POS] Refrescando cache DBF...
[POS] Cargando DBF...
[POS] MAPRE: 40640
[POS] DPOFE: 2448
[POS] Cache cargado en 1937 ms
[POS] Refrescando cache DBF...
[POS] Cargando DBF...
[POS] MAPRE: 40640
[POS] DPOFE: 2448
[POS] Cache cargado en 1909 ms
[POS] Refrescando cache DBF...
[POS] Cargando DBF...
[POS] MAPRE: 40640
[POS] DPOFE: 2448
[POS] Cache cargado en 1927 ms
[POS] Refrescando cache DBF...
[POS] Cargando DBF...
[POS] MAPRE: 40640
[POS] DPOFE: 2448
[POS] Cache cargado en 1919 ms
[POS] Refrescando cache DBF...
[POS] Cargando DBF...
[POS] MAPRE: 40640
[POS] DPOFE: 2448
[POS] Cache cargado en 1919 ms
[POS] Refrescando cache DBF...
[POS] Cargando DBF...
[POS] MAPRE: 40640
[POS] DPOFE: 2448
[POS] Cache cargado en 1919 ms
[POS] Refrescando cache DBF...
[POS] Cargando DBF...
[POS] MAPRE: 40640
[POS] DPOFE: 2448
[POS] Cache cargado en 1913 ms
[POS] Refrescando cache DBF...
[POS] Cargando DBF...
[POS] MAPRE: 40640
[POS] DPOFE: 2448
[POS] Cache cargado en 1902 ms
[POS] Refrescando cache DBF...
[POS] Cargando DBF...
[POS] MAPRE: 40640
[POS] DPOFE: 2448
[POS] Cache cargado en 1917 ms
[POS] Refrescando cache DBF...
[POS] Cargando DBF...
[POS] MAPRE: 40640
[POS] DPOFE: 2448
[POS] Cache cargado en 1938 ms
[POS] Refrescando cache DBF...
[POS] Cargando DBF...
[POS] MAPRE: 40640
[POS] DPOFE: 2448
[POS] Cache cargado en 1934 ms
[POS] Refrescando cache DBF...
[POS] Cargando DBF...
[POS] MAPRE: 40640
[POS] DPOFE: 2448
[POS] Cache cargado en 1925 ms
[POS] Refrescando cache DBF...
[POS] Cargando DBF...
[POS] MAPRE: 40640
[POS] DPOFE: 2448
[POS] Cache cargado en 1921 ms
[POS] Refrescando cache DBF...
[POS] Cargando DBF...
[POS] MAPRE: 40640
[POS] DPOFE: 2448
[POS] Cache cargado en 1906 ms
[POS] Refrescando cache DBF...
[POS] Cargando DBF...
[POS] MAPRE: 40640
[POS] DPOFE: 2448
[POS] Cache cargado en 1925 ms
[POS] Refrescando cache DBF...
[POS] Cargando DBF...
[POS] MAPRE: 40640
[POS] DPOFE: 2448
[POS] Cache cargado en 1915 ms
[POS] Refrescando cache DBF...
[POS] Cargando DBF...
[POS] MAPRE: 40640
[POS] DPOFE: 2448
[POS] Cache cargado en 1917 ms
[POS] Refrescando cache DBF...
[POS] Cargando DBF...
[POS] MAPRE: 40640
[POS] DPOFE: 2448
[POS] Cache cargado en 1909 ms
[POS] Refrescando cache DBF...
[POS] Cargando DBF...
[POS] MAPRE: 40640
[POS] DPOFE: 2448
[POS] Cache cargado en 1914 ms
[POS] Refrescando cache DBF...
[POS] Cargando DBF...
[POS] MAPRE: 40640
[POS] DPOFE: 2448
[POS] Cache cargado en 1935 ms
[POS] Refrescando cache DBF...
[POS] Cargando DBF...
[POS] MAPRE: 40640
[POS] DPOFE: 2448
[POS] Cache cargado en 1907 ms
[POS] Refrescando cache DBF...
[POS] Cargando DBF...
[POS] MAPRE: 40640
[POS] DPOFE: 2448
[POS] Cache cargado en 1912 ms
[POS] Refrescando cache DBF...
[POS] Cargando DBF...
[POS] MAPRE: 40640
[POS] DPOFE: 2448
[POS] Cache cargado en 1908 ms
[POS] Refrescando cache DBF...
[POS] Cargando DBF...
[POS] MAPRE: 40640
[POS] DPOFE: 2448
[POS] Cache cargado en 1905 ms
[POS] Refrescando cache DBF...
[POS] Cargando DBF...
[POS] MAPRE: 40640
[POS] DPOFE: 2448
[POS] Cache cargado en 1913 ms
[POS] Refrescando cache DBF...
[POS] Cargando DBF...
[POS] MAPRE: 40640
[POS] DPOFE: 2448
[POS] Cache cargado en 1899 ms
[POS] Refrescando cache DBF...
[POS] Cargando DBF...
[POS] MAPRE: 40640
[POS] DPOFE: 2448
[POS] Cache cargado en 1932 ms
[POS] Refrescando cache DBF...
[POS] Cargando DBF...
[POS] MAPRE: 40640
[POS] DPOFE: 2448
[POS] Cache cargado en 1917 ms
[POS] Refrescando cache DBF...
[POS] Cargando DBF...
[POS] MAPRE: 40640
[POS] DPOFE: 2448
[POS] Cache cargado en 1917 ms
[POS] Refrescando cache DBF...
[POS] Cargando DBF...
[POS] MAPRE: 40640
[POS] DPOFE: 2448
[POS] Cache cargado en 1928 ms
[POS] Refrescando cache DBF...
[POS] Cargando DBF...
[POS] MAPRE: 40640
[POS] DPOFE: 2448
[POS] Cache cargado en 1935 ms
[POS] Refrescando cache DBF...
[POS] Cargando DBF...
[POS] MAPRE: 40640
[POS] DPOFE: 2448
[POS] Cache cargado en 1924 ms
[POS] Refrescando cache DBF...
[POS] Cargando DBF...
[POS] MAPRE: 40640
[POS] DPOFE: 2448
[POS] Cache cargado en 1913 ms
[POS] Refrescando cache DBF...
[POS] Cargando DBF...
[POS] MAPRE: 40640
[POS] DPOFE: 2448
[POS] Cache cargado en 1898 ms
[POS] Refrescando cache DBF...
[POS] Cargando DBF...
[POS] MAPRE: 40640
[POS] DPOFE: 2448
[POS] Cache cargado en 1936 ms
[POS] Refrescando cache DBF...
[POS] Cargando DBF...
[POS] MAPRE: 40640
[POS] DPOFE: 2448
[POS] Cache cargado en 1911 ms
[POS] Refrescando cache DBF...
[POS] Cargando DBF...
[POS] MAPRE: 40640
[POS] DPOFE: 2448
[POS] Cache cargado en 1918 ms
[POS] Refrescando cache DBF...
[POS] Cargando DBF...
[POS] MAPRE: 40640
[POS] DPOFE: 2448
[POS] Cache cargado en 1894 ms
[POS] Refrescando cache DBF...
[POS] Cargando DBF...
[POS] MAPRE: 40640
[POS] DPOFE: 2448
[POS] Cache cargado en 1925 ms
[POS] Refrescando cache DBF...
[POS] Cargando DBF...
[POS] MAPRE: 40640
[POS] DPOFE: 2448
[POS] Cache cargado en 1920 ms
[POS] Refrescando cache DBF...
[POS] Cargando DBF...
[POS] MAPRE: 40640
[POS] DPOFE: 2448
[POS] Cache cargado en 1936 ms
[POS] Refrescando cache DBF...
[POS] Cargando DBF...
[POS] MAPRE: 40640
[POS] DPOFE: 2448
[POS] Cache cargado en 1921 ms
[POS] Refrescando cache DBF...
[POS] Cargando DBF...
[POS] MAPRE: 40640
[POS] DPOFE: 2448
[POS] Cache cargado en 1928 ms
[POS] Refrescando cache DBF...
[POS] Cargando DBF...
[POS] MAPRE: 40640
[POS] DPOFE: 2448
[POS] Cache cargado en 1920 ms
[POS] Refrescando cache DBF...
[POS] Cargando DBF...
[POS] MAPRE: 40640
[POS] DPOFE: 2448
[POS] Cache cargado en 1905 ms
[POS] Refrescando cache DBF...
[POS] Cargando DBF...
[POS] MAPRE: 40640
[POS] DPOFE: 2448
[POS] Cache cargado en 1925 ms
[POS] Refrescando cache DBF...
[POS] Cargando DBF...
[POS] MAPRE: 40640
[POS] DPOFE: 2448
[POS] Cache cargado en 1942 ms
[POS] Refrescando cache DBF...
[POS] Cargando DBF...
[POS] MAPRE: 40640
[POS] DPOFE: 2448
[POS] Cache cargado en 1922 ms
[POS] Refrescando cache DBF...
[POS] Cargando DBF...
[POS] MAPRE: 40640
[POS] DPOFE: 2448
[POS] Cache cargado en 1927 ms
[POS] Refrescando cache DBF...
[POS] Cargando DBF...
[POS] MAPRE: 40640
[POS] DPOFE: 2448
[POS] Cache cargado en 1931 ms
[POS] Refrescando cache DBF...
[POS] Cargando DBF...
[POS] MAPRE: 40640
[POS] DPOFE: 2448
[POS] Cache cargado en 1946 ms
[POS] Refrescando cache DBF...
[POS] Cargando DBF...
[POS] MAPRE: 40640
[POS] DPOFE: 2448
[POS] Cache cargado en 1906 ms
[POS] Refrescando cache DBF...
[POS] Cargando DBF...
[POS] MAPRE: 40640
[POS] DPOFE: 2448
[POS] Cache cargado en 1897 ms
[POS] Refrescando cache DBF...
[POS] Cargando DBF...
[POS] MAPRE: 40640
[POS] DPOFE: 2448
[POS] Cache cargado en 1906 ms
[POS] Refrescando cache DBF...
[POS] Cargando DBF...
[POS] MAPRE: 40640
[POS] DPOFE: 2448
[POS] Cache cargado en 1925 ms
[POS] Refrescando cache DBF...
[POS] Cargando DBF...
[POS] MAPRE: 40640
[POS] DPOFE: 2448
[POS] Cache cargado en 1914 ms
[POS] Refrescando cache DBF...
[POS] Cargando DBF...
[POS] MAPRE: 40640
[POS] DPOFE: 2448
[POS] Cache cargado en 1897 ms
[POS] Refrescando cache DBF...
[POS] Cargando DBF...
[POS] MAPRE: 40640
[POS] DPOFE: 2448
[POS] Cache cargado en 1904 ms
[POS] Refrescando cache DBF...
[POS] Cargando DBF...
[POS] MAPRE: 40640
[POS] DPOFE: 2448
[POS] Cache cargado en 1911 ms
[POS] Refrescando cache DBF...
[POS] Cargando DBF...
[POS] MAPRE: 40640
[POS] DPOFE: 2448
[POS] Cache cargado en 1950 ms
[POS] Refrescando cache DBF...
[POS] Cargando DBF...
[POS] MAPRE: 40640
[POS] DPOFE: 2448
[POS] Cache cargado en 1934 ms
[POS] Refrescando cache DBF...
[POS] Cargando DBF...
[POS] MAPRE: 40640
[POS] DPOFE: 2448
[POS] Cache cargado en 1912 ms
[POS] Refrescando cache DBF...
[POS] Cargando DBF...
[POS] MAPRE: 40640
[POS] DPOFE: 2448
[POS] Cache cargado en 1921 ms
[POS] Refrescando cache DBF...
[POS] Cargando DBF...
[POS] MAPRE: 40640
[POS] DPOFE: 2448
[POS] Cache cargado en 1904 ms
[POS] Refrescando cache DBF...
[POS] Cargando DBF...
[POS] MAPRE: 40640
[POS] DPOFE: 2448
[POS] Cache cargado en 1922 ms
[POS] Refrescando cache DBF...
[POS] Cargando DBF...
[POS] MAPRE: 40640
[POS] DPOFE: 2448
[POS] Cache cargado en 1925 ms
[POS] Refrescando cache DBF...
[POS] Cargando DBF...
[POS] MAPRE: 40640
[POS] DPOFE: 2448
[POS] Cache cargado en 1920 ms
[POS] Refrescando cache DBF...
[POS] Cargando DBF...
[POS] MAPRE: 40640
[POS] DPOFE: 2448
[POS] Cache cargado en 1904 ms
[POS] Refrescando cache DBF...
[POS] Cargando DBF...
[POS] MAPRE: 40640
[POS] DPOFE: 2448
[POS] Cache cargado en 1915 ms
[POS] Refrescando cache DBF...
[POS] Cargando DBF...
[POS] MAPRE: 40640
[POS] DPOFE: 2448
[POS] Cache cargado en 1934 ms
[POS] Refrescando cache DBF...
[POS] Cargando DBF...
[POS] MAPRE: 40640
[POS] DPOFE: 2448
[POS] Cache cargado en 1917 ms
[POS] Refrescando cache DBF...
[POS] Cargando DBF...
[POS] MAPRE: 40640
[POS] DPOFE: 2448
[POS] Cache cargado en 1912 ms
[POS] Refrescando cache DBF...
[POS] Cargando DBF...
[POS] MAPRE: 40640
[POS] DPOFE: 2448
[POS] Cache cargado en 1916 ms
[POS] Refrescando cache DBF...
[POS] Cargando DBF...
[POS] MAPRE: 40640
[POS] DPOFE: 2448
[POS] Cache cargado en 1906 ms
[POS] Refrescando cache DBF...
[POS] Cargando DBF...
[POS] MAPRE: 40640
[POS] DPOFE: 2448
[POS] Cache cargado en 1921 ms
[POS] Refrescando cache DBF...
[POS] Cargando DBF...
[POS] MAPRE: 40640
[POS] DPOFE: 2448
[POS] Cache cargado en 1915 ms
[POS] Refrescando cache DBF...
[POS] Cargando DBF...
[POS] MAPRE: 40640
[POS] DPOFE: 2448
[POS] Cache cargado en 1927 ms
[POS] Refrescando cache DBF...
[POS] Cargando DBF...
[POS] MAPRE: 40640
[POS] DPOFE: 2448
[POS] Cache cargado en 1885 ms
[POS] Refrescando cache DBF...
[POS] Cargando DBF...
[POS] MAPRE: 40640
[POS] DPOFE: 2448
[POS] Cache cargado en 1910 ms
[POS] Refrescando cache DBF...
[POS] Cargando DBF...
[POS] MAPRE: 40640
[POS] DPOFE: 2448
[POS] Cache cargado en 1936 ms
[POS] Refrescando cache DBF...
[POS] Cargando DBF...
[POS] MAPRE: 40640
[POS] DPOFE: 2448
[POS] Cache cargado en 1913 ms
[POS] Refrescando cache DBF...
[POS] Cargando DBF...
[POS] MAPRE: 40640
[POS] DPOFE: 2448
[POS] Cache cargado en 1935 ms
[POS] Refrescando cache DBF...
[POS] Cargando DBF...
[POS] MAPRE: 40640
[POS] DPOFE: 2448
[POS] Cache cargado en 1920 ms
[POS] Refrescando cache DBF...
[POS] Cargando DBF...
[POS] MAPRE: 40640
[POS] DPOFE: 2448
[POS] Cache cargado en 1909 ms
[POS] Refrescando cache DBF...
[POS] Cargando DBF...
[POS] MAPRE: 40640
[POS] DPOFE: 2448
[POS] Cache cargado en 1899 ms
[POS] Refrescando cache DBF...
[POS] Cargando DBF...
[POS] MAPRE: 40640
[POS] DPOFE: 2448
[POS] Cache cargado en 1895 ms
[POS] Refrescando cache DBF...
[POS] Cargando DBF...
[POS] MAPRE: 40640
[POS] DPOFE: 2448
[POS] Cache cargado en 1917 ms
[POS] Refrescando cache DBF...
[POS] Cargando DBF...
[POS] MAPRE: 40640
[POS] DPOFE: 2448
[POS] Cache cargado en 1919 ms
[POS] Refrescando cache DBF...
[POS] Cargando DBF...
[POS] MAPRE: 40640
[POS] DPOFE: 2448
[POS] Cache cargado en 1918 ms
[POS] Refrescando cache DBF...
[POS] Cargando DBF...
[POS] MAPRE: 40640
[POS] DPOFE: 2448
[POS] Cache cargado en 1929 ms
[POS] Refrescando cache DBF...
[POS] Cargando DBF...
[POS] MAPRE: 40640
[POS] DPOFE: 2448
[POS] Cache cargado en 1929 ms
[POS] Refrescando cache DBF...
[POS] Cargando DBF...
[POS] MAPRE: 40640
[POS] DPOFE: 2448
[POS] Cache cargado en 1917 ms
[POS] Refrescando cache DBF...
[POS] Cargando DBF...
[POS] MAPRE: 40640
[POS] DPOFE: 2448
[POS] Cache cargado en 1904 ms
[POS] Refrescando cache DBF...
[POS] Cargando DBF...
[POS] MAPRE: 40640
[POS] DPOFE: 2448
[POS] Cache cargado en 1901 ms
[POS] Refrescando cache DBF...
[POS] Cargando DBF...
[POS] MAPRE: 40640
[POS] DPOFE: 2448
[POS] Cache cargado en 1905 ms
[POS] Refrescando cache DBF...
[POS] Cargando DBF...
[POS] MAPRE: 40640
[POS] DPOFE: 2448
[POS] Cache cargado en 1899 ms
[POS] Refrescando cache DBF...
[POS] Cargando DBF...
[POS] MAPRE: 40640
[POS] DPOFE: 2448
[POS] Cache cargado en 1912 ms
[POS] Refrescando cache DBF...
[POS] Cargando DBF...
[POS] MAPRE: 40640
[POS] DPOFE: 2448
[POS] Cache cargado en 1938 ms
[POS] Refrescando cache DBF...
[POS] Cargando DBF...
[POS] MAPRE: 40640
[POS] DPOFE: 2448
[POS] Cache cargado en 1925 ms
[POS] Refrescando cache DBF...
[POS] Cargando DBF...
[POS] MAPRE: 40640
[POS] DPOFE: 2448
[POS] Cache cargado en 1898 ms
[POS] Refrescando cache DBF...
[POS] Cargando DBF...
[POS] MAPRE: 40640
[POS] DPOFE: 2448
[POS] Cache cargado en 1938 ms
[POS] Refrescando cache DBF...
[POS] Cargando DBF...
[POS] MAPRE: 40640
[POS] DPOFE: 2448
[POS] Cache cargado en 1912 ms
[POS] Refrescando cache DBF...
[POS] Cargando DBF...
[POS] MAPRE: 40640
[POS] DPOFE: 2448
[POS] Cache cargado en 1915 ms
[POS] Refrescando cache DBF...
[POS] Cargando DBF...
[POS] MAPRE: 40640
[POS] DPOFE: 2448
[POS] Cache cargado en 1914 ms
[POS] Refrescando cache DBF...
[POS] Cargando DBF...
[POS] MAPRE: 40640
[POS] DPOFE: 2448
[POS] Cache cargado en 1922 ms
[POS] Refrescando cache DBF...
[POS] Cargando DBF...
[POS] MAPRE: 40640
[POS] DPOFE: 2448
[POS] Cache cargado en 1920 ms
[POS] Refrescando cache DBF...
[POS] Cargando DBF...
[POS] MAPRE: 40640
[POS] DPOFE: 2448
[POS] Cache cargado en 1918 ms
[POS] Refrescando cache DBF...
[POS] Cargando DBF...
[POS] MAPRE: 40640
[POS] DPOFE: 2448
[POS] Cache cargado en 1920 ms
[POS] Refrescando cache DBF...
[POS] Cargando DBF...
[POS] MAPRE: 40640
[POS] DPOFE: 2448
[POS] Cache cargado en 1930 ms
[POS] Refrescando cache DBF...
[POS] Cargando DBF...
[POS] MAPRE: 40640
[POS] DPOFE: 2448
[POS] Cache cargado en 1918 ms
[POS] Refrescando cache DBF...
[POS] Cargando DBF...
[POS] MAPRE: 40640
[POS] DPOFE: 2448
[POS] Cache cargado en 1962 ms
[POS] Refrescando cache DBF...
[POS] Cargando DBF...
[POS] MAPRE: 40640
[POS] DPOFE: 2448
[POS] Cache cargado en 1923 ms
[POS] Refrescando cache DBF...
[POS] Cargando DBF...
[POS] MAPRE: 40640
[POS] DPOFE: 2448
[POS] Cache cargado en 1923 ms
[POS] Refrescando cache DBF...
[POS] Cargando DBF...
[POS] MAPRE: 40640
[POS] DPOFE: 2448
[POS] Cache cargado en 1909 ms
[POS] Refrescando cache DBF...
[POS] Cargando DBF...
[POS] MAPRE: 40640
[POS] DPOFE: 2448
[POS] Cache cargado en 1947 ms
[POS] Refrescando cache DBF...
[POS] Cargando DBF...
[POS] MAPRE: 40640
[POS] DPOFE: 2448
[POS] Cache cargado en 1946 ms
[POS] Refrescando cache DBF...
[POS] Cargando DBF...
[POS] MAPRE: 40640
[POS] DPOFE: 2448
[POS] Cache cargado en 1930 ms
[POS] Refrescando cache DBF...
[POS] Cargando DBF...
[POS] MAPRE: 40640
[POS] DPOFE: 2448
[POS] Cache cargado en 1906 ms
[POS] Refrescando cache DBF...
[POS] Cargando DBF...
[POS] MAPRE: 40640
[POS] DPOFE: 2448
[POS] Cache cargado en 1895 ms
[POS] Refrescando cache DBF...
[POS] Cargando DBF...
[POS] MAPRE: 40640
[POS] DPOFE: 2448
[POS] Cache cargado en 1919 ms
[POS] Refrescando cache DBF...
[POS] Cargando DBF...
[POS] MAPRE: 40640
[POS] DPOFE: 2448
[POS] Cache cargado en 1937 ms
[POS] Refrescando cache DBF...
[POS] Cargando DBF...
[POS] MAPRE: 40640
[POS] DPOFE: 2448
[POS] Cache cargado en 1924 ms
[POS] Refrescando cache DBF...
[POS] Cargando DBF...
[POS] MAPRE: 40640
[POS] DPOFE: 2448
[POS] Cache cargado en 1925 ms
[POS] Refrescando cache DBF...
[POS] Cargando DBF...
[POS] MAPRE: 40640
[POS] DPOFE: 2448
[POS] Cache cargado en 1907 ms
[POS] Refrescando cache DBF...
[POS] Cargando DBF...
[POS] MAPRE: 40640
[POS] DPOFE: 2448
[POS] Cache cargado en 1920 ms
[POS] Refrescando cache DBF...
[POS] Cargando DBF...
[POS] MAPRE: 40640
[POS] DPOFE: 2448
[POS] Cache cargado en 1911 ms
[POS] Refrescando cache DBF...
[POS] Cargando DBF...
[POS] MAPRE: 40640
[POS] DPOFE: 2448
[POS] Cache cargado en 1929 ms
[POS] Refrescando cache DBF...
[POS] Cargando DBF...
[POS] MAPRE: 40640
[POS] DPOFE: 2448
[POS] Cache cargado en 1928 ms
[POS] Refrescando cache DBF...
[POS] Cargando DBF...
[POS] MAPRE: 40640
[POS] DPOFE: 2448
[POS] Cache cargado en 1944 ms
[POS] Refrescando cache DBF...
[POS] Cargando DBF...
[POS] MAPRE: 40640
[POS] DPOFE: 2448
[POS] Cache cargado en 1923 ms
[POS] Refrescando cache DBF...
[POS] Cargando DBF...
[POS] MAPRE: 40640
[POS] DPOFE: 2448
[POS] Cache cargado en 1932 ms
[POS] Refrescando cache DBF...
[POS] Cargando DBF...
[POS] MAPRE: 40640
[POS] DPOFE: 2448
[POS] Cache cargado en 1911 ms
[POS] Refrescando cache DBF...
[POS] Cargando DBF...
[POS] MAPRE: 40640
[POS] DPOFE: 2448
[POS] Cache cargado en 1926 ms
[POS] Refrescando cache DBF...
[POS] Cargando DBF...
[POS] MAPRE: 40640
[POS] DPOFE: 2448
[POS] Cache cargado en 1900 ms
[POS] Refrescando cache DBF...
[POS] Cargando DBF...
[POS] MAPRE: 40640
[POS] DPOFE: 2448
[POS] Cache cargado en 1928 ms
[POS] Refrescando cache DBF...
[POS] Cargando DBF...
[POS] MAPRE: 40640
[POS] DPOFE: 2448
[POS] Cache cargado en 1911 ms
[POS] Refrescando cache DBF...
[POS] Cargando DBF...
[POS] MAPRE: 40640
[POS] DPOFE: 2448
[POS] Cache cargado en 1923 ms
[POS] Refrescando cache DBF...
[POS] Cargando DBF...
[POS] MAPRE: 40640
[POS] DPOFE: 2448
[POS] Cache cargado en 1923 ms
[POS] Refrescando cache DBF...
[POS] Cargando DBF...
[POS] MAPRE: 40640
[POS] DPOFE: 2448
[POS] Cache cargado en 1905 ms
[POS] Refrescando cache DBF...
[POS] Cargando DBF...
[POS] MAPRE: 40640
[POS] DPOFE: 2448
[POS] Cache cargado en 1924 ms
[POS] Refrescando cache DBF...
[POS] Cargando DBF...
[POS] MAPRE: 40640
[POS] DPOFE: 2448
[POS] Cache cargado en 1941 ms
[POS] Refrescando cache DBF...
[POS] Cargando DBF...
[POS] MAPRE: 40640
[POS] DPOFE: 2448
[POS] Cache cargado en 1903 ms
[POS] Refrescando cache DBF...
[POS] Cargando DBF...
[POS] MAPRE: 40640
[POS] DPOFE: 2448
[POS] Cache cargado en 1909 ms
[POS] Refrescando cache DBF...
[POS] Cargando DBF...
[POS] MAPRE: 40640
[POS] DPOFE: 2448
[POS] Cache cargado en 1925 ms
[POS] Refrescando cache DBF...
[POS] Cargando DBF...
[POS] MAPRE: 40640
[POS] DPOFE: 2448
[POS] Cache cargado en 1917 ms
[POS] Refrescando cache DBF...
[POS] Cargando DBF...
[POS] MAPRE: 40640
[POS] DPOFE: 2448
[POS] Cache cargado en 1906 ms
[POS] Refrescando cache DBF...
[POS] Cargando DBF...
[POS] MAPRE: 40640
[POS] DPOFE: 2448
[POS] Cache cargado en 1921 ms
[POS] Refrescando cache DBF...
[POS] Cargando DBF...
[POS] MAPRE: 40640
[POS] DPOFE: 2448
[POS] Cache cargado en 1901 ms
[POS] Refrescando cache DBF...
[POS] Cargando DBF...
[POS] MAPRE: 40640
[POS] DPOFE: 2448
[POS] Cache cargado en 1888 ms
[POS] Refrescando cache DBF...
[POS] Cargando DBF...
[POS] MAPRE: 40640
[POS] DPOFE: 2448
[POS] Cache cargado en 1918 ms
[POS] Refrescando cache DBF...
[POS] Cargando DBF...
[POS] MAPRE: 40640
[POS] DPOFE: 2448
[POS] Cache cargado en 1931 ms
[POS] Refrescando cache DBF...
[POS] Cargando DBF...
[POS] MAPRE: 40640
[POS] DPOFE: 2448
[POS] Cache cargado en 1911 ms
[POS] Refrescando cache DBF...
[POS] Cargando DBF...
[POS] MAPRE: 40640
[POS] DPOFE: 2448
[POS] Cache cargado en 1919 ms
[POS] Refrescando cache DBF...
[POS] Cargando DBF...
[POS] MAPRE: 40640
[POS] DPOFE: 2448
[POS] Cache cargado en 1913 ms
[POS] Refrescando cache DBF...
[POS] Cargando DBF...
[POS] MAPRE: 40640
[POS] DPOFE: 2448
[POS] Cache cargado en 1924 ms
[POS] Refrescando cache DBF...
[POS] Cargando DBF...
[POS] MAPRE: 40640
[POS] DPOFE: 2448
[POS] Cache cargado en 1954 ms
[POS] Refrescando cache DBF...
[POS] Cargando DBF...
[POS] MAPRE: 40640
[POS] DPOFE: 2448
[POS] Cache cargado en 1943 ms
[POS] Refrescando cache DBF...
[POS] Cargando DBF...
[POS] MAPRE: 40640
[POS] DPOFE: 2448
[POS] Cache cargado en 1916 ms
[POS] Refrescando cache DBF...
[POS] Cargando DBF...
[POS] MAPRE: 40640
[POS] DPOFE: 2448
[POS] Cache cargado en 1917 ms
[POS] Refrescando cache DBF...
[POS] Cargando DBF...
[POS] MAPRE: 40640
[POS] DPOFE: 2448
[POS] Cache cargado en 1929 ms
[POS] Refrescando cache DBF...
[POS] Cargando DBF...
[POS] MAPRE: 40640
[POS] DPOFE: 2448
[POS] Cache cargado en 1942 ms
[POS] Refrescando cache DBF...
[POS] Cargando DBF...
[POS] MAPRE: 40640
[POS] DPOFE: 2448
[POS] Cache cargado en 1926 ms
[POS] Refrescando cache DBF...
[POS] Cargando DBF...
[POS] MAPRE: 40640
[POS] DPOFE: 2448
[POS] Cache cargado en 1941 ms
[POS] Refrescando cache DBF...
[POS] Cargando DBF...
[POS] MAPRE: 40640
[POS] DPOFE: 2448
[POS] Cache cargado en 1922 ms
[POS] Refrescando cache DBF...
[POS] Cargando DBF...
[POS] MAPRE: 40640
[POS] DPOFE: 2448
[POS] Cache cargado en 1918 ms
[POS] Refrescando cache DBF...
[POS] Cargando DBF...
[POS] MAPRE: 40640
[POS] DPOFE: 2448
[POS] Cache cargado en 1917 ms
[POS] Refrescando cache DBF...
[POS] Cargando DBF...
[POS] MAPRE: 40640
[POS] DPOFE: 2448
[POS] Cache cargado en 1934 ms
[POS] Refrescando cache DBF...
[POS] Cargando DBF...
[POS] MAPRE: 40640
[POS] DPOFE: 2448
[POS] Cache cargado en 1892 ms
[POS] Refrescando cache DBF...
[POS] Cargando DBF...
[POS] MAPRE: 40640
[POS] DPOFE: 2448
[POS] Cache cargado en 1915 ms
[POS] Refrescando cache DBF...
[POS] Cargando DBF...
[POS] MAPRE: 40640
[POS] DPOFE: 2448
[POS] Cache cargado en 1922 ms
[POS] Refrescando cache DBF...
[POS] Cargando DBF...
[POS] MAPRE: 40640
[POS] DPOFE: 2448
[POS] Cache cargado en 1951 ms
[POS] Refrescando cache DBF...
[POS] Cargando DBF...
[POS] MAPRE: 40640
[POS] DPOFE: 2448
[POS] Cache cargado en 1915 ms
[POS] Refrescando cache DBF...
[POS] Cargando DBF...
[POS] MAPRE: 40640
[POS] DPOFE: 2448
[POS] Cache cargado en 1922 ms
[POS] Refrescando cache DBF...
[POS] Cargando DBF...
[POS] MAPRE: 40640
[POS] DPOFE: 2448
[POS] Cache cargado en 1908 ms
[POS] Refrescando cache DBF...
[POS] Cargando DBF...
[POS] MAPRE: 40640
[POS] DPOFE: 2448
[POS] Cache cargado en 1928 ms
[POS] Refrescando cache DBF...
[POS] Cargando DBF...
[POS] MAPRE: 40640
[POS] DPOFE: 2448
[POS] Cache cargado en 1904 ms
[POS] Refrescando cache DBF...
[POS] Cargando DBF...
[POS] MAPRE: 40640
[POS] DPOFE: 2448
[POS] Cache cargado en 1898 ms
[POS] Refrescando cache DBF...
[POS] Cargando DBF...
[POS] MAPRE: 40640
[POS] DPOFE: 2448
[POS] Cache cargado en 1898 ms
[POS] Refrescando cache DBF...
[POS] Cargando DBF...
[POS] MAPRE: 40640
[POS] DPOFE: 2448
[POS] Cache cargado en 1915 ms
[POS] Refrescando cache DBF...
[POS] Cargando DBF...
[POS] MAPRE: 40640
[POS] DPOFE: 2448
[POS] Cache cargado en 1923 ms
[POS] Refrescando cache DBF...
[POS] Cargando DBF...
[POS] MAPRE: 40640
[POS] DPOFE: 2448
[POS] Cache cargado en 1949 ms
[POS] Refrescando cache DBF...
[POS] Cargando DBF...
[POS] MAPRE: 40640
[POS] DPOFE: 2448
[POS] Cache cargado en 1910 ms
[POS] Refrescando cache DBF...
[POS] Cargando DBF...
[POS] MAPRE: 40640
[POS] DPOFE: 2448
[POS] Cache cargado en 1916 ms
[POS] Refrescando cache DBF...
[POS] Cargando DBF...
[POS] MAPRE: 40640
[POS] DPOFE: 2448
[POS] Cache cargado en 1925 ms
[POS] Refrescando cache DBF...
[POS] Cargando DBF...
[POS] MAPRE: 40640
[POS] DPOFE: 2448
[POS] Cache cargado en 1912 ms
[POS] Refrescando cache DBF...
[POS] Cargando DBF...
[POS] MAPRE: 40640
[POS] DPOFE: 2448
[POS] Cache cargado en 1909 ms
[POS] Refrescando cache DBF...
[POS] Cargando DBF...
[POS] MAPRE: 40640
[POS] DPOFE: 2448
[POS] Cache cargado en 1924 ms
[POS] Refrescando cache DBF...
[POS] Cargando DBF...
[POS] MAPRE: 40640
[POS] DPOFE: 2448
[POS] Cache cargado en 1913 ms
[POS] Refrescando cache DBF...
[POS] Cargando DBF...
[POS] MAPRE: 40640
[POS] DPOFE: 2448
[POS] Cache cargado en 1914 ms
[POS] Refrescando cache DBF...
[POS] Cargando DBF...
[POS] MAPRE: 40640
[POS] DPOFE: 2448
[POS] Cache cargado en 1932 ms
[POS] Refrescando cache DBF...
[POS] Cargando DBF...
[POS] MAPRE: 40640
[POS] DPOFE: 2448
[POS] Cache cargado en 1927 ms
[POS] Refrescando cache DBF...
[POS] Cargando DBF...
[POS] MAPRE: 40640
[POS] DPOFE: 2448
[POS] Cache cargado en 1928 ms
[POS] Refrescando cache DBF...
[POS] Cargando DBF...
[POS] MAPRE: 40640
[POS] DPOFE: 2448
[POS] Cache cargado en 1929 ms
[POS] Refrescando cache DBF...
[POS] Cargando DBF...
[POS] MAPRE: 40640
[POS] DPOFE: 2448
[POS] Cache cargado en 1930 ms
[POS] Refrescando cache DBF...
[POS] Cargando DBF...
[POS] MAPRE: 40640
[POS] DPOFE: 2448
[POS] Cache cargado en 1918 ms
[POS] Refrescando cache DBF...
[POS] Cargando DBF...
[POS] MAPRE: 40640
[POS] DPOFE: 2448
[POS] Cache cargado en 1906 ms
[POS] Refrescando cache DBF...
[POS] Cargando DBF...
[POS] MAPRE: 40640
[POS] DPOFE: 2448
[POS] Cache cargado en 1916 ms
[POS] Refrescando cache DBF...
[POS] Cargando DBF...
[POS] MAPRE: 40640
[POS] DPOFE: 2448
[POS] Cache cargado en 1939 ms
[POS] Refrescando cache DBF...
[POS] Cargando DBF...
[POS] MAPRE: 40640
[POS] DPOFE: 2448
[POS] Cache cargado en 1931 ms
[POS] Refrescando cache DBF...
[POS] Cargando DBF...
[POS] MAPRE: 40640
[POS] DPOFE: 2448
[POS] Cache cargado en 1912 ms
[POS] Refrescando cache DBF...
[POS] Cargando DBF...
[POS] MAPRE: 40640
[POS] DPOFE: 2448
[POS] Cache cargado en 1919 ms
[POS] Refrescando cache DBF...
[POS] Cargando DBF...
[POS] MAPRE: 40640
[POS] DPOFE: 2448
[POS] Cache cargado en 1926 ms
[POS] Refrescando cache DBF...
[POS] Cargando DBF...
[POS] MAPRE: 40640
[POS] DPOFE: 2448
[POS] Cache cargado en 1946 ms
[dotenv@17.3.1] injecting env (11) from .env -- tip: 🔐 prevent committing .env to code: https://dotenvx.com/precommit
Backend POS escuchando en puerto 3000
responseXml <?xml version="1.0" encoding="utf-8"?><soap:Envelope xmlns:soap="http://schemas.xmlsoap.org/soap/envelope/" xmlns:xsi="http://www.w3.org/2001/XMLSchema-instance" xmlns:xsd="http://www.w3.org/2001/XMLSchema"><soap:Body><Login_UsuarioResponse xmlns="http://www.fasa.cl/"><Login_UsuarioResult>&lt;?xml version="1.0" encoding="utf-8" ?&gt;&lt;Respuesta&gt;&lt;Codigo&gt;0&lt;/Codigo&gt;&lt;Mensaje&gt;Transaccion exitosa.&lt;/Mensaje&gt;&lt;Emisor&gt;wsAccesos&lt;/Emisor&gt;&lt;FechaHora&gt;2026-04-14 17:41:50&lt;/FechaHora&gt;&lt;IdUsuario&gt;8192&lt;/IdUsuario&gt;&lt;/Respuesta&gt;</Login_UsuarioResult></Login_UsuarioResponse></soap:Body></soap:Envelope>
[ACCESOS] Login_Usuario OK
[ACCESOS] pIdLogin generado: 8192
[ACCESOS] Menu_XML OK – acceso concedido
[POS] Cargando DBF...
[POS] MAPRE: 40640
[POS] DPOFE: 2448
[POS] Cache cargado en 1963 ms
SKUS ARCHIVO: 383
PRODUCTOS ÚNICOS: 383
CON OFERTA: 107
SIN OFERTA: 276
[POS] Refrescando cache DBF...
[POS] Cargando DBF...
[POS] MAPRE: 40640
[POS] DPOFE: 2448
[POS] Cache cargado en 1927 ms
[POS] Refrescando cache DBF...
[POS] Cargando DBF...
[POS] MAPRE: 40640
[POS] DPOFE: 2448
[POS] Cache cargado en 1902 ms
[POS] Refrescando cache DBF...
[POS] Cargando DBF...
[POS] MAPRE: 40640
[POS] DPOFE: 2448
[POS] Cache cargado en 1900 ms
[POS] Refrescando cache DBF...
[POS] Cargando DBF...
[POS] MAPRE: 40640
[POS] DPOFE: 2448
[POS] Cache cargado en 1893 ms
[POS] Refrescando cache DBF...
[POS] Cargando DBF...
[POS] MAPRE: 40640
[POS] DPOFE: 2448
[POS] Cache cargado en 1911 ms
[POS] Refrescando cache DBF...
[POS] Cargando DBF...
[POS] MAPRE: 40640
[POS] DPOFE: 2448
[POS] Cache cargado en 1891 ms
[POS] Refrescando cache DBF...
[POS] Cargando DBF...
[POS] MAPRE: 40640
[POS] DPOFE: 2448
[POS] Cache cargado en 1895 ms
[POS] Refrescando cache DBF...
[POS] Cargando DBF...
[POS] MAPRE: 40640
[POS] DPOFE: 2448
[POS] Cache cargado en 1884 ms
[POS] Refrescando cache DBF...
[POS] Cargando DBF...
[POS] MAPRE: 40640
[POS] DPOFE: 2448
[POS] Cache cargado en 1896 ms
[POS] Refrescando cache DBF...
[POS] Cargando DBF...
[POS] MAPRE: 40640
[POS] DPOFE: 2448
[POS] Cache cargado en 1890 ms
[POS] Refrescando cache DBF...
[POS] Cargando DBF...
[POS] MAPRE: 40640
[POS] DPOFE: 2448
[POS] Cache cargado en 1905 ms
[POS] Refrescando cache DBF...
[POS] Cargando DBF...
[POS] MAPRE: 40640
[POS] DPOFE: 2448
[POS] Cache cargado en 1894 ms
[POS] Refrescando cache DBF...
[POS] Cargando DBF...
[POS] MAPRE: 40640
[POS] DPOFE: 2448
[POS] Cache cargado en 1895 ms
[POS] Refrescando cache DBF...
[POS] Cargando DBF...
[POS] MAPRE: 40640
[POS] DPOFE: 2448
[POS] Cache cargado en 1896 ms
[POS] Refrescando cache DBF...
[POS] Cargando DBF...
[POS] MAPRE: 40640
[POS] DPOFE: 2448
[POS] Cache cargado en 1921 ms
[POS] Refrescando cache DBF...
[POS] Cargando DBF...
[POS] MAPRE: 40640
[POS] DPOFE: 2448
[POS] Cache cargado en 1995 ms
[POS] Refrescando cache DBF...
[POS] Cargando DBF...
[POS] MAPRE: 40640
[POS] DPOFE: 2448
[POS] Cache cargado en 1997 ms
[POS] Refrescando cache DBF...
[POS] Cargando DBF...
[POS] MAPRE: 40640
[POS] DPOFE: 2448
[POS] Cache cargado en 1907 ms
[POS] Refrescando cache DBF...
[POS] Cargando DBF...
[POS] MAPRE: 40640
[POS] DPOFE: 2448
[POS] Cache cargado en 1893 ms
[POS] Refrescando cache DBF...
[POS] Cargando DBF...
[POS] MAPRE: 40640
[POS] DPOFE: 2448
[POS] Cache cargado en 1888 ms
[POS] Refrescando cache DBF...
[POS] Cargando DBF...
[POS] MAPRE: 40640
[POS] DPOFE: 2448
[POS] Cache cargado en 1904 ms
[POS] Refrescando cache DBF...
[POS] Cargando DBF...
[POS] MAPRE: 40640
[POS] DPOFE: 2448
[POS] Cache cargado en 1900 ms
[POS] Refrescando cache DBF...
[POS] Cargando DBF...
[POS] MAPRE: 40640
[POS] DPOFE: 2448
[POS] Cache cargado en 1890 ms
[POS] Refrescando cache DBF...
[POS] Cargando DBF...
[POS] MAPRE: 40640
[POS] DPOFE: 2448
[POS] Cache cargado en 1892 ms
[POS] Refrescando cache DBF...
[POS] Cargando DBF...
[POS] MAPRE: 40640
[POS] DPOFE: 2448
[POS] Cache cargado en 1883 ms
[POS] Refrescando cache DBF...
[POS] Cargando DBF...
[POS] MAPRE: 40640
[POS] DPOFE: 2448
[POS] Cache cargado en 1899 ms
[POS] Refrescando cache DBF...
[POS] Cargando DBF...
[POS] MAPRE: 40640
[POS] DPOFE: 2448
[POS] Cache cargado en 1895 ms
[POS] Refrescando cache DBF...
[POS] Cargando DBF...
[POS] MAPRE: 40640
[POS] DPOFE: 2448
[POS] Cache cargado en 1905 ms
[POS] Refrescando cache DBF...
[POS] Cargando DBF...
[POS] MAPRE: 40640
[POS] DPOFE: 2448
[POS] Cache cargado en 1901 ms
[POS] Refrescando cache DBF...
[POS] Cargando DBF...
[POS] MAPRE: 40640
[POS] DPOFE: 2448
[POS] Cache cargado en 1883 ms
[POS] Refrescando cache DBF...
[POS] Cargando DBF...
[POS] MAPRE: 40640
[POS] DPOFE: 2448
[POS] Cache cargado en 1885 ms
[POS] Refrescando cache DBF...
[POS] Cargando DBF...
[POS] MAPRE: 40640
[POS] DPOFE: 2448
[POS] Cache cargado en 1884 ms
[POS] Refrescando cache DBF...
[POS] Cargando DBF...
[POS] MAPRE: 40640
[POS] DPOFE: 2448
[POS] Cache cargado en 1900 ms
[POS] Refrescando cache DBF...
[POS] Cargando DBF...
[POS] MAPRE: 40640
[POS] DPOFE: 2448
[POS] Cache cargado en 1893 ms
[POS] Refrescando cache DBF...
[POS] Cargando DBF...
[POS] MAPRE: 40640
[POS] DPOFE: 2448
[POS] Cache cargado en 1893 ms
[POS] Refrescando cache DBF...
[POS] Cargando DBF...
[POS] MAPRE: 40640
[POS] DPOFE: 2448
[POS] Cache cargado en 1885 ms
[POS] Refrescando cache DBF...
[POS] Cargando DBF...
[POS] MAPRE: 40640
[POS] DPOFE: 2448
[POS] Cache cargado en 1901 ms
[POS] Refrescando cache DBF...
[POS] Cargando DBF...
[POS] MAPRE: 40640
[POS] DPOFE: 2448
[POS] Cache cargado en 1903 ms
[POS] Refrescando cache DBF...
[POS] Cargando DBF...
[POS] MAPRE: 40640
[POS] DPOFE: 2448
[POS] Cache cargado en 1902 ms
[POS] Refrescando cache DBF...
[POS] Cargando DBF...
[POS] MAPRE: 40640
[POS] DPOFE: 2448
[POS] Cache cargado en 1897 ms
[POS] Refrescando cache DBF...
[POS] Cargando DBF...
[POS] MAPRE: 40640
[POS] DPOFE: 2448
[POS] Cache cargado en 1921 ms
[POS] Refrescando cache DBF...
[POS] Cargando DBF...
[POS] MAPRE: 40640
[POS] DPOFE: 2448
[POS] Cache cargado en 1907 ms
[POS] Refrescando cache DBF...
[POS] Cargando DBF...
[POS] MAPRE: 40640
[POS] DPOFE: 2448
[POS] Cache cargado en 1907 ms
[POS] Refrescando cache DBF...
[POS] Cargando DBF...
[POS] MAPRE: 40640
[POS] DPOFE: 2448
[POS] Cache cargado en 1885 ms
[POS] Refrescando cache DBF...
[POS] Cargando DBF...
[POS] MAPRE: 40640
[POS] DPOFE: 2448
[POS] Cache cargado en 1898 ms
[POS] Refrescando cache DBF...
[POS] Cargando DBF...
[POS] MAPRE: 40640
[POS] DPOFE: 2448
[POS] Cache cargado en 1878 ms
[POS] Refrescando cache DBF...
[POS] Cargando DBF...
[POS] MAPRE: 40640
[POS] DPOFE: 2448
[POS] Cache cargado en 1911 ms
[POS] Refrescando cache DBF...
[POS] Cargando DBF...
[POS] MAPRE: 40640
[POS] DPOFE: 2448
[POS] Cache cargado en 1872 ms
[POS] Refrescando cache DBF...
[POS] Cargando DBF...
[POS] MAPRE: 40640
[POS] DPOFE: 2448
[POS] Cache cargado en 1896 ms
[POS] Refrescando cache DBF...
[POS] Cargando DBF...
[POS] MAPRE: 40640
[POS] DPOFE: 2448
[POS] Cache cargado en 1902 ms
[POS] Refrescando cache DBF...
[POS] Cargando DBF...
[POS] MAPRE: 40640
[POS] DPOFE: 2448
[POS] Cache cargado en 1913 ms
[POS] Refrescando cache DBF...
[POS] Cargando DBF...
[POS] MAPRE: 40640
[POS] DPOFE: 2448
[POS] Cache cargado en 1892 ms
[POS] Refrescando cache DBF...
[POS] Cargando DBF...
[POS] MAPRE: 40640
[POS] DPOFE: 2448
[POS] Cache cargado en 1889 ms
[POS] Refrescando cache DBF...
[POS] Cargando DBF...
[POS] MAPRE: 40640
[POS] DPOFE: 2448
[POS] Cache cargado en 1895 ms
[POS] Refrescando cache DBF...
[POS] Cargando DBF...
[POS] MAPRE: 40640
[POS] DPOFE: 2448
[POS] Cache cargado en 1894 ms
[POS] Refrescando cache DBF...
[POS] Cargando DBF...
[POS] MAPRE: 40640
[POS] DPOFE: 2448
[POS] Cache cargado en 1900 ms
[POS] Refrescando cache DBF...
[POS] Cargando DBF...
[POS] MAPRE: 40640
[POS] DPOFE: 2448
[POS] Cache cargado en 1890 ms
[POS] Refrescando cache DBF...
[POS] Cargando DBF...
[POS] MAPRE: 40640
[POS] DPOFE: 2448
[POS] Cache cargado en 1889 ms
[POS] Refrescando cache DBF...
[POS] Cargando DBF...
[POS] MAPRE: 40640
[POS] DPOFE: 2448
[POS] Cache cargado en 1898 ms
[POS] Refrescando cache DBF...
[POS] Cargando DBF...
[POS] MAPRE: 40640
[POS] DPOFE: 2448
[POS] Cache cargado en 1888 ms
[POS] Refrescando cache DBF...
[POS] Cargando DBF...
[POS] MAPRE: 40640
[POS] DPOFE: 2448
[POS] Cache cargado en 1902 ms
[POS] Refrescando cache DBF...
[POS] Cargando DBF...
[POS] MAPRE: 40640
[POS] DPOFE: 2448
[POS] Cache cargado en 1922 ms
[POS] Refrescando cache DBF...
[POS] Cargando DBF...
[POS] MAPRE: 40640
[POS] DPOFE: 2448
[POS] Cache cargado en 1897 ms
[POS] Refrescando cache DBF...
[POS] Cargando DBF...
[POS] MAPRE: 40640
[POS] DPOFE: 2448
[POS] Cache cargado en 1893 ms
[POS] Refrescando cache DBF...
[POS] Cargando DBF...
[POS] MAPRE: 40640
[POS] DPOFE: 2448
[POS] Cache cargado en 1916 ms
[POS] Refrescando cache DBF...
[POS] Cargando DBF...
[POS] MAPRE: 40640
[POS] DPOFE: 2448
[POS] Cache cargado en 1884 ms
[POS] Refrescando cache DBF...
[POS] Cargando DBF...
[POS] MAPRE: 40640
[POS] DPOFE: 2448
[POS] Cache cargado en 1916 ms
[POS] Refrescando cache DBF...
[POS] Cargando DBF...
[POS] MAPRE: 40640
[POS] DPOFE: 2448
[POS] Cache cargado en 1887 ms
[POS] Refrescando cache DBF...
[POS] Cargando DBF...
[POS] MAPRE: 40640
[POS] DPOFE: 2448
[POS] Cache cargado en 1917 ms
[POS] Refrescando cache DBF...
[POS] Cargando DBF...
[POS] MAPRE: 40640
[POS] DPOFE: 2448
[POS] Cache cargado en 1891 ms
[POS] Refrescando cache DBF...
[POS] Cargando DBF...
[POS] MAPRE: 40640
[POS] DPOFE: 2448
[POS] Cache cargado en 1908 ms
[POS] Refrescando cache DBF...
[POS] Cargando DBF...
[POS] MAPRE: 40640
[POS] DPOFE: 2448
[POS] Cache cargado en 1900 ms
[POS] Refrescando cache DBF...
[POS] Cargando DBF...
[POS] MAPRE: 40640
[POS] DPOFE: 2448
[POS] Cache cargado en 1899 ms
[POS] Refrescando cache DBF...
[POS] Cargando DBF...
[POS] MAPRE: 40640
[POS] DPOFE: 2448
[POS] Cache cargado en 1912 ms
[POS] Refrescando cache DBF...
[POS] Cargando DBF...
[POS] MAPRE: 40640
[POS] DPOFE: 2448
[POS] Cache cargado en 1914 ms
[POS] Refrescando cache DBF...
[POS] Cargando DBF...
[POS] MAPRE: 40640
[POS] DPOFE: 2448
[POS] Cache cargado en 1888 ms
[POS] Refrescando cache DBF...
[POS] Cargando DBF...
[POS] MAPRE: 40640
[POS] DPOFE: 2448
[POS] Cache cargado en 1894 ms
[POS] Refrescando cache DBF...
[POS] Cargando DBF...
[POS] MAPRE: 40640
[POS] DPOFE: 2448
[POS] Cache cargado en 1884 ms
[POS] Refrescando cache DBF...
[POS] Cargando DBF...
[POS] MAPRE: 40640
[POS] DPOFE: 2448
[POS] Cache cargado en 1906 ms
[POS] Refrescando cache DBF...
[POS] Cargando DBF...
[POS] MAPRE: 40640
[POS] DPOFE: 2448
[POS] Cache cargado en 1909 ms
[POS] Refrescando cache DBF...
[POS] Cargando DBF...
[POS] MAPRE: 40640
[POS] DPOFE: 2448
[POS] Cache cargado en 1909 ms
[POS] Refrescando cache DBF...
[POS] Cargando DBF...
[POS] MAPRE: 40640
[POS] DPOFE: 2448
[POS] Cache cargado en 1884 ms
[POS] Refrescando cache DBF...
[POS] Cargando DBF...
[POS] MAPRE: 40640
[POS] DPOFE: 2448
[POS] Cache cargado en 1895 ms
[POS] Refrescando cache DBF...
[POS] Cargando DBF...
[POS] MAPRE: 40640
[POS] DPOFE: 2448
[POS] Cache cargado en 1902 ms
[POS] Refrescando cache DBF...
[POS] Cargando DBF...
[POS] MAPRE: 40640
[POS] DPOFE: 2448
[POS] Cache cargado en 1909 ms
[POS] Refrescando cache DBF...
[POS] Cargando DBF...
[POS] MAPRE: 40640
[POS] DPOFE: 2448
[POS] Cache cargado en 1892 ms
[POS] Refrescando cache DBF...
[POS] Cargando DBF...
[POS] MAPRE: 40640
[POS] DPOFE: 2448
[POS] Cache cargado en 1900 ms
[POS] Refrescando cache DBF...
[POS] Cargando DBF...
[POS] MAPRE: 40640
[POS] DPOFE: 2448
[POS] Cache cargado en 1879 ms
[POS] Refrescando cache DBF...
[POS] Cargando DBF...
[POS] MAPRE: 40640
[POS] DPOFE: 2448
[POS] Cache cargado en 1908 ms
[POS] Refrescando cache DBF...
[POS] Cargando DBF...
[POS] MAPRE: 40640
[POS] DPOFE: 2448
[POS] Cache cargado en 1914 ms
[POS] Refrescando cache DBF...
[POS] Cargando DBF...
[POS] MAPRE: 40640
[POS] DPOFE: 2448
[POS] Cache cargado en 1896 ms
[POS] Refrescando cache DBF...
[POS] Cargando DBF...
[POS] MAPRE: 40640
[POS] DPOFE: 2448
[POS] Cache cargado en 1890 ms
[POS] Refrescando cache DBF...
[POS] Cargando DBF...
[POS] MAPRE: 40640
[POS] DPOFE: 2448
[POS] Cache cargado en 1911 ms
[POS] Refrescando cache DBF...
[POS] Cargando DBF...
[POS] MAPRE: 40640
[POS] DPOFE: 2448
[POS] Cache cargado en 1888 ms
[POS] Refrescando cache DBF...
[POS] Cargando DBF...
[POS] MAPRE: 40640
[POS] DPOFE: 2448
[POS] Cache cargado en 1912 ms
[POS] Refrescando cache DBF...
[POS] Cargando DBF...
[POS] MAPRE: 40640
[POS] DPOFE: 2448
[POS] Cache cargado en 1895 ms
[POS] Refrescando cache DBF...
[POS] Cargando DBF...
[POS] MAPRE: 40640
[POS] DPOFE: 2448
[POS] Cache cargado en 1900 ms
[POS] Refrescando cache DBF...
[POS] Cargando DBF...
[POS] MAPRE: 40640
[POS] DPOFE: 2448
[POS] Cache cargado en 1906 ms
[POS] Refrescando cache DBF...
[POS] Cargando DBF...
[POS] MAPRE: 40640
[POS] DPOFE: 2448
[POS] Cache cargado en 1895 ms
[POS] Refrescando cache DBF...
[POS] Cargando DBF...
[POS] MAPRE: 40640
[POS] DPOFE: 2448
[POS] Cache cargado en 1884 ms
[POS] Refrescando cache DBF...
[POS] Cargando DBF...
[POS] MAPRE: 40640
[POS] DPOFE: 2448
[POS] Cache cargado en 1891 ms
[POS] Refrescando cache DBF...
[POS] Cargando DBF...
[POS] MAPRE: 40640
[POS] DPOFE: 2448
[POS] Cache cargado en 1890 ms
[POS] Refrescando cache DBF...
[POS] Cargando DBF...
[POS] MAPRE: 40640
[POS] DPOFE: 2448
[POS] Cache cargado en 1893 ms
[POS] Refrescando cache DBF...
[POS] Cargando DBF...
[POS] MAPRE: 40640
[POS] DPOFE: 2448
[POS] Cache cargado en 1913 ms
[POS] Refrescando cache DBF...
[POS] Cargando DBF...
[POS] MAPRE: 40640
[POS] DPOFE: 2448
[POS] Cache cargado en 1906 ms
[POS] Refrescando cache DBF...
[POS] Cargando DBF...
[POS] MAPRE: 40640
[POS] DPOFE: 2448
[POS] Cache cargado en 1908 ms
[POS] Refrescando cache DBF...
[POS] Cargando DBF...
[POS] MAPRE: 40640
[POS] DPOFE: 2448
[POS] Cache cargado en 1903 ms
[POS] Refrescando cache DBF...
[POS] Cargando DBF...
[POS] MAPRE: 40640
[POS] DPOFE: 2448
[POS] Cache cargado en 1886 ms
[POS] Refrescando cache DBF...
[POS] Cargando DBF...
[POS] MAPRE: 40640
[POS] DPOFE: 2448
[POS] Cache cargado en 1903 ms
[POS] Refrescando cache DBF...
[POS] Cargando DBF...
[POS] MAPRE: 40640
[POS] DPOFE: 2448
[POS] Cache cargado en 1905 ms
[POS] Refrescando cache DBF...
[POS] Cargando DBF...
[POS] MAPRE: 40640
[POS] DPOFE: 2448
[POS] Cache cargado en 1895 ms
[POS] Refrescando cache DBF...
[POS] Cargando DBF...
[POS] MAPRE: 40640
[POS] DPOFE: 2448
[POS] Cache cargado en 1893 ms
[POS] Refrescando cache DBF...
[POS] Cargando DBF...
[POS] MAPRE: 40640
[POS] DPOFE: 2448
[POS] Cache cargado en 1910 ms
[POS] Refrescando cache DBF...
[POS] Cargando DBF...
[POS] MAPRE: 40640
[POS] DPOFE: 2448
[POS] Cache cargado en 1895 ms
[POS] Refrescando cache DBF...
[POS] Cargando DBF...
[POS] MAPRE: 40640
[POS] DPOFE: 2448
[POS] Cache cargado en 1913 ms
[POS] Refrescando cache DBF...
[POS] Cargando DBF...
[POS] MAPRE: 40640
[POS] DPOFE: 2448
[POS] Cache cargado en 1895 ms
[POS] Refrescando cache DBF...
[POS] Cargando DBF...
[POS] MAPRE: 40640
[POS] DPOFE: 2448
[POS] Cache cargado en 1904 ms
[POS] Refrescando cache DBF...
[POS] Cargando DBF...
[POS] MAPRE: 40640
[POS] DPOFE: 2448
[POS] Cache cargado en 1881 ms
[POS] Refrescando cache DBF...
[POS] Cargando DBF...
[POS] MAPRE: 40640
[POS] DPOFE: 2448
[POS] Cache cargado en 1899 ms
[POS] Refrescando cache DBF...
[POS] Cargando DBF...
[POS] MAPRE: 40640
[POS] DPOFE: 2448
[POS] Cache cargado en 1892 ms
[POS] Refrescando cache DBF...
[POS] Cargando DBF...
[POS] MAPRE: 40640
[POS] DPOFE: 2448
[POS] Cache cargado en 1910 ms
[POS] Refrescando cache DBF...
[POS] Cargando DBF...
[POS] MAPRE: 40640
[POS] DPOFE: 2448
[POS] Cache cargado en 1907 ms
[POS] Refrescando cache DBF...
[POS] Cargando DBF...
[POS] MAPRE: 40640
[POS] DPOFE: 2448
[POS] Cache cargado en 1921 ms
[POS] Refrescando cache DBF...
[POS] Cargando DBF...
[POS] MAPRE: 40640
[POS] DPOFE: 2448
[POS] Cache cargado en 1892 ms
[POS] Refrescando cache DBF...
[POS] Cargando DBF...
[POS] MAPRE: 40640
[POS] DPOFE: 2448
[POS] Cache cargado en 1897 ms
[POS] Refrescando cache DBF...
[POS] Cargando DBF...
[POS] MAPRE: 40640
[POS] DPOFE: 2448
[POS] Cache cargado en 1897 ms
[POS] Refrescando cache DBF...
[POS] Cargando DBF...
[POS] MAPRE: 40640
[POS] DPOFE: 2448
[POS] Cache cargado en 1912 ms
[POS] Refrescando cache DBF...
[POS] Cargando DBF...
[POS] MAPRE: 40640
[POS] DPOFE: 2448
[POS] Cache cargado en 1899 ms
[POS] Refrescando cache DBF...
[POS] Cargando DBF...
[POS] MAPRE: 40640
[POS] DPOFE: 2448
[POS] Cache cargado en 1897 ms
[POS] Refrescando cache DBF...
[POS] Cargando DBF...
[POS] MAPRE: 40640
[POS] DPOFE: 2448
[POS] Cache cargado en 1899 ms
[POS] Refrescando cache DBF...
[POS] Cargando DBF...
[POS] MAPRE: 40640
[POS] DPOFE: 2448
[POS] Cache cargado en 1898 ms
[POS] Refrescando cache DBF...
[POS] Cargando DBF...
[POS] MAPRE: 40640
[POS] DPOFE: 2448
[POS] Cache cargado en 1895 ms
[POS] Refrescando cache DBF...
[POS] Cargando DBF...
[POS] MAPRE: 40640
[POS] DPOFE: 2448
[POS] Cache cargado en 1906 ms
[POS] Refrescando cache DBF...
[POS] Cargando DBF...
[POS] MAPRE: 40640
[POS] DPOFE: 2448
[POS] Cache cargado en 1932 ms
[POS] Refrescando cache DBF...
[POS] Cargando DBF...
[POS] MAPRE: 40640
[POS] DPOFE: 2448
[POS] Cache cargado en 1913 ms
[POS] Refrescando cache DBF...
[POS] Cargando DBF...
[POS] MAPRE: 40640
[POS] DPOFE: 2448
[POS] Cache cargado en 1885 ms
[POS] Refrescando cache DBF...
[POS] Cargando DBF...
[POS] MAPRE: 40640
[POS] DPOFE: 2448
[POS] Cache cargado en 1902 ms
[POS] Refrescando cache DBF...
[POS] Cargando DBF...
[POS] MAPRE: 40640
[POS] DPOFE: 2448
[POS] Cache cargado en 1882 ms
[POS] Refrescando cache DBF...
[POS] Cargando DBF...
[POS] MAPRE: 40640
[POS] DPOFE: 2448
[POS] Cache cargado en 1894 ms
[POS] Refrescando cache DBF...
[POS] Cargando DBF...
[POS] MAPRE: 40640
[POS] DPOFE: 2448
[POS] Cache cargado en 1898 ms
[POS] Refrescando cache DBF...
[POS] Cargando DBF...
[POS] MAPRE: 40640
[POS] DPOFE: 2448
[POS] Cache cargado en 1902 ms
[POS] Refrescando cache DBF...
[POS] Cargando DBF...
[POS] MAPRE: 40640
[POS] DPOFE: 2448
[POS] Cache cargado en 1898 ms
[POS] Refrescando cache DBF...
[POS] Cargando DBF...
[POS] MAPRE: 40640
[POS] DPOFE: 2448
[POS] Cache cargado en 1891 ms
[POS] Refrescando cache DBF...
[POS] Cargando DBF...
[POS] MAPRE: 40640
[POS] DPOFE: 2448
[POS] Cache cargado en 1881 ms
[POS] Refrescando cache DBF...
[POS] Cargando DBF...
[POS] MAPRE: 40640
[POS] DPOFE: 2448
[POS] Cache cargado en 1895 ms
[POS] Refrescando cache DBF...
[POS] Cargando DBF...
[POS] MAPRE: 40640
[POS] DPOFE: 2448
[POS] Cache cargado en 1921 ms
[POS] Refrescando cache DBF...
[POS] Cargando DBF...
[POS] MAPRE: 40640
[POS] DPOFE: 2448
[POS] Cache cargado en 1894 ms
[POS] Refrescando cache DBF...
[POS] Cargando DBF...
[POS] MAPRE: 40640
[POS] DPOFE: 2448
[POS] Cache cargado en 1897 ms
[POS] Refrescando cache DBF...
[POS] Cargando DBF...
[POS] MAPRE: 40640
[POS] DPOFE: 2448
[POS] Cache cargado en 1902 ms
[POS] Refrescando cache DBF...
[POS] Cargando DBF...
[POS] MAPRE: 40640
[POS] DPOFE: 2448
[POS] Cache cargado en 1890 ms
[POS] Refrescando cache DBF...
[POS] Cargando DBF...
[POS] MAPRE: 40640
[POS] DPOFE: 2448
[POS] Cache cargado en 1911 ms
[POS] Refrescando cache DBF...
[POS] Cargando DBF...
[POS] MAPRE: 40640
[POS] DPOFE: 2448
[POS] Cache cargado en 1904 ms
[POS] Refrescando cache DBF...
[POS] Cargando DBF...
[POS] MAPRE: 40640
[POS] DPOFE: 2448
[POS] Cache cargado en 1914 ms
[POS] Refrescando cache DBF...
[POS] Cargando DBF...
[POS] MAPRE: 40640
[POS] DPOFE: 2448
[POS] Cache cargado en 1891 ms
[POS] Refrescando cache DBF...
[POS] Cargando DBF...
[POS] MAPRE: 40640
[POS] DPOFE: 2448
[POS] Cache cargado en 1897 ms
[POS] Refrescando cache DBF...
[POS] Cargando DBF...
[POS] MAPRE: 40640
[POS] DPOFE: 2448
[POS] Cache cargado en 1880 ms
[POS] Refrescando cache DBF...
[POS] Cargando DBF...
[POS] MAPRE: 40640
[POS] DPOFE: 2448
[POS] Cache cargado en 1904 ms
[POS] Refrescando cache DBF...
[POS] Cargando DBF...
[POS] MAPRE: 40640
[POS] DPOFE: 2448
[POS] Cache cargado en 1911 ms
[POS] Refrescando cache DBF...
[POS] Cargando DBF...
[POS] MAPRE: 40640
[POS] DPOFE: 2448
[POS] Cache cargado en 1900 ms
[POS] Refrescando cache DBF...
[POS] Cargando DBF...
[POS] MAPRE: 40640
[POS] DPOFE: 2448
[POS] Cache cargado en 1892 ms
[POS] Refrescando cache DBF...
[POS] Cargando DBF...
[POS] MAPRE: 40640
[POS] DPOFE: 2448
[POS] Cache cargado en 1897 ms
[POS] Refrescando cache DBF...
[POS] Cargando DBF...
[POS] MAPRE: 40640
[POS] DPOFE: 2448
[POS] Cache cargado en 1889 ms
[POS] Refrescando cache DBF...
[POS] Cargando DBF...
[POS] MAPRE: 40640
[POS] DPOFE: 2448
[POS] Cache cargado en 1913 ms
[POS] Refrescando cache DBF...
[POS] Cargando DBF...
[POS] MAPRE: 40640
[POS] DPOFE: 2448
[POS] Cache cargado en 1888 ms
[POS] Refrescando cache DBF...
[POS] Cargando DBF...
[POS] MAPRE: 40640
[POS] DPOFE: 2448
[POS] Cache cargado en 1898 ms
[POS] Refrescando cache DBF...
[POS] Cargando DBF...
[POS] MAPRE: 40640
[POS] DPOFE: 2448
[POS] Cache cargado en 1907 ms
[POS] Refrescando cache DBF...
[POS] Cargando DBF...
[POS] MAPRE: 40640
[POS] DPOFE: 2448
[POS] Cache cargado en 1913 ms
[POS] Refrescando cache DBF...
[POS] Cargando DBF...
[POS] MAPRE: 40640
[POS] DPOFE: 2448
[POS] Cache cargado en 1906 ms
[POS] Refrescando cache DBF...
[POS] Cargando DBF...
[POS] MAPRE: 40640
[POS] DPOFE: 2448
[POS] Cache cargado en 1901 ms
[POS] Refrescando cache DBF...
[POS] Cargando DBF...
[POS] MAPRE: 40640
[POS] DPOFE: 2448
[POS] Cache cargado en 1901 ms
[POS] Refrescando cache DBF...
[POS] Cargando DBF...
[POS] MAPRE: 40640
[POS] DPOFE: 2448
[POS] Cache cargado en 1898 ms
[POS] Refrescando cache DBF...
[POS] Cargando DBF...
[POS] MAPRE: 40640
[POS] DPOFE: 2448
[POS] Cache cargado en 1889 ms
[POS] Refrescando cache DBF...
[POS] Cargando DBF...
[POS] MAPRE: 40640
[POS] DPOFE: 2448
[POS] Cache cargado en 1902 ms
[POS] Refrescando cache DBF...
[POS] Cargando DBF...
[POS] MAPRE: 40640
[POS] DPOFE: 2448
[POS] Cache cargado en 1896 ms
[POS] Refrescando cache DBF...
[POS] Cargando DBF...
[POS] MAPRE: 40640
[POS] DPOFE: 2448
[POS] Cache cargado en 1902 ms
[POS] Refrescando cache DBF...
[POS] Cargando DBF...
[POS] MAPRE: 40640
[POS] DPOFE: 2448
[POS] Cache cargado en 1904 ms
[POS] Refrescando cache DBF...
[POS] Cargando DBF...
[POS] MAPRE: 40640
[POS] DPOFE: 2448
[POS] Cache cargado en 1923 ms
[POS] Refrescando cache DBF...
[POS] Cargando DBF...
[POS] MAPRE: 40640
[POS] DPOFE: 2448
[POS] Cache cargado en 1906 ms
[POS] Refrescando cache DBF...
[POS] Cargando DBF...
[POS] MAPRE: 40640
[POS] DPOFE: 2448
[POS] Cache cargado en 1978 ms
[POS] Refrescando cache DBF...
[POS] Cargando DBF...
[POS] MAPRE: 40640
[POS] DPOFE: 2448
[POS] Cache cargado en 1937 ms
[POS] Refrescando cache DBF...
[POS] Cargando DBF...
[POS] MAPRE: 40640
[POS] DPOFE: 2448
[POS] Cache cargado en 1914 ms
[POS] Refrescando cache DBF...
[POS] Cargando DBF...
[POS] MAPRE: 40640
[POS] DPOFE: 2448
[POS] Cache cargado en 1923 ms
[POS] Refrescando cache DBF...
[POS] Cargando DBF...
[POS] MAPRE: 40640
[POS] DPOFE: 2448
[POS] Cache cargado en 1921 ms
[POS] Refrescando cache DBF...
[POS] Cargando DBF...
[POS] MAPRE: 40640
[POS] DPOFE: 2448
[POS] Cache cargado en 1925 ms
[POS] Refrescando cache DBF...
[POS] Cargando DBF...
[POS] MAPRE: 40640
[POS] DPOFE: 2448
[POS] Cache cargado en 1928 ms
[POS] Refrescando cache DBF...
[POS] Cargando DBF...
[POS] MAPRE: 40640
[POS] DPOFE: 2448
[POS] Cache cargado en 1905 ms
[POS] Refrescando cache DBF...
[POS] Cargando DBF...
[POS] MAPRE: 40640
[POS] DPOFE: 2448
[POS] Cache cargado en 1920 ms
[POS] Refrescando cache DBF...
[POS] Cargando DBF...
[POS] MAPRE: 40640
[POS] DPOFE: 2448
[POS] Cache cargado en 1884 ms
[POS] Refrescando cache DBF...
[POS] Cargando DBF...
[POS] MAPRE: 40640
[POS] DPOFE: 2448
[POS] Cache cargado en 1905 ms
[POS] Refrescando cache DBF...
[POS] Cargando DBF...
[POS] MAPRE: 40640
[POS] DPOFE: 2448
[POS] Cache cargado en 1890 ms
[POS] Refrescando cache DBF...
[POS] Cargando DBF...
[POS] MAPRE: 40640
[POS] DPOFE: 2448
[POS] Cache cargado en 1904 ms
[POS] Refrescando cache DBF...
[POS] Cargando DBF...
[POS] MAPRE: 40640
[POS] DPOFE: 2448
[POS] Cache cargado en 1890 ms
[POS] Refrescando cache DBF...
[POS] Cargando DBF...
[POS] MAPRE: 40640
[POS] DPOFE: 2448
[POS] Cache cargado en 1915 ms
[POS] Refrescando cache DBF...
[POS] Cargando DBF...
[POS] MAPRE: 40640
[POS] DPOFE: 2448
[POS] Cache cargado en 1917 ms
[POS] Refrescando cache DBF...
[POS] Cargando DBF...
[POS] MAPRE: 40640
[POS] DPOFE: 2448
[POS] Cache cargado en 1907 ms
[POS] Refrescando cache DBF...
[POS] Cargando DBF...
[POS] MAPRE: 40640
[POS] DPOFE: 2448
[POS] Cache cargado en 1895 ms
[POS] Refrescando cache DBF...
[POS] Cargando DBF...
[POS] MAPRE: 40640
[POS] DPOFE: 2448
[POS] Cache cargado en 1912 ms
[POS] Refrescando cache DBF...
[POS] Cargando DBF...
[POS] MAPRE: 40640
[POS] DPOFE: 2448
[POS] Cache cargado en 1892 ms
[POS] Refrescando cache DBF...
[POS] Cargando DBF...
[POS] MAPRE: 40640
[POS] DPOFE: 2448
[POS] Cache cargado en 1934 ms
[POS] Refrescando cache DBF...
[POS] Cargando DBF...
[POS] MAPRE: 40640
[POS] DPOFE: 2448
[POS] Cache cargado en 1898 ms
[POS] Refrescando cache DBF...
[POS] Cargando DBF...
[POS] MAPRE: 40640
[POS] DPOFE: 2448
[POS] Cache cargado en 1904 ms
[POS] Refrescando cache DBF...
[POS] Cargando DBF...
[POS] MAPRE: 40640
[POS] DPOFE: 2448
[POS] Cache cargado en 1906 ms
[POS] Refrescando cache DBF...
[POS] Cargando DBF...
[POS] MAPRE: 40640
[POS] DPOFE: 2448
[POS] Cache cargado en 1914 ms
[POS] Refrescando cache DBF...
[POS] Cargando DBF...
[POS] MAPRE: 40640
[POS] DPOFE: 2448
[POS] Cache cargado en 1895 ms
[POS] Refrescando cache DBF...
[POS] Cargando DBF...
[POS] MAPRE: 40640
[POS] DPOFE: 2448
[POS] Cache cargado en 1919 ms
[POS] Refrescando cache DBF...
[POS] Cargando DBF...
[POS] MAPRE: 40640
[POS] DPOFE: 2448
[POS] Cache cargado en 1896 ms
[POS] Refrescando cache DBF...
[POS] Cargando DBF...
[POS] MAPRE: 40640
[POS] DPOFE: 2448
[POS] Cache cargado en 1913 ms
[POS] Refrescando cache DBF...
[POS] Cargando DBF...
[POS] MAPRE: 40640
[POS] DPOFE: 2448
[POS] Cache cargado en 1914 ms
[POS] Refrescando cache DBF...
[POS] Cargando DBF...
[POS] MAPRE: 40640
[POS] DPOFE: 2448
[POS] Cache cargado en 1920 ms
[POS] Refrescando cache DBF...
[POS] Cargando DBF...
[POS] MAPRE: 40640
[POS] DPOFE: 2448
[POS] Cache cargado en 1901 ms
[POS] Refrescando cache DBF...
[POS] Cargando DBF...
[POS] MAPRE: 40640
[POS] DPOFE: 2448
[POS] Cache cargado en 1907 ms
[POS] Refrescando cache DBF...
[POS] Cargando DBF...
[POS] MAPRE: 40640
[POS] DPOFE: 2448
[POS] Cache cargado en 1909 ms
[POS] Refrescando cache DBF...
[POS] Cargando DBF...
[POS] MAPRE: 40640
[POS] DPOFE: 2448
[POS] Cache cargado en 1906 ms
[POS] Refrescando cache DBF...
[POS] Cargando DBF...
[POS] MAPRE: 40640
[POS] DPOFE: 2448
[POS] Cache cargado en 1907 ms
[POS] Refrescando cache DBF...
[POS] Cargando DBF...
[POS] MAPRE: 40640
[POS] DPOFE: 2448
[POS] Cache cargado en 1916 ms
[POS] Refrescando cache DBF...
[POS] Cargando DBF...
[POS] MAPRE: 40640
[POS] DPOFE: 2448
[POS] Cache cargado en 1912 ms
[POS] Refrescando cache DBF...
[POS] Cargando DBF...
[POS] MAPRE: 40640
[POS] DPOFE: 2448
[POS] Cache cargado en 1917 ms
[POS] Refrescando cache DBF...
[POS] Cargando DBF...
[POS] MAPRE: 40640
[POS] DPOFE: 2448
[POS] Cache cargado en 1906 ms
[POS] Refrescando cache DBF...
[POS] Cargando DBF...
[POS] MAPRE: 40640
[POS] DPOFE: 2448
[POS] Cache cargado en 1915 ms
[POS] Refrescando cache DBF...
[POS] Cargando DBF...
[POS] MAPRE: 40640
[POS] DPOFE: 2448
[POS] Cache cargado en 1910 ms
[POS] Refrescando cache DBF...
[POS] Cargando DBF...
[POS] MAPRE: 40640
[POS] DPOFE: 2448
[POS] Cache cargado en 1917 ms
[POS] Refrescando cache DBF...
[POS] Cargando DBF...
[POS] MAPRE: 40640
[POS] DPOFE: 2448
[POS] Cache cargado en 1896 ms
[POS] Refrescando cache DBF...
[POS] Cargando DBF...
[POS] MAPRE: 40640
[POS] DPOFE: 2448
[POS] Cache cargado en 1907 ms
[POS] Refrescando cache DBF...
[POS] Cargando DBF...
[POS] MAPRE: 40640
[POS] DPOFE: 2448
[POS] Cache cargado en 1896 ms
[POS] Refrescando cache DBF...
[POS] Cargando DBF...
[POS] MAPRE: 40640
[POS] DPOFE: 2448
[POS] Cache cargado en 1912 ms
[POS] Refrescando cache DBF...
[POS] Cargando DBF...
[POS] MAPRE: 40640
[POS] DPOFE: 2448
[POS] Cache cargado en 1918 ms
[POS] Refrescando cache DBF...
[POS] Cargando DBF...
[POS] MAPRE: 40640
[POS] DPOFE: 2448
[POS] Cache cargado en 1906 ms
[POS] Refrescando cache DBF...
[POS] Cargando DBF...
[POS] MAPRE: 40640
[POS] DPOFE: 2448
[POS] Cache cargado en 1909 ms
[POS] Refrescando cache DBF...
[POS] Cargando DBF...
[POS] MAPRE: 40640
[POS] DPOFE: 2448
[POS] Cache cargado en 1905 ms
[POS] Refrescando cache DBF...
[POS] Cargando DBF...
[POS] MAPRE: 40640
[POS] DPOFE: 2448
[POS] Cache cargado en 1926 ms
[POS] Refrescando cache DBF...
[POS] Cargando DBF...
[POS] MAPRE: 40640
[POS] DPOFE: 2448
[POS] Cache cargado en 1912 ms
[POS] Refrescando cache DBF...
[POS] Cargando DBF...
[POS] MAPRE: 40640
[POS] DPOFE: 2448
[POS] Cache cargado en 1926 ms
[POS] Refrescando cache DBF...
[POS] Cargando DBF...
[POS] MAPRE: 40640
[POS] DPOFE: 2448
[POS] Cache cargado en 1918 ms
[POS] Refrescando cache DBF...
[POS] Cargando DBF...
[POS] MAPRE: 40640
[POS] DPOFE: 2448
[POS] Cache cargado en 1915 ms
[POS] Refrescando cache DBF...
[POS] Cargando DBF...
[POS] MAPRE: 40640
[POS] DPOFE: 2448
[POS] Cache cargado en 1905 ms
[POS] Refrescando cache DBF...
[POS] Cargando DBF...
[POS] MAPRE: 40640
[POS] DPOFE: 2448
[POS] Cache cargado en 1922 ms
[POS] Refrescando cache DBF...
[POS] Cargando DBF...
[POS] MAPRE: 40640
[POS] DPOFE: 2448
[POS] Cache cargado en 1913 ms
[POS] Refrescando cache DBF...
[POS] Cargando DBF...
[POS] MAPRE: 40640
[POS] DPOFE: 2448
[POS] Cache cargado en 1884 ms
[POS] Refrescando cache DBF...
[POS] Cargando DBF...
[POS] MAPRE: 40640
[POS] DPOFE: 2448
[POS] Cache cargado en 1907 ms
[POS] Refrescando cache DBF...
[POS] Cargando DBF...
[POS] MAPRE: 40640
[POS] DPOFE: 2448
[POS] Cache cargado en 1894 ms
[POS] Refrescando cache DBF...
[POS] Cargando DBF...
[POS] MAPRE: 40640
[POS] DPOFE: 2448
[POS] Cache cargado en 1913 ms
[POS] Refrescando cache DBF...
[POS] Cargando DBF...
[POS] MAPRE: 40640
[POS] DPOFE: 2448
[POS] Cache cargado en 1909 ms
[POS] Refrescando cache DBF...
[POS] Cargando DBF...
[POS] MAPRE: 40640
[POS] DPOFE: 2448
[POS] Cache cargado en 1904 ms
[POS] Refrescando cache DBF...
[POS] Cargando DBF...
[POS] MAPRE: 40640
[POS] DPOFE: 2448
[POS] Cache cargado en 1895 ms
[POS] Refrescando cache DBF...
[POS] Cargando DBF...
[POS] MAPRE: 40640
[POS] DPOFE: 2448
[POS] Cache cargado en 1908 ms
[POS] Refrescando cache DBF...
[POS] Cargando DBF...
[POS] MAPRE: 40640
[POS] DPOFE: 2448
[POS] Cache cargado en 1906 ms
[POS] Refrescando cache DBF...
[POS] Cargando DBF...
[POS] MAPRE: 40640
[POS] DPOFE: 2448
[POS] Cache cargado en 1905 ms
[POS] Refrescando cache DBF...
[POS] Cargando DBF...
[POS] MAPRE: 40640
[POS] DPOFE: 2448
[POS] Cache cargado en 1894 ms
[POS] Refrescando cache DBF...
[POS] Cargando DBF...
[POS] MAPRE: 40640
[POS] DPOFE: 2448
[POS] Cache cargado en 1911 ms
[POS] Refrescando cache DBF...
[POS] Cargando DBF...
[POS] MAPRE: 40640
[POS] DPOFE: 2448
[POS] Cache cargado en 1902 ms
[POS] Refrescando cache DBF...
[POS] Cargando DBF...
[POS] MAPRE: 40640
[POS] DPOFE: 2448
[POS] Cache cargado en 1909 ms
[POS] Refrescando cache DBF...
[POS] Cargando DBF...
[POS] MAPRE: 40640
[POS] DPOFE: 2448
[POS] Cache cargado en 1903 ms
[POS] Refrescando cache DBF...
[POS] Cargando DBF...
[POS] MAPRE: 40640
[POS] DPOFE: 2448
[POS] Cache cargado en 1913 ms
[POS] Refrescando cache DBF...
[POS] Cargando DBF...
[POS] MAPRE: 40640
[POS] DPOFE: 2448
[POS] Cache cargado en 1923 ms
[POS] Refrescando cache DBF...
[POS] Cargando DBF...
[POS] MAPRE: 40640
[POS] DPOFE: 2448
[POS] Cache cargado en 1913 ms
[POS] Refrescando cache DBF...
[POS] Cargando DBF...
[POS] MAPRE: 40640
[POS] DPOFE: 2448
[POS] Cache cargado en 1886 ms
[POS] Refrescando cache DBF...
[POS] Cargando DBF...
[POS] MAPRE: 40640
[POS] DPOFE: 2448
[POS] Cache cargado en 1916 ms
[POS] Refrescando cache DBF...
[POS] Cargando DBF...
[POS] MAPRE: 40640
[POS] DPOFE: 2448
[POS] Cache cargado en 1932 ms
[POS] Refrescando cache DBF...
[POS] Cargando DBF...
[POS] MAPRE: 40640
[POS] DPOFE: 2448
[POS] Cache cargado en 1905 ms
[POS] Refrescando cache DBF...
[POS] Cargando DBF...
[POS] MAPRE: 40640
[POS] DPOFE: 2448
[POS] Cache cargado en 1900 ms
[POS] Refrescando cache DBF...
[POS] Cargando DBF...
[POS] MAPRE: 40640
[POS] DPOFE: 2448
[POS] Cache cargado en 1930 ms
[POS] Refrescando cache DBF...
[POS] Cargando DBF...
[POS] MAPRE: 40640
[POS] DPOFE: 2448
[POS] Cache cargado en 1907 ms
[POS] Refrescando cache DBF...
[POS] Cargando DBF...
[POS] MAPRE: 40640
[POS] DPOFE: 2448
[POS] Cache cargado en 1908 ms
[POS] Refrescando cache DBF...
[POS] Cargando DBF...
[POS] MAPRE: 40640
[POS] DPOFE: 2448
[POS] Cache cargado en 1901 ms
[POS] Refrescando cache DBF...
[POS] Cargando DBF...
[POS] MAPRE: 40640
[POS] DPOFE: 2448
[POS] Cache cargado en 1922 ms
[POS] Refrescando cache DBF...
[POS] Cargando DBF...
[POS] MAPRE: 40640
[POS] DPOFE: 2448
[POS] Cache cargado en 1929 ms
[POS] Refrescando cache DBF...
[POS] Cargando DBF...
[POS] MAPRE: 40640
[POS] DPOFE: 2448
[POS] Cache cargado en 1927 ms
[POS] Refrescando cache DBF...
[POS] Cargando DBF...
[POS] MAPRE: 40640
[POS] DPOFE: 2448
[POS] Cache cargado en 1929 ms
[POS] Refrescando cache DBF...
[POS] Cargando DBF...
[POS] MAPRE: 40640
[POS] DPOFE: 2448
[POS] Cache cargado en 1919 ms
[POS] Refrescando cache DBF...
[POS] Cargando DBF...
[POS] MAPRE: 40640
[POS] DPOFE: 2448
[POS] Cache cargado en 1909 ms
[POS] Refrescando cache DBF...
[POS] Cargando DBF...
[POS] MAPRE: 40640
[POS] DPOFE: 2448
[POS] Cache cargado en 1902 ms
[POS] Refrescando cache DBF...
[POS] Cargando DBF...
[POS] MAPRE: 40640
[POS] DPOFE: 2448
[POS] Cache cargado en 1907 ms
[POS] Refrescando cache DBF...
[POS] Cargando DBF...
[POS] MAPRE: 40640
[POS] DPOFE: 2448
[POS] Cache cargado en 1912 ms
[POS] Refrescando cache DBF...
[POS] Cargando DBF...
[POS] MAPRE: 40640
[POS] DPOFE: 2448
[POS] Cache cargado en 1896 ms
[POS] Refrescando cache DBF...
[POS] Cargando DBF...
[POS] MAPRE: 40640
[POS] DPOFE: 2448
[POS] Cache cargado en 1905 ms
[POS] Refrescando cache DBF...
[POS] Cargando DBF...
[POS] MAPRE: 40640
[POS] DPOFE: 2448
[POS] Cache cargado en 1900 ms
[POS] Refrescando cache DBF...
[POS] Cargando DBF...
[POS] MAPRE: 40640
[POS] DPOFE: 2448
[POS] Cache cargado en 1931 ms
[POS] Refrescando cache DBF...
[POS] Cargando DBF...
[POS] MAPRE: 40640
[POS] DPOFE: 2448
[POS] Cache cargado en 1903 ms
[POS] Refrescando cache DBF...
[POS] Cargando DBF...
[POS] MAPRE: 40640
[POS] DPOFE: 2448
[POS] Cache cargado en 1908 ms
[POS] Refrescando cache DBF...
[POS] Cargando DBF...
[POS] MAPRE: 40640
[POS] DPOFE: 2448
[POS] Cache cargado en 1914 ms
[POS] Refrescando cache DBF...
[POS] Cargando DBF...
[POS] MAPRE: 40640
[POS] DPOFE: 2448
[POS] Cache cargado en 1912 ms
[POS] Refrescando cache DBF...
[POS] Cargando DBF...
[POS] MAPRE: 40640
[POS] DPOFE: 2448
[POS] Cache cargado en 1910 ms
[POS] Refrescando cache DBF...
[POS] Cargando DBF...
[POS] MAPRE: 40640
[POS] DPOFE: 2448
[POS] Cache cargado en 1924 ms
[POS] Refrescando cache DBF...
[POS] Cargando DBF...
[POS] MAPRE: 40640
[POS] DPOFE: 2448
[POS] Cache cargado en 1906 ms
[POS] Refrescando cache DBF...
[POS] Cargando DBF...
[POS] MAPRE: 40640
[POS] DPOFE: 2448
[POS] Cache cargado en 1928 ms
[POS] Refrescando cache DBF...
[POS] Cargando DBF...
[POS] MAPRE: 40640
[POS] DPOFE: 2448
[POS] Cache cargado en 1910 ms
[POS] Refrescando cache DBF...
[POS] Cargando DBF...
[POS] MAPRE: 40640
[POS] DPOFE: 2448
[POS] Cache cargado en 1963 ms
[POS] Refrescando cache DBF...
[POS] Cargando DBF...
[POS] MAPRE: 40640
[POS] DPOFE: 2448
[POS] Cache cargado en 1907 ms
[POS] Refrescando cache DBF...
[POS] Cargando DBF...
[POS] MAPRE: 40640
[POS] DPOFE: 2448
[POS] Cache cargado en 1939 ms
[POS] Refrescando cache DBF...
[POS] Cargando DBF...
[POS] MAPRE: 40640
[POS] DPOFE: 2448
[POS] Cache cargado en 1914 ms
[POS] Refrescando cache DBF...
[POS] Cargando DBF...
[POS] MAPRE: 40640
[POS] DPOFE: 2448
[POS] Cache cargado en 1887 ms
[POS] Refrescando cache DBF...
[POS] Cargando DBF...
[POS] MAPRE: 40640
[POS] DPOFE: 2448
[POS] Cache cargado en 1913 ms
[POS] Refrescando cache DBF...
[POS] Cargando DBF...
[POS] MAPRE: 40640
[POS] DPOFE: 2448
[POS] Cache cargado en 1913 ms
[POS] Refrescando cache DBF...
[POS] Cargando DBF...
[POS] MAPRE: 40640
[POS] DPOFE: 2448
[POS] Cache cargado en 1912 ms
[POS] Refrescando cache DBF...
[POS] Cargando DBF...
[POS] MAPRE: 40640
[POS] DPOFE: 2448
[POS] Cache cargado en 1911 ms
[POS] Refrescando cache DBF...
[POS] Cargando DBF...
[POS] MAPRE: 40640
[POS] DPOFE: 2448
[POS] Cache cargado en 1896 ms
[POS] Refrescando cache DBF...
[POS] Cargando DBF...
[POS] MAPRE: 40640
[POS] DPOFE: 2448
[POS] Cache cargado en 1915 ms
[POS] Refrescando cache DBF...
[POS] Cargando DBF...
[POS] MAPRE: 40640
[POS] DPOFE: 2448
[POS] Cache cargado en 1917 ms
[POS] Refrescando cache DBF...
[POS] Cargando DBF...
[POS] MAPRE: 40640
[POS] DPOFE: 2448
[POS] Cache cargado en 1920 ms
[POS] Refrescando cache DBF...
[POS] Cargando DBF...
[POS] MAPRE: 40640
[POS] DPOFE: 2448
[POS] Cache cargado en 1910 ms
[POS] Refrescando cache DBF...
[POS] Cargando DBF...
[POS] MAPRE: 40640
[POS] DPOFE: 2448
[POS] Cache cargado en 1918 ms
[POS] Refrescando cache DBF...
[POS] Cargando DBF...
[POS] MAPRE: 40640
[POS] DPOFE: 2448
[POS] Cache cargado en 1913 ms
[POS] Refrescando cache DBF...
[POS] Cargando DBF...
[POS] MAPRE: 40640
[POS] DPOFE: 2448
[POS] Cache cargado en 1927 ms
[POS] Refrescando cache DBF...
[POS] Cargando DBF...
[POS] MAPRE: 40640
[POS] DPOFE: 2448
[POS] Cache cargado en 1915 ms
[POS] Refrescando cache DBF...
[POS] Cargando DBF...
[POS] MAPRE: 40640
[POS] DPOFE: 2448
[POS] Cache cargado en 1934 ms
[POS] Refrescando cache DBF...
[POS] Cargando DBF...
[POS] MAPRE: 40640
[POS] DPOFE: 2448
[POS] Cache cargado en 1902 ms
[POS] Refrescando cache DBF...
[POS] Cargando DBF...
[POS] MAPRE: 40640
[POS] DPOFE: 2448
[POS] Cache cargado en 1925 ms
[POS] Refrescando cache DBF...
[POS] Cargando DBF...
[POS] MAPRE: 40640
[POS] DPOFE: 2448
[POS] Cache cargado en 1902 ms
[POS] Refrescando cache DBF...
[POS] Cargando DBF...
[POS] MAPRE: 40640
[POS] DPOFE: 2448
[POS] Cache cargado en 1914 ms
[POS] Refrescando cache DBF...
[POS] Cargando DBF...
[POS] MAPRE: 40640
[POS] DPOFE: 2448
[POS] Cache cargado en 1906 ms
[POS] Refrescando cache DBF...
[POS] Cargando DBF...
[POS] MAPRE: 40640
[POS] DPOFE: 2448
[POS] Cache cargado en 1924 ms
[POS] Refrescando cache DBF...
[POS] Cargando DBF...
[POS] MAPRE: 40640
[POS] DPOFE: 2448
[POS] Cache cargado en 1898 ms
[POS] Refrescando cache DBF...
[POS] Cargando DBF...
[POS] MAPRE: 40640
[POS] DPOFE: 2448
[POS] Cache cargado en 1927 ms
[POS] Refrescando cache DBF...
[POS] Cargando DBF...
[POS] MAPRE: 40640
[POS] DPOFE: 2448
[POS] Cache cargado en 1907 ms
[POS] Refrescando cache DBF...
[POS] Cargando DBF...
[POS] MAPRE: 40640
[POS] DPOFE: 2448
[POS] Cache cargado en 1931 ms
[POS] Refrescando cache DBF...
[POS] Cargando DBF...
[POS] MAPRE: 40640
[POS] DPOFE: 2448
[POS] Cache cargado en 1897 ms
[POS] Refrescando cache DBF...
[POS] Cargando DBF...
[POS] MAPRE: 40640
[POS] DPOFE: 2448
[POS] Cache cargado en 1907 ms
[POS] Refrescando cache DBF...
[POS] Cargando DBF...
[POS] MAPRE: 40640
[POS] DPOFE: 2448
[POS] Cache cargado en 1905 ms
[POS] Refrescando cache DBF...
[POS] Cargando DBF...
[POS] MAPRE: 40640
[POS] DPOFE: 2448
[POS] Cache cargado en 1910 ms
[POS] Refrescando cache DBF...
[POS] Cargando DBF...
[POS] MAPRE: 40640
[POS] DPOFE: 2448
[POS] Cache cargado en 1909 ms
[POS] Refrescando cache DBF...
[POS] Cargando DBF...
[POS] MAPRE: 40640
[POS] DPOFE: 2448
[POS] Cache cargado en 1909 ms
[POS] Refrescando cache DBF...
[POS] Cargando DBF...
[POS] MAPRE: 40640
[POS] DPOFE: 2448
[POS] Cache cargado en 1905 ms
[POS] Refrescando cache DBF...
[POS] Cargando DBF...
[POS] MAPRE: 40640
[POS] DPOFE: 2448
[POS] Cache cargado en 1920 ms
[POS] Refrescando cache DBF...
[POS] Cargando DBF...
[POS] MAPRE: 40640
[POS] DPOFE: 2448
[POS] Cache cargado en 1889 ms
[POS] Refrescando cache DBF...
[POS] Cargando DBF...
[POS] MAPRE: 40640
[POS] DPOFE: 2448
[POS] Cache cargado en 1899 ms
[POS] Refrescando cache DBF...
[POS] Cargando DBF...
[POS] MAPRE: 40640
[POS] DPOFE: 2448
[POS] Cache cargado en 1917 ms
[POS] Refrescando cache DBF...
[POS] Cargando DBF...
[POS] MAPRE: 40640
[POS] DPOFE: 2448
[POS] Cache cargado en 1913 ms
[POS] Refrescando cache DBF...
[POS] Cargando DBF...
[POS] MAPRE: 40640
[POS] DPOFE: 2448
[POS] Cache cargado en 1914 ms
[POS] Refrescando cache DBF...
[POS] Cargando DBF...
[POS] MAPRE: 40640
[POS] DPOFE: 2448
[POS] Cache cargado en 1916 ms
[POS] Refrescando cache DBF...
[POS] Cargando DBF...
[POS] MAPRE: 40640
[POS] DPOFE: 2448
[POS] Cache cargado en 1913 ms
[POS] Refrescando cache DBF...
[POS] Cargando DBF...
[POS] MAPRE: 40640
[POS] DPOFE: 2448
[POS] Cache cargado en 1927 ms
[POS] Refrescando cache DBF...
[POS] Cargando DBF...
[POS] MAPRE: 40640
[POS] DPOFE: 2448
[POS] Cache cargado en 1893 ms
[POS] Refrescando cache DBF...
[POS] Cargando DBF...
[POS] MAPRE: 40640
[POS] DPOFE: 2448
[POS] Cache cargado en 1914 ms
[POS] Refrescando cache DBF...
[POS] Cargando DBF...
[POS] MAPRE: 40640
[POS] DPOFE: 2448
[POS] Cache cargado en 1914 ms
[POS] Refrescando cache DBF...
[POS] Cargando DBF...
[POS] MAPRE: 40640
[POS] DPOFE: 2448
[POS] Cache cargado en 1922 ms
[POS] Refrescando cache DBF...
[POS] Cargando DBF...
[POS] MAPRE: 40640
[POS] DPOFE: 2448
[POS] Cache cargado en 1913 ms
[POS] Refrescando cache DBF...
[POS] Cargando DBF...
[POS] MAPRE: 40640
[POS] DPOFE: 2448
[POS] Cache cargado en 1919 ms
[POS] Refrescando cache DBF...
[POS] Cargando DBF...
[POS] MAPRE: 40640
[POS] DPOFE: 2448
[POS] Cache cargado en 1907 ms
[POS] Refrescando cache DBF...
[POS] Cargando DBF...
[POS] MAPRE: 40640
[POS] DPOFE: 2448
[POS] Cache cargado en 1920 ms
[POS] Refrescando cache DBF...
[POS] Cargando DBF...
[POS] MAPRE: 40640
[POS] DPOFE: 2448
[POS] Cache cargado en 1901 ms
[POS] Refrescando cache DBF...
[POS] Cargando DBF...
[POS] MAPRE: 40640
[POS] DPOFE: 2448
[POS] Cache cargado en 1919 ms
[POS] Refrescando cache DBF...
[POS] Cargando DBF...
[POS] MAPRE: 40640
[POS] DPOFE: 2448
[POS] Cache cargado en 1917 ms
[POS] Refrescando cache DBF...
[POS] Cargando DBF...
[POS] MAPRE: 40640
[POS] DPOFE: 2448
[POS] Cache cargado en 1923 ms
[POS] Refrescando cache DBF...
[POS] Cargando DBF...
[POS] MAPRE: 40640
[POS] DPOFE: 2448
[POS] Cache cargado en 1892 ms
[POS] Refrescando cache DBF...
[POS] Cargando DBF...
[POS] MAPRE: 40640
[POS] DPOFE: 2448
[POS] Cache cargado en 1923 ms
[POS] Refrescando cache DBF...
[POS] Cargando DBF...
[POS] MAPRE: 40640
[POS] DPOFE: 2448
[POS] Cache cargado en 1917 ms
[POS] Refrescando cache DBF...
[POS] Cargando DBF...
[POS] MAPRE: 40640
[POS] DPOFE: 2448
[POS] Cache cargado en 1919 ms
[POS] Refrescando cache DBF...
[POS] Cargando DBF...
[POS] MAPRE: 40640
[POS] DPOFE: 2448
[POS] Cache cargado en 1896 ms
[POS] Refrescando cache DBF...
[POS] Cargando DBF...
[POS] MAPRE: 40640
[POS] DPOFE: 2448
[POS] Cache cargado en 1918 ms
[POS] Refrescando cache DBF...
[POS] Cargando DBF...
[POS] MAPRE: 40640
[POS] DPOFE: 2448
[POS] Cache cargado en 1907 ms
[POS] Refrescando cache DBF...
[POS] Cargando DBF...
[POS] MAPRE: 40640
[POS] DPOFE: 2448
[POS] Cache cargado en 1925 ms
[POS] Refrescando cache DBF...
[POS] Cargando DBF...
[POS] MAPRE: 40640
[POS] DPOFE: 2448
[POS] Cache cargado en 1904 ms
[POS] Refrescando cache DBF...
[POS] Cargando DBF...
[POS] MAPRE: 40640
[POS] DPOFE: 2448
[POS] Cache cargado en 1912 ms
[POS] Refrescando cache DBF...
[POS] Cargando DBF...
[POS] MAPRE: 40640
[POS] DPOFE: 2448
[POS] Cache cargado en 1913 ms
[POS] Refrescando cache DBF...
[POS] Cargando DBF...
[POS] MAPRE: 40640
[POS] DPOFE: 2448
[POS] Cache cargado en 1908 ms
[POS] Refrescando cache DBF...
[POS] Cargando DBF...
[POS] MAPRE: 40640
[POS] DPOFE: 2448
[POS] Cache cargado en 1905 ms
[POS] Refrescando cache DBF...
[POS] Cargando DBF...
[POS] MAPRE: 40640
[POS] DPOFE: 2448
[POS] Cache cargado en 1916 ms
[POS] Refrescando cache DBF...
[POS] Cargando DBF...
[POS] MAPRE: 40640
[POS] DPOFE: 2448
[POS] Cache cargado en 1922 ms
[POS] Refrescando cache DBF...
[POS] Cargando DBF...
[POS] MAPRE: 40640
[POS] DPOFE: 2448
[POS] Cache cargado en 1920 ms
[POS] Refrescando cache DBF...
[POS] Cargando DBF...
[POS] MAPRE: 40640
[POS] DPOFE: 2448
[POS] Cache cargado en 1907 ms
[POS] Refrescando cache DBF...
[POS] Cargando DBF...
[POS] MAPRE: 40640
[POS] DPOFE: 2448
[POS] Cache cargado en 1917 ms
[POS] Refrescando cache DBF...
[POS] Cargando DBF...
[POS] MAPRE: 40640
[POS] DPOFE: 2448
[POS] Cache cargado en 1924 ms
[POS] Refrescando cache DBF...
[POS] Cargando DBF...
[POS] MAPRE: 40640
[POS] DPOFE: 2448
[POS] Cache cargado en 1917 ms
[POS] Refrescando cache DBF...
[POS] Cargando DBF...
[POS] MAPRE: 40640
[POS] DPOFE: 2448
[POS] Cache cargado en 1903 ms
[POS] Refrescando cache DBF...
[POS] Cargando DBF...
[POS] MAPRE: 40640
[POS] DPOFE: 2448
[POS] Cache cargado en 1891 ms
[POS] Refrescando cache DBF...
[POS] Cargando DBF...
[POS] MAPRE: 40640
[POS] DPOFE: 2448
[POS] Cache cargado en 1918 ms
[POS] Refrescando cache DBF...
[POS] Cargando DBF...
[POS] MAPRE: 40640
[POS] DPOFE: 2448
[POS] Cache cargado en 1925 ms
[POS] Refrescando cache DBF...
[POS] Cargando DBF...
[POS] MAPRE: 40640
[POS] DPOFE: 2448
[POS] Cache cargado en 1917 ms
[POS] Refrescando cache DBF...
[POS] Cargando DBF...
[POS] MAPRE: 40640
[POS] DPOFE: 2448
[POS] Cache cargado en 1921 ms
[POS] Refrescando cache DBF...
[POS] Cargando DBF...
[POS] MAPRE: 40640
[POS] DPOFE: 2448
[POS] Cache cargado en 1913 ms
[POS] Refrescando cache DBF...
[POS] Cargando DBF...
[POS] MAPRE: 40640
[POS] DPOFE: 2448
[POS] Cache cargado en 1917 ms
[POS] Refrescando cache DBF...
[POS] Cargando DBF...
[POS] MAPRE: 40640
[POS] DPOFE: 2448
[POS] Cache cargado en 1914 ms
[POS] Refrescando cache DBF...
[POS] Cargando DBF...
[POS] MAPRE: 40640
[POS] DPOFE: 2448
[POS] Cache cargado en 1942 ms
[POS] Refrescando cache DBF...
[POS] Cargando DBF...
[POS] MAPRE: 40640
[POS] DPOFE: 2448
[POS] Cache cargado en 1902 ms
[POS] Refrescando cache DBF...
[POS] Cargando DBF...
[POS] MAPRE: 40640
[POS] DPOFE: 2448
[POS] Cache cargado en 1922 ms
[POS] Refrescando cache DBF...
[POS] Cargando DBF...
[POS] MAPRE: 40640
[POS] DPOFE: 2448
[POS] Cache cargado en 1898 ms
[POS] Refrescando cache DBF...
[POS] Cargando DBF...
[POS] MAPRE: 40640
[POS] DPOFE: 2448
[POS] Cache cargado en 1924 ms
[POS] Refrescando cache DBF...
[POS] Cargando DBF...
[POS] MAPRE: 40640
[POS] DPOFE: 2448
[POS] Cache cargado en 1907 ms
[POS] Refrescando cache DBF...
[POS] Cargando DBF...
[POS] MAPRE: 40640
[POS] DPOFE: 2448
[POS] Cache cargado en 1950 ms
[POS] Refrescando cache DBF...
[POS] Cargando DBF...
[POS] MAPRE: 40640
[POS] DPOFE: 2448
[POS] Cache cargado en 1897 ms
[POS] Refrescando cache DBF...
[POS] Cargando DBF...
[POS] MAPRE: 40640
[POS] DPOFE: 2448
[POS] Cache cargado en 1900 ms
[POS] Refrescando cache DBF...
[POS] Cargando DBF...
[POS] MAPRE: 40640
[POS] DPOFE: 2448
[POS] Cache cargado en 1912 ms
[POS] Refrescando cache DBF...
[POS] Cargando DBF...
[POS] MAPRE: 40640
[POS] DPOFE: 2448
[POS] Cache cargado en 1926 ms
[POS] Refrescando cache DBF...
[POS] Cargando DBF...
[POS] MAPRE: 40640
[POS] DPOFE: 2448
[POS] Cache cargado en 1908 ms
[POS] Refrescando cache DBF...
[POS] Cargando DBF...
[POS] MAPRE: 40640
[POS] DPOFE: 2448
[POS] Cache cargado en 1931 ms
[POS] Refrescando cache DBF...
[POS] Cargando DBF...
[POS] MAPRE: 40640
[POS] DPOFE: 2448
[POS] Cache cargado en 1921 ms
[POS] Refrescando cache DBF...
[POS] Cargando DBF...
[POS] MAPRE: 40640
[POS] DPOFE: 2448
[POS] Cache cargado en 1929 ms
[POS] Refrescando cache DBF...
[POS] Cargando DBF...
[POS] MAPRE: 40640
[POS] DPOFE: 2448
[POS] Cache cargado en 1908 ms
[POS] Refrescando cache DBF...
[POS] Cargando DBF...
[POS] MAPRE: 40640
[POS] DPOFE: 2448
[POS] Cache cargado en 1914 ms
[POS] Refrescando cache DBF...
[POS] Cargando DBF...
[POS] MAPRE: 40640
[POS] DPOFE: 2448
[POS] Cache cargado en 1899 ms
[POS] Refrescando cache DBF...
[POS] Cargando DBF...
[POS] MAPRE: 40640
[POS] DPOFE: 2448
[POS] Cache cargado en 1929 ms
[POS] Refrescando cache DBF...
[POS] Cargando DBF...
[POS] MAPRE: 40640
[POS] DPOFE: 2448
[POS] Cache cargado en 1922 ms
[POS] Refrescando cache DBF...
[POS] Cargando DBF...
[POS] MAPRE: 40640
[POS] DPOFE: 2448
[POS] Cache cargado en 1900 ms
[POS] Refrescando cache DBF...
[POS] Cargando DBF...
[POS] MAPRE: 40640
[POS] DPOFE: 2448
[POS] Cache cargado en 1905 ms
[POS] Refrescando cache DBF...
[POS] Cargando DBF...
[POS] MAPRE: 40640
[POS] DPOFE: 2448
[POS] Cache cargado en 1926 ms
[POS] Refrescando cache DBF...
[POS] Cargando DBF...
[POS] MAPRE: 40640
[POS] DPOFE: 2448
[POS] Cache cargado en 1902 ms
[POS] Refrescando cache DBF...
[POS] Cargando DBF...
[POS] MAPRE: 40640
[POS] DPOFE: 2448
[POS] Cache cargado en 1918 ms
[POS] Refrescando cache DBF...
[POS] Cargando DBF...
[POS] MAPRE: 40640
[POS] DPOFE: 2448
[POS] Cache cargado en 1909 ms
[POS] Refrescando cache DBF...
[POS] Cargando DBF...
[POS] MAPRE: 40640
[POS] DPOFE: 2448
[POS] Cache cargado en 1919 ms
[POS] Refrescando cache DBF...
[POS] Cargando DBF...
[POS] MAPRE: 40640
[POS] DPOFE: 2448
[POS] Cache cargado en 1897 ms
[POS] Refrescando cache DBF...
[POS] Cargando DBF...
[POS] MAPRE: 40640
[POS] DPOFE: 2448
[POS] Cache cargado en 1938 ms
[POS] Refrescando cache DBF...
[POS] Cargando DBF...
[POS] MAPRE: 40640
[POS] DPOFE: 2448
[POS] Cache cargado en 1904 ms
[POS] Refrescando cache DBF...
[POS] Cargando DBF...
[POS] MAPRE: 40640
[POS] DPOFE: 2448
[POS] Cache cargado en 1920 ms
[POS] Refrescando cache DBF...
[POS] Cargando DBF...
[POS] MAPRE: 40640
[POS] DPOFE: 2448
[POS] Cache cargado en 1900 ms
[POS] Refrescando cache DBF...
[POS] Cargando DBF...
[POS] MAPRE: 40640
[POS] DPOFE: 2448
[POS] Cache cargado en 1920 ms
[POS] Refrescando cache DBF...
[POS] Cargando DBF...
[POS] MAPRE: 40640
[POS] DPOFE: 2448
[POS] Cache cargado en 1915 ms
[POS] Refrescando cache DBF...
[POS] Cargando DBF...
[POS] MAPRE: 40640
[POS] DPOFE: 2448
[POS] Cache cargado en 1933 ms
[POS] Refrescando cache DBF...
[POS] Cargando DBF...
[POS] MAPRE: 40640
[POS] DPOFE: 2448
[POS] Cache cargado en 1910 ms
[POS] Refrescando cache DBF...
[POS] Cargando DBF...
[POS] MAPRE: 40640
[POS] DPOFE: 2448
[POS] Cache cargado en 1896 ms
[POS] Refrescando cache DBF...
[POS] Cargando DBF...
[POS] MAPRE: 40640
[POS] DPOFE: 2448
[POS] Cache cargado en 1917 ms
[POS] Refrescando cache DBF...
[POS] Cargando DBF...
[POS] MAPRE: 40640
[POS] DPOFE: 2448
[POS] Cache cargado en 1926 ms
[POS] Refrescando cache DBF...
[POS] Cargando DBF...
[POS] MAPRE: 40640
[POS] DPOFE: 2448
[POS] Cache cargado en 1902 ms
[POS] Refrescando cache DBF...
[POS] Cargando DBF...
[POS] MAPRE: 40640
[POS] DPOFE: 2448
[POS] Cache cargado en 1932 ms
[POS] Refrescando cache DBF...
[POS] Cargando DBF...
[POS] MAPRE: 40640
[POS] DPOFE: 2448
[POS] Cache cargado en 1921 ms
[POS] Refrescando cache DBF...
[POS] Cargando DBF...
[POS] MAPRE: 40640
[POS] DPOFE: 2448
[POS] Cache cargado en 1921 ms
[POS] Refrescando cache DBF...
[POS] Cargando DBF...
[POS] MAPRE: 40640
[POS] DPOFE: 2448
[POS] Cache cargado en 1894 ms
[POS] Refrescando cache DBF...
[POS] Cargando DBF...
[POS] MAPRE: 40640
[POS] DPOFE: 2448
[POS] Cache cargado en 1911 ms
[POS] Refrescando cache DBF...
[POS] Cargando DBF...
[POS] MAPRE: 40640
[POS] DPOFE: 2448
[POS] Cache cargado en 1928 ms
[POS] Refrescando cache DBF...
[POS] Cargando DBF...
[POS] MAPRE: 40640
[POS] DPOFE: 2448
[POS] Cache cargado en 1921 ms
[POS] Refrescando cache DBF...
[POS] Cargando DBF...
[POS] MAPRE: 40640
[POS] DPOFE: 2448
[POS] Cache cargado en 1913 ms
[POS] Refrescando cache DBF...
[POS] Cargando DBF...
[POS] MAPRE: 40640
[POS] DPOFE: 2448
[POS] Cache cargado en 1912 ms
[POS] Refrescando cache DBF...
[POS] Cargando DBF...
[POS] MAPRE: 40640
[POS] DPOFE: 2448
[POS] Cache cargado en 1906 ms
[POS] Refrescando cache DBF...
[POS] Cargando DBF...
[POS] MAPRE: 40640
[POS] DPOFE: 2448
[POS] Cache cargado en 1910 ms
[POS] Refrescando cache DBF...
[POS] Cargando DBF...
[POS] MAPRE: 40640
[POS] DPOFE: 2448
[POS] Cache cargado en 1907 ms
[POS] Refrescando cache DBF...
[POS] Cargando DBF...
[POS] MAPRE: 40640
[POS] DPOFE: 2448
[POS] Cache cargado en 1921 ms
[POS] Refrescando cache DBF...
[POS] Cargando DBF...
[POS] MAPRE: 40640
[POS] DPOFE: 2448
[POS] Cache cargado en 1910 ms
[POS] Refrescando cache DBF...
[POS] Cargando DBF...
[POS] MAPRE: 40640
[POS] DPOFE: 2448
[POS] Cache cargado en 1918 ms
[POS] Refrescando cache DBF...
[POS] Cargando DBF...
[POS] MAPRE: 40640
[POS] DPOFE: 2448
[POS] Cache cargado en 1901 ms
[POS] Refrescando cache DBF...
[POS] Cargando DBF...
[POS] MAPRE: 40640
[POS] DPOFE: 2448
[POS] Cache cargado en 1903 ms
[POS] Refrescando cache DBF...
[POS] Cargando DBF...
[POS] MAPRE: 40640
[POS] DPOFE: 2448
[POS] Cache cargado en 1905 ms
[POS] Refrescando cache DBF...
[POS] Cargando DBF...
[POS] MAPRE: 40640
[POS] DPOFE: 2448
[POS] Cache cargado en 1922 ms
[POS] Refrescando cache DBF...
[POS] Cargando DBF...
[POS] MAPRE: 40640
[POS] DPOFE: 2448
[POS] Cache cargado en 1900 ms
[POS] Refrescando cache DBF...
[POS] Cargando DBF...
[POS] MAPRE: 40640
[POS] DPOFE: 2448
[POS] Cache cargado en 1911 ms
[POS] Refrescando cache DBF...
[POS] Cargando DBF...
[POS] MAPRE: 40640
[POS] DPOFE: 2448
[POS] Cache cargado en 1921 ms
[POS] Refrescando cache DBF...
[POS] Cargando DBF...
[POS] MAPRE: 40640
[POS] DPOFE: 2448
[POS] Cache cargado en 1922 ms
[POS] Refrescando cache DBF...
[POS] Cargando DBF...
[POS] MAPRE: 40640
[POS] DPOFE: 2448
[POS] Cache cargado en 1897 ms
[POS] Refrescando cache DBF...
[POS] Cargando DBF...
[POS] MAPRE: 40640
[POS] DPOFE: 2448
[POS] Cache cargado en 1908 ms
[POS] Refrescando cache DBF...
[POS] Cargando DBF...
[POS] MAPRE: 40640
[POS] DPOFE: 2448
[POS] Cache cargado en 1914 ms
[POS] Refrescando cache DBF...
[POS] Cargando DBF...
[POS] MAPRE: 40640
[POS] DPOFE: 2448
[POS] Cache cargado en 1910 ms
[POS] Refrescando cache DBF...
[POS] Cargando DBF...
[POS] MAPRE: 40640
[POS] DPOFE: 2448
[POS] Cache cargado en 1902 ms
[POS] Refrescando cache DBF...
[POS] Cargando DBF...
[POS] MAPRE: 40640
[POS] DPOFE: 2448
[POS] Cache cargado en 1922 ms
[POS] Refrescando cache DBF...
[POS] Cargando DBF...
[POS] MAPRE: 40640
[POS] DPOFE: 2448
[POS] Cache cargado en 1915 ms
[POS] Refrescando cache DBF...
[POS] Cargando DBF...
[POS] MAPRE: 40640
[POS] DPOFE: 2448
[POS] Cache cargado en 1923 ms
[POS] Refrescando cache DBF...
[POS] Cargando DBF...
[POS] MAPRE: 40640
[POS] DPOFE: 2448
[POS] Cache cargado en 1898 ms
[POS] Refrescando cache DBF...
[POS] Cargando DBF...
[POS] MAPRE: 40640
[POS] DPOFE: 2448
[POS] Cache cargado en 1894 ms
[POS] Refrescando cache DBF...
[POS] Cargando DBF...
[POS] MAPRE: 40640
[POS] DPOFE: 2448
[POS] Cache cargado en 1911 ms
[POS] Refrescando cache DBF...
[POS] Cargando DBF...
[POS] MAPRE: 40640
[POS] DPOFE: 2448
[POS] Cache cargado en 1915 ms
[POS] Refrescando cache DBF...
[POS] Cargando DBF...
[POS] MAPRE: 40640
[POS] DPOFE: 2448
[POS] Cache cargado en 1913 ms
[POS] Refrescando cache DBF...
[POS] Cargando DBF...
[POS] MAPRE: 40640
[POS] DPOFE: 2448
[POS] Cache cargado en 1929 ms
[POS] Refrescando cache DBF...
[POS] Cargando DBF...
[POS] MAPRE: 40640
[POS] DPOFE: 2448
[POS] Cache cargado en 1922 ms
[POS] Refrescando cache DBF...
[POS] Cargando DBF...
[POS] MAPRE: 40640
[POS] DPOFE: 2448
[POS] Cache cargado en 1920 ms
[POS] Refrescando cache DBF...
[POS] Cargando DBF...
[POS] MAPRE: 40640
[POS] DPOFE: 2448
[POS] Cache cargado en 1922 ms
[POS] Refrescando cache DBF...
[POS] Cargando DBF...
[POS] MAPRE: 40640
[POS] DPOFE: 2448
[POS] Cache cargado en 1910 ms
[POS] Refrescando cache DBF...
[POS] Cargando DBF...
[POS] MAPRE: 40640
[POS] DPOFE: 2448
[POS] Cache cargado en 1921 ms
[POS] Refrescando cache DBF...
[POS] Cargando DBF...
[POS] MAPRE: 40640
[POS] DPOFE: 2448
[POS] Cache cargado en 1922 ms
[POS] Refrescando cache DBF...
[POS] Cargando DBF...
[POS] MAPRE: 40640
[POS] DPOFE: 2448
[POS] Cache cargado en 1901 ms
[POS] Refrescando cache DBF...
[POS] Cargando DBF...
[POS] MAPRE: 40640
[POS] DPOFE: 2448
[POS] Cache cargado en 1919 ms
[POS] Refrescando cache DBF...
[POS] Cargando DBF...
[POS] MAPRE: 40640
[POS] DPOFE: 2448
[POS] Cache cargado en 1902 ms
[POS] Refrescando cache DBF...
[POS] Cargando DBF...
[POS] MAPRE: 40640
[POS] DPOFE: 2448
[POS] Cache cargado en 1915 ms
[POS] Refrescando cache DBF...
[POS] Cargando DBF...
[POS] MAPRE: 40640
[POS] DPOFE: 2448
[POS] Cache cargado en 1912 ms
[POS] Refrescando cache DBF...
[POS] Cargando DBF...
[POS] MAPRE: 40640
[POS] DPOFE: 2448
[POS] Cache cargado en 1897 ms
[POS] Refrescando cache DBF...
[POS] Cargando DBF...
[POS] MAPRE: 40640
[POS] DPOFE: 2448
[POS] Cache cargado en 1914 ms
[POS] Refrescando cache DBF...
[POS] Cargando DBF...
[POS] MAPRE: 40640
[POS] DPOFE: 2448
[POS] Cache cargado en 1922 ms
[POS] Refrescando cache DBF...
[POS] Cargando DBF...
[POS] MAPRE: 40640
[POS] DPOFE: 2448
[POS] Cache cargado en 1896 ms
[POS] Refrescando cache DBF...
[POS] Cargando DBF...
[POS] MAPRE: 40640
[POS] DPOFE: 2448
[POS] Cache cargado en 1945 ms
[POS] Refrescando cache DBF...
[POS] Cargando DBF...
[POS] MAPRE: 40640
[POS] DPOFE: 2448
[POS] Cache cargado en 1921 ms
[POS] Refrescando cache DBF...
[POS] Cargando DBF...
[POS] MAPRE: 40640
[POS] DPOFE: 2448
[POS] Cache cargado en 1926 ms
[POS] Refrescando cache DBF...
[POS] Cargando DBF...
[POS] MAPRE: 40640
[POS] DPOFE: 2448
[POS] Cache cargado en 1910 ms
[POS] Refrescando cache DBF...
[POS] Cargando DBF...
[POS] MAPRE: 40640
[POS] DPOFE: 2448
[POS] Cache cargado en 1919 ms
[POS] Refrescando cache DBF...
[POS] Cargando DBF...
[POS] MAPRE: 40640
[POS] DPOFE: 2448
[POS] Cache cargado en 1930 ms
[POS] Refrescando cache DBF...
[POS] Cargando DBF...
[POS] MAPRE: 40640
[POS] DPOFE: 2448
[POS] Cache cargado en 1927 ms
[POS] Refrescando cache DBF...
[POS] Cargando DBF...
[POS] MAPRE: 40640
[POS] DPOFE: 2448
[POS] Cache cargado en 1915 ms
[POS] Refrescando cache DBF...
[POS] Cargando DBF...
[POS] MAPRE: 40640
[POS] DPOFE: 2448
[POS] Cache cargado en 1923 ms
[POS] Refrescando cache DBF...
[POS] Cargando DBF...
[POS] MAPRE: 40640
[POS] DPOFE: 2448
[POS] Cache cargado en 1927 ms
[POS] Refrescando cache DBF...
[POS] Cargando DBF...
[POS] MAPRE: 40640
[POS] DPOFE: 2448
[POS] Cache cargado en 1921 ms
[POS] Refrescando cache DBF...
[POS] Cargando DBF...
[POS] MAPRE: 40640
[POS] DPOFE: 2448
[POS] Cache cargado en 1881 ms
[POS] Refrescando cache DBF...
[POS] Cargando DBF...
[POS] MAPRE: 40640
[POS] DPOFE: 2448
[POS] Cache cargado en 1920 ms
[POS] Refrescando cache DBF...
[POS] Cargando DBF...
[POS] MAPRE: 40640
[POS] DPOFE: 2448
[POS] Cache cargado en 1911 ms
[POS] Refrescando cache DBF...
[POS] Cargando DBF...
[POS] MAPRE: 40640
[POS] DPOFE: 2448
[POS] Cache cargado en 1904 ms
[POS] Refrescando cache DBF...
[POS] Cargando DBF...
[POS] MAPRE: 40640
[POS] DPOFE: 2448
[POS] Cache cargado en 1901 ms
[POS] Refrescando cache DBF...
[POS] Cargando DBF...
[POS] MAPRE: 40640
[POS] DPOFE: 2448
[POS] Cache cargado en 1917 ms
[POS] Refrescando cache DBF...
[POS] Cargando DBF...
[POS] MAPRE: 40640
[POS] DPOFE: 2448
[POS] Cache cargado en 1917 ms
[POS] Refrescando cache DBF...
[POS] Cargando DBF...
[POS] MAPRE: 40640
[POS] DPOFE: 2448
[POS] Cache cargado en 1942 ms
[POS] Refrescando cache DBF...
[POS] Cargando DBF...
[POS] MAPRE: 40640
[POS] DPOFE: 2448
[POS] Cache cargado en 1899 ms
[POS] Refrescando cache DBF...
[POS] Cargando DBF...
[POS] MAPRE: 40640
[POS] DPOFE: 2448
[POS] Cache cargado en 1916 ms
[POS] Refrescando cache DBF...
[POS] Cargando DBF...
[POS] MAPRE: 40640
[POS] DPOFE: 2448
[POS] Cache cargado en 1909 ms
[POS] Refrescando cache DBF...
[POS] Cargando DBF...
[POS] MAPRE: 40640
[POS] DPOFE: 2448
[POS] Cache cargado en 1922 ms
[POS] Refrescando cache DBF...
[POS] Cargando DBF...
[POS] MAPRE: 40640
[POS] DPOFE: 2448
[POS] Cache cargado en 1919 ms
[POS] Refrescando cache DBF...
[POS] Cargando DBF...
[POS] MAPRE: 40640
[POS] DPOFE: 2448
[POS] Cache cargado en 1913 ms
[POS] Refrescando cache DBF...
[POS] Cargando DBF...
[POS] MAPRE: 40640
[POS] DPOFE: 2448
[POS] Cache cargado en 2012 ms
[POS] Refrescando cache DBF...
[POS] Cargando DBF...
[POS] MAPRE: 40640
[POS] DPOFE: 2448
[POS] Cache cargado en 1906 ms
[POS] Refrescando cache DBF...
[POS] Cargando DBF...
[POS] MAPRE: 40640
[POS] DPOFE: 2448
[POS] Cache cargado en 1910 ms
[POS] Refrescando cache DBF...
[POS] Cargando DBF...
[POS] MAPRE: 40640
[POS] DPOFE: 2448
[POS] Cache cargado en 1913 ms
[POS] Refrescando cache DBF...
[POS] Cargando DBF...
[POS] MAPRE: 40640
[POS] DPOFE: 2448
[POS] Cache cargado en 1905 ms
[POS] Refrescando cache DBF...
[POS] Cargando DBF...
[POS] MAPRE: 40640
[POS] DPOFE: 2448
[POS] Cache cargado en 1916 ms
[POS] Refrescando cache DBF...
[POS] Cargando DBF...
[POS] MAPRE: 40640
[POS] DPOFE: 2448
[POS] Cache cargado en 1912 ms
[POS] Refrescando cache DBF...
[POS] Cargando DBF...
[POS] MAPRE: 40640
[POS] DPOFE: 2448
[POS] Cache cargado en 1931 ms
[POS] Refrescando cache DBF...
[POS] Cargando DBF...
[POS] MAPRE: 40640
[POS] DPOFE: 2448
[POS] Cache cargado en 1917 ms
[POS] Refrescando cache DBF...
[POS] Cargando DBF...
[POS] MAPRE: 40640
[POS] DPOFE: 2448
[POS] Cache cargado en 1916 ms
[POS] Refrescando cache DBF...
[POS] Cargando DBF...
[POS] MAPRE: 40640
[POS] DPOFE: 2448
[POS] Cache cargado en 1920 ms
[POS] Refrescando cache DBF...
[POS] Cargando DBF...
[POS] MAPRE: 40640
[POS] DPOFE: 2448
[POS] Cache cargado en 1974 ms
[POS] Refrescando cache DBF...
[POS] Cargando DBF...
[POS] MAPRE: 40640
[POS] DPOFE: 2448
[POS] Cache cargado en 1901 ms
[POS] Refrescando cache DBF...
[POS] Cargando DBF...
[POS] MAPRE: 40640
[POS] DPOFE: 2448
[POS] Cache cargado en 1907 ms
[POS] Refrescando cache DBF...
[POS] Cargando DBF...
[POS] MAPRE: 40640
[POS] DPOFE: 2448
[POS] Cache cargado en 1909 ms
[POS] Refrescando cache DBF...
[POS] Cargando DBF...
[POS] MAPRE: 40640
[POS] DPOFE: 2448
[POS] Cache cargado en 1918 ms
[POS] Refrescando cache DBF...
[POS] Cargando DBF...
[POS] MAPRE: 40640
[POS] DPOFE: 2448
[POS] Cache cargado en 1917 ms
[POS] Refrescando cache DBF...
[POS] Cargando DBF...
[POS] MAPRE: 40640
[POS] DPOFE: 2448
[POS] Cache cargado en 1921 ms
[POS] Refrescando cache DBF...
[POS] Cargando DBF...
[POS] MAPRE: 40640
[POS] DPOFE: 2448
[POS] Cache cargado en 1897 ms
[POS] Refrescando cache DBF...
[POS] Cargando DBF...
[POS] MAPRE: 40640
[POS] DPOFE: 2448
[POS] Cache cargado en 1916 ms
[POS] Refrescando cache DBF...
[POS] Cargando DBF...
[POS] MAPRE: 40640
[POS] DPOFE: 2448
[POS] Cache cargado en 1899 ms
[POS] Refrescando cache DBF...
[POS] Cargando DBF...
[POS] MAPRE: 40640
[POS] DPOFE: 2448
[POS] Cache cargado en 1904 ms
[POS] Refrescando cache DBF...
[POS] Cargando DBF...
[POS] MAPRE: 40640
[POS] DPOFE: 2448
[POS] Cache cargado en 1911 ms
[POS] Refrescando cache DBF...
[POS] Cargando DBF...
[POS] MAPRE: 40640
[POS] DPOFE: 2448
[POS] Cache cargado en 1919 ms
[POS] Refrescando cache DBF...
[POS] Cargando DBF...
[POS] MAPRE: 40640
[POS] DPOFE: 2448
[POS] Cache cargado en 1937 ms
[POS] Refrescando cache DBF...
[POS] Cargando DBF...
[POS] MAPRE: 40640
[POS] DPOFE: 2448
[POS] Cache cargado en 1928 ms
[POS] Refrescando cache DBF...
[POS] Cargando DBF...
[POS] MAPRE: 40640
[POS] DPOFE: 2448
[POS] Cache cargado en 1909 ms
[POS] Refrescando cache DBF...
[POS] Cargando DBF...
[POS] MAPRE: 40640
[POS] DPOFE: 2448
[POS] Cache cargado en 1920 ms
[POS] Refrescando cache DBF...
[POS] Cargando DBF...
[POS] MAPRE: 40640
[POS] DPOFE: 2448
[POS] Cache cargado en 1925 ms
[POS] Refrescando cache DBF...
[POS] Cargando DBF...
[POS] MAPRE: 40640
[POS] DPOFE: 2448
[POS] Cache cargado en 1920 ms
[POS] Refrescando cache DBF...
[POS] Cargando DBF...
[POS] MAPRE: 40640
[POS] DPOFE: 2448
[POS] Cache cargado en 1910 ms
[POS] Refrescando cache DBF...
[POS] Cargando DBF...
[POS] MAPRE: 40640
[POS] DPOFE: 2448
[POS] Cache cargado en 1941 ms
[POS] Refrescando cache DBF...
[POS] Cargando DBF...
[POS] MAPRE: 40640
[POS] DPOFE: 2448
[POS] Cache cargado en 1909 ms
[POS] Refrescando cache DBF...
[POS] Cargando DBF...
[POS] MAPRE: 40640
[POS] DPOFE: 2448
[POS] Cache cargado en 1919 ms
[POS] Refrescando cache DBF...
[POS] Cargando DBF...
[POS] MAPRE: 40640
[POS] DPOFE: 2448
[POS] Cache cargado en 1919 ms
[POS] Refrescando cache DBF...
[POS] Cargando DBF...
[POS] MAPRE: 40640
[POS] DPOFE: 2448
[POS] Cache cargado en 1940 ms
[POS] Refrescando cache DBF...
[POS] Cargando DBF...
[POS] MAPRE: 40640
[POS] DPOFE: 2448
[POS] Cache cargado en 1909 ms
[POS] Refrescando cache DBF...
[POS] Cargando DBF...
[POS] MAPRE: 40640
[POS] DPOFE: 2448
[POS] Cache cargado en 1893 ms
[POS] Refrescando cache DBF...
[POS] Cargando DBF...
[POS] MAPRE: 40640
[POS] DPOFE: 2448
[POS] Cache cargado en 1905 ms
[POS] Refrescando cache DBF...
[POS] Cargando DBF...
[POS] MAPRE: 40640
[POS] DPOFE: 2448
[POS] Cache cargado en 1925 ms
[POS] Refrescando cache DBF...
[POS] Cargando DBF...
[POS] MAPRE: 40640
[POS] DPOFE: 2448
[POS] Cache cargado en 1907 ms
[POS] Refrescando cache DBF...
[POS] Cargando DBF...
[POS] MAPRE: 40640
[POS] DPOFE: 2448
[POS] Cache cargado en 1917 ms
[POS] Refrescando cache DBF...
[POS] Cargando DBF...
[POS] MAPRE: 40640
[POS] DPOFE: 2448
[POS] Cache cargado en 1901 ms
[POS] Refrescando cache DBF...
[POS] Cargando DBF...
[POS] MAPRE: 40640
[POS] DPOFE: 2448
[POS] Cache cargado en 1912 ms
[POS] Refrescando cache DBF...
[POS] Cargando DBF...
[POS] MAPRE: 40640
[POS] DPOFE: 2448
[POS] Cache cargado en 1911 ms
[POS] Refrescando cache DBF...
[POS] Cargando DBF...
[POS] MAPRE: 40640
[POS] DPOFE: 2448
[POS] Cache cargado en 1901 ms
[POS] Refrescando cache DBF...
[POS] Cargando DBF...
[POS] MAPRE: 40640
[POS] DPOFE: 2448
[POS] Cache cargado en 1898 ms
[POS] Refrescando cache DBF...
[POS] Cargando DBF...
[POS] MAPRE: 40640
[POS] DPOFE: 2448
[POS] Cache cargado en 1929 ms
[POS] Refrescando cache DBF...
[POS] Cargando DBF...
[POS] MAPRE: 40640
[POS] DPOFE: 2448
[POS] Cache cargado en 1920 ms
[POS] Refrescando cache DBF...
[POS] Cargando DBF...
[POS] MAPRE: 40640
[POS] DPOFE: 2448
[POS] Cache cargado en 1936 ms
[POS] Refrescando cache DBF...
[POS] Cargando DBF...
[POS] MAPRE: 40640
[POS] DPOFE: 2448
[POS] Cache cargado en 1916 ms
[POS] Refrescando cache DBF...
[POS] Cargando DBF...
[POS] MAPRE: 40640
[POS] DPOFE: 2448
[POS] Cache cargado en 1918 ms
[POS] Refrescando cache DBF...
[POS] Cargando DBF...
[POS] MAPRE: 40640
[POS] DPOFE: 2448
[POS] Cache cargado en 1909 ms
[POS] Refrescando cache DBF...
[POS] Cargando DBF...
[POS] MAPRE: 40640
[POS] DPOFE: 2448
[POS] Cache cargado en 1924 ms
[POS] Refrescando cache DBF...
[POS] Cargando DBF...
[POS] MAPRE: 40640
[POS] DPOFE: 2448
[POS] Cache cargado en 1910 ms
[POS] Refrescando cache DBF...
[POS] Cargando DBF...
[POS] MAPRE: 40640
[POS] DPOFE: 2448
[POS] Cache cargado en 1917 ms
[POS] Refrescando cache DBF...
[POS] Cargando DBF...
[POS] MAPRE: 40640
[POS] DPOFE: 2448
[POS] Cache cargado en 1907 ms
[POS] Refrescando cache DBF...
[POS] Cargando DBF...
[POS] MAPRE: 40640
[POS] DPOFE: 2448
[POS] Cache cargado en 1923 ms
[POS] Refrescando cache DBF...
[POS] Cargando DBF...
[POS] MAPRE: 40640
[POS] DPOFE: 2448
[POS] Cache cargado en 1898 ms
[POS] Refrescando cache DBF...
[POS] Cargando DBF...
[POS] MAPRE: 40640
[POS] DPOFE: 2448
[POS] Cache cargado en 1921 ms
[POS] Refrescando cache DBF...
[POS] Cargando DBF...
[POS] MAPRE: 40640
[POS] DPOFE: 2448
[POS] Cache cargado en 1931 ms
[POS] Refrescando cache DBF...
[POS] Cargando DBF...
[POS] MAPRE: 40640
[POS] DPOFE: 2448
[POS] Cache cargado en 1916 ms
[POS] Refrescando cache DBF...
[POS] Cargando DBF...
[POS] MAPRE: 40640
[POS] DPOFE: 2448
[POS] Cache cargado en 1915 ms
[POS] Refrescando cache DBF...
[POS] Cargando DBF...
[POS] MAPRE: 40640
[POS] DPOFE: 2448
[POS] Cache cargado en 1913 ms
[POS] Refrescando cache DBF...
[POS] Cargando DBF...
[POS] MAPRE: 40640
[POS] DPOFE: 2448
[POS] Cache cargado en 1913 ms
[POS] Refrescando cache DBF...
[POS] Cargando DBF...
[POS] MAPRE: 40640
[POS] DPOFE: 2448
[POS] Cache cargado en 1927 ms
[POS] Refrescando cache DBF...
[POS] Cargando DBF...
[POS] MAPRE: 40640
[POS] DPOFE: 2448
[POS] Cache cargado en 1912 ms
[POS] Refrescando cache DBF...
[POS] Cargando DBF...
[POS] MAPRE: 40640
[POS] DPOFE: 2448
[POS] Cache cargado en 1926 ms
[POS] Refrescando cache DBF...
[POS] Cargando DBF...
[POS] MAPRE: 40640
[POS] DPOFE: 2448
[POS] Cache cargado en 1920 ms
[POS] Refrescando cache DBF...
[POS] Cargando DBF...
[POS] MAPRE: 40640
[POS] DPOFE: 2448
[POS] Cache cargado en 1915 ms
[POS] Refrescando cache DBF...
[POS] Cargando DBF...
[POS] MAPRE: 40640
[POS] DPOFE: 2448
[POS] Cache cargado en 1908 ms
[POS] Refrescando cache DBF...
[POS] Cargando DBF...
[POS] MAPRE: 40640
[POS] DPOFE: 2448
[POS] Cache cargado en 1919 ms
[POS] Refrescando cache DBF...
[POS] Cargando DBF...
[POS] MAPRE: 40640
[POS] DPOFE: 2448
[POS] Cache cargado en 1911 ms
[POS] Refrescando cache DBF...
[POS] Cargando DBF...
[POS] MAPRE: 40640
[POS] DPOFE: 2448
[POS] Cache cargado en 1913 ms
[POS] Refrescando cache DBF...
[POS] Cargando DBF...
[POS] MAPRE: 40640
[POS] DPOFE: 2448
[POS] Cache cargado en 1891 ms
[POS] Refrescando cache DBF...
[POS] Cargando DBF...
[POS] MAPRE: 40640
[POS] DPOFE: 2448
[POS] Cache cargado en 1918 ms
[POS] Refrescando cache DBF...
[POS] Cargando DBF...
[POS] MAPRE: 40640
[POS] DPOFE: 2448
[POS] Cache cargado en 1902 ms
[POS] Refrescando cache DBF...
[POS] Cargando DBF...
[POS] MAPRE: 40640
[POS] DPOFE: 2448
[POS] Cache cargado en 1979 ms
[POS] Refrescando cache DBF...
[POS] Cargando DBF...
[POS] MAPRE: 40640
[POS] DPOFE: 2448
[POS] Cache cargado en 1909 ms
[dotenv@17.3.1] injecting env (11) from .env -- tip: ⚙️  suppress all logs with { quiet: true }
Backend POS escuchando en puerto 3000
responseXml <?xml version="1.0" encoding="utf-8"?><soap:Envelope xmlns:soap="http://schemas.xmlsoap.org/soap/envelope/" xmlns:xsi="http://www.w3.org/2001/XMLSchema-instance" xmlns:xsd="http://www.w3.org/2001/XMLSchema"><soap:Body><Login_UsuarioResponse xmlns="http://www.fasa.cl/"><Login_UsuarioResult>&lt;?xml version="1.0" encoding="utf-8" ?&gt;&lt;Respuesta&gt;&lt;Codigo&gt;0&lt;/Codigo&gt;&lt;Mensaje&gt;Transaccion exitosa.&lt;/Mensaje&gt;&lt;Emisor&gt;wsAccesos&lt;/Emisor&gt;&lt;FechaHora&gt;2026-04-16 17:07:57&lt;/FechaHora&gt;&lt;IdUsuario&gt;8192&lt;/IdUsuario&gt;&lt;/Respuesta&gt;</Login_UsuarioResult></Login_UsuarioResponse></soap:Body></soap:Envelope>
[ACCESOS] Login_Usuario OK
[ACCESOS] pIdLogin generado: 8192
[ACCESOS] Menu_XML OK – acceso concedido
[POS] Cargando DBF...
[POS] MAPRE: 40640
[POS] DPOFE: 2448
[POS] Cache cargado en 1961 ms
🔥 PRINT CALLED { time: '2026-04-16T21:08:15.737Z', isArray: true, items: 5 }
productos: [
  {
    producto: 'SET TRABAS BACK TO SCHOOL 2 UN',
    sku: '94397',
    ean13: '799192420511',
    unidadMedida: 'UNIDAD',
    precioNormal: 2299,
    precioUnitario: 1149.5,
    precioOferta: 1599,
    validoHasta: 'Mon Mar 30 2026 21:00:00 GMT-0300 (hora estándar de Argentina)',
    cantidad: 1
  },
  {
    producto: 'SET COLLETS BACK TO SCHOOL 18 UN',
    sku: '94460',
    ean13: '799192420498',
    unidadMedida: 'UNIDAD',
    precioNormal: 3099,
    precioUnitario: 172.17,
    precioOferta: 2169,
    validoHasta: 'Mon Mar 30 2026 21:00:00 GMT-0300 (hora estándar de Argentina)',
    cantidad: 1
  },
  {
    producto: 'SET TRABAS BACK TO SCHOOL 10 UN',
    sku: '94461',
    ean13: '799192420528',
    unidadMedida: 'UNIDAD',
    precioNormal: 2799,
    precioUnitario: 279.9,
    precioOferta: 1959,
    validoHasta: 'Mon Mar 30 2026 21:00:00 GMT-0300 (hora estándar de Argentina)',
    cantidad: 1
  },
  {
    producto: 'SET 4 COLLET MALLA BACK TO SCHOOL',
    sku: '94462',
    ean13: '799192420559',
    unidadMedida: 'UNIDAD',
    precioNormal: 2899,
    precioUnitario: 724.75,
    precioOferta: 2029,
    validoHasta: 'Mon Mar 30 2026 21:00:00 GMT-0300 (hora estándar de Argentina)',
    cantidad: 1
  },
  {
    producto: 'CINTILLO DIENTES BACK TO SCHOOL 2UN',
    sku: '94463',
    ean13: '799192420566',
    unidadMedida: 'UNIDAD',
    precioNormal: 2499,
    precioUnitario: 1249.5,
    precioOferta: 1749,
    validoHasta: 'Mon Mar 30 2026 21:00:00 GMT-0300 (hora estándar de Argentina)',
    cantidad: 1
  }
]
[POS] Refrescando cache DBF...
[POS] Cargando DBF...
[POS] MAPRE: 40640
[POS] DPOFE: 2448
[POS] Cache cargado en 1921 ms
[POS] Refrescando cache DBF...
[POS] Cargando DBF...
[POS] MAPRE: 40640
[POS] DPOFE: 2448
[POS] Cache cargado en 1913 ms
[POS] Refrescando cache DBF...
[POS] Cargando DBF...
[POS] MAPRE: 40640
[POS] DPOFE: 2448
[POS] Cache cargado en 1914 ms
[POS] Refrescando cache DBF...
[POS] Cargando DBF...
[POS] MAPRE: 40640
[POS] DPOFE: 2448
[POS] Cache cargado en 1904 ms
[POS] Refrescando cache DBF...
[POS] Cargando DBF...
[POS] MAPRE: 40640
[POS] DPOFE: 2448
[POS] Cache cargado en 1909 ms
[POS] Refrescando cache DBF...
[POS] Cargando DBF...
[POS] MAPRE: 40640
[POS] DPOFE: 2448
[POS] Cache cargado en 1899 ms
[POS] Refrescando cache DBF...
[POS] Cargando DBF...
[POS] MAPRE: 40640
[POS] DPOFE: 2448
[POS] Cache cargado en 1913 ms
[POS] Refrescando cache DBF...
[POS] Cargando DBF...
[POS] MAPRE: 40640
[POS] DPOFE: 2448
[POS] Cache cargado en 1911 ms
[POS] Refrescando cache DBF...
[POS] Cargando DBF...
[POS] MAPRE: 40640
[POS] DPOFE: 2448
[POS] Cache cargado en 1914 ms
[POS] Refrescando cache DBF...
[POS] Cargando DBF...
[POS] MAPRE: 40640
[POS] DPOFE: 2448
[POS] Cache cargado en 1904 ms
[POS] Refrescando cache DBF...
[POS] Cargando DBF...
[POS] MAPRE: 40640
[POS] DPOFE: 2448
[POS] Cache cargado en 1915 ms
[POS] Refrescando cache DBF...
[POS] Cargando DBF...
[POS] MAPRE: 40640
[POS] DPOFE: 2448
[POS] Cache cargado en 1891 ms
[POS] Refrescando cache DBF...
[POS] Cargando DBF...
[POS] MAPRE: 40640
[POS] DPOFE: 2448
[POS] Cache cargado en 1926 ms
[POS] Refrescando cache DBF...
[POS] Cargando DBF...
[POS] MAPRE: 40640
[POS] DPOFE: 2448
[POS] Cache cargado en 1893 ms
[POS] Refrescando cache DBF...
[POS] Cargando DBF...
[POS] MAPRE: 40640
[POS] DPOFE: 2448
[POS] Cache cargado en 1908 ms
[POS] Refrescando cache DBF...
[POS] Cargando DBF...
[POS] MAPRE: 40640
[POS] DPOFE: 2448
[POS] Cache cargado en 1903 ms
[POS] Refrescando cache DBF...
[POS] Cargando DBF...
[POS] MAPRE: 40640
[POS] DPOFE: 2448
[POS] Cache cargado en 1905 ms
[POS] Refrescando cache DBF...
[POS] Cargando DBF...
[POS] MAPRE: 40640
[POS] DPOFE: 2448
[POS] Cache cargado en 1895 ms
[POS] Refrescando cache DBF...
[POS] Cargando DBF...
[POS] MAPRE: 40640
[POS] DPOFE: 2448
[POS] Cache cargado en 1900 ms
[POS] Refrescando cache DBF...
[POS] Cargando DBF...
[POS] MAPRE: 40640
[POS] DPOFE: 2448
[POS] Cache cargado en 1889 ms
[POS] Refrescando cache DBF...
[POS] Cargando DBF...
[POS] MAPRE: 40640
[POS] DPOFE: 2448
[POS] Cache cargado en 1907 ms
[POS] Refrescando cache DBF...
[POS] Cargando DBF...
[POS] MAPRE: 40640
[POS] DPOFE: 2448
[POS] Cache cargado en 1884 ms
[POS] Refrescando cache DBF...
[POS] Cargando DBF...
[POS] MAPRE: 40640
[POS] DPOFE: 2448
[POS] Cache cargado en 1904 ms
[POS] Refrescando cache DBF...
[POS] Cargando DBF...
[POS] MAPRE: 40640
[POS] DPOFE: 2448
[POS] Cache cargado en 1907 ms
[POS] Refrescando cache DBF...
[POS] Cargando DBF...
[POS] MAPRE: 40640
[POS] DPOFE: 2448
[POS] Cache cargado en 1910 ms
[POS] Refrescando cache DBF...
[POS] Cargando DBF...
[POS] MAPRE: 40640
[POS] DPOFE: 2448
[POS] Cache cargado en 1884 ms
[POS] Refrescando cache DBF...
[POS] Cargando DBF...
[POS] MAPRE: 40640
[POS] DPOFE: 2448
[POS] Cache cargado en 1900 ms
[POS] Refrescando cache DBF...
[POS] Cargando DBF...
[POS] MAPRE: 40640
[POS] DPOFE: 2448
[POS] Cache cargado en 1882 ms
[POS] Refrescando cache DBF...
[POS] Cargando DBF...
[POS] MAPRE: 40640
[POS] DPOFE: 2448
[POS] Cache cargado en 1912 ms
[POS] Refrescando cache DBF...
[POS] Cargando DBF...
[POS] MAPRE: 40640
[POS] DPOFE: 2448
[POS] Cache cargado en 1896 ms
[POS] Refrescando cache DBF...
[POS] Cargando DBF...
[POS] MAPRE: 40640
[POS] DPOFE: 2448
[POS] Cache cargado en 1898 ms
[POS] Refrescando cache DBF...
[POS] Cargando DBF...
[POS] MAPRE: 40640
[POS] DPOFE: 2448
[POS] Cache cargado en 1892 ms
[POS] Refrescando cache DBF...
[POS] Cargando DBF...
[POS] MAPRE: 40640
[POS] DPOFE: 2448
[POS] Cache cargado en 1896 ms
[POS] Refrescando cache DBF...
[POS] Cargando DBF...
[POS] MAPRE: 40640
[POS] DPOFE: 2448
[POS] Cache cargado en 1870 ms
[POS] Refrescando cache DBF...
[POS] Cargando DBF...
[POS] MAPRE: 40640
[POS] DPOFE: 2448
[POS] Cache cargado en 1897 ms
[POS] Refrescando cache DBF...
[POS] Cargando DBF...
[POS] MAPRE: 40640
[POS] DPOFE: 2448
[POS] Cache cargado en 1902 ms
[POS] Refrescando cache DBF...
[POS] Cargando DBF...
[POS] MAPRE: 40640
[POS] DPOFE: 2448
[POS] Cache cargado en 1897 ms
[POS] Refrescando cache DBF...
[POS] Cargando DBF...
[POS] MAPRE: 40640
[POS] DPOFE: 2448
[POS] Cache cargado en 1894 ms
[POS] Refrescando cache DBF...
[POS] Cargando DBF...
[POS] MAPRE: 40640
[POS] DPOFE: 2448
[POS] Cache cargado en 1915 ms
[POS] Refrescando cache DBF...
[POS] Cargando DBF...
[POS] MAPRE: 40640
[POS] DPOFE: 2448
[POS] Cache cargado en 1916 ms
[POS] Refrescando cache DBF...
[POS] Cargando DBF...
[POS] MAPRE: 40640
[POS] DPOFE: 2448
[POS] Cache cargado en 1908 ms
[POS] Refrescando cache DBF...
[POS] Cargando DBF...
[POS] MAPRE: 40640
[POS] DPOFE: 2448
[POS] Cache cargado en 1897 ms
[POS] Refrescando cache DBF...
[POS] Cargando DBF...
[POS] MAPRE: 40640
[POS] DPOFE: 2448
[POS] Cache cargado en 1925 ms
[POS] Refrescando cache DBF...
[POS] Cargando DBF...
[POS] MAPRE: 40640
[POS] DPOFE: 2448
[POS] Cache cargado en 1906 ms
[POS] Refrescando cache DBF...
[POS] Cargando DBF...
[POS] MAPRE: 40640
[POS] DPOFE: 2448
[POS] Cache cargado en 1908 ms
[POS] Refrescando cache DBF...
[POS] Cargando DBF...
[POS] MAPRE: 40640
[POS] DPOFE: 2448
[POS] Cache cargado en 1917 ms
[POS] Refrescando cache DBF...
[POS] Cargando DBF...
[POS] MAPRE: 40640
[POS] DPOFE: 2448
[POS] Cache cargado en 1913 ms
[POS] Refrescando cache DBF...
[POS] Cargando DBF...
[POS] MAPRE: 40640
[POS] DPOFE: 2448
[POS] Cache cargado en 1899 ms
[POS] Refrescando cache DBF...
[POS] Cargando DBF...
[POS] MAPRE: 40640
[POS] DPOFE: 2448
[POS] Cache cargado en 1917 ms
[POS] Refrescando cache DBF...
[POS] Cargando DBF...
[POS] MAPRE: 40640
[POS] DPOFE: 2448
[POS] Cache cargado en 1900 ms
[POS] Refrescando cache DBF...
[POS] Cargando DBF...
[POS] MAPRE: 40640
[POS] DPOFE: 2448
[POS] Cache cargado en 1893 ms
[POS] Refrescando cache DBF...
[POS] Cargando DBF...
[POS] MAPRE: 40640
[POS] DPOFE: 2448
[POS] Cache cargado en 1893 ms
[POS] Refrescando cache DBF...
[POS] Cargando DBF...
[POS] MAPRE: 40640
[POS] DPOFE: 2448
[POS] Cache cargado en 1921 ms
[POS] Refrescando cache DBF...
[POS] Cargando DBF...
[POS] MAPRE: 40640
[POS] DPOFE: 2448
[POS] Cache cargado en 1896 ms
[POS] Refrescando cache DBF...
[POS] Cargando DBF...
[POS] MAPRE: 40640
[POS] DPOFE: 2448
[POS] Cache cargado en 1907 ms
[POS] Refrescando cache DBF...
[POS] Cargando DBF...
[POS] MAPRE: 40640
[POS] DPOFE: 2448
[POS] Cache cargado en 1899 ms
[POS] Refrescando cache DBF...
[POS] Cargando DBF...
[POS] MAPRE: 40640
[POS] DPOFE: 2448
[POS] Cache cargado en 1904 ms
[POS] Refrescando cache DBF...
[POS] Cargando DBF...
[POS] MAPRE: 40640
[POS] DPOFE: 2448
[POS] Cache cargado en 1892 ms
[POS] Refrescando cache DBF...
[POS] Cargando DBF...
[POS] MAPRE: 40640
[POS] DPOFE: 2448
[POS] Cache cargado en 1913 ms
[POS] Refrescando cache DBF...
[POS] Cargando DBF...
[POS] MAPRE: 40640
[POS] DPOFE: 2448
[POS] Cache cargado en 1897 ms
[POS] Refrescando cache DBF...
[POS] Cargando DBF...
[POS] MAPRE: 40640
[POS] DPOFE: 2448
[POS] Cache cargado en 1911 ms
[POS] Refrescando cache DBF...
[POS] Cargando DBF...
[POS] MAPRE: 40640
[POS] DPOFE: 2448
[POS] Cache cargado en 1905 ms
[POS] Refrescando cache DBF...
[POS] Cargando DBF...
[POS] MAPRE: 40640
[POS] DPOFE: 2448
[POS] Cache cargado en 1898 ms
[POS] Refrescando cache DBF...
[POS] Cargando DBF...
[POS] MAPRE: 40640
[POS] DPOFE: 2448
[POS] Cache cargado en 1907 ms
[POS] Refrescando cache DBF...
[POS] Cargando DBF...
[POS] MAPRE: 40640
[POS] DPOFE: 2448
[POS] Cache cargado en 1923 ms
[POS] Refrescando cache DBF...
[POS] Cargando DBF...
[POS] MAPRE: 40640
[POS] DPOFE: 2448
[POS] Cache cargado en 1894 ms
[POS] Refrescando cache DBF...
[POS] Cargando DBF...
[POS] MAPRE: 40640
[POS] DPOFE: 2448
[POS] Cache cargado en 1914 ms
[POS] Refrescando cache DBF...
[POS] Cargando DBF...
[POS] MAPRE: 40640
[POS] DPOFE: 2448
[POS] Cache cargado en 1907 ms
[POS] Refrescando cache DBF...
[POS] Cargando DBF...
[POS] MAPRE: 40640
[POS] DPOFE: 2448
[POS] Cache cargado en 1911 ms
[POS] Refrescando cache DBF...
[POS] Cargando DBF...
[POS] MAPRE: 40640
[POS] DPOFE: 2448
[POS] Cache cargado en 1901 ms
[POS] Refrescando cache DBF...
[POS] Cargando DBF...
[POS] MAPRE: 40640
[POS] DPOFE: 2448
[POS] Cache cargado en 1902 ms
[POS] Refrescando cache DBF...
[POS] Cargando DBF...
[POS] MAPRE: 40640
[POS] DPOFE: 2448
[POS] Cache cargado en 1882 ms
[POS] Refrescando cache DBF...
[POS] Cargando DBF...
[POS] MAPRE: 40640
[POS] DPOFE: 2448
[POS] Cache cargado en 1907 ms
[POS] Refrescando cache DBF...
[POS] Cargando DBF...
[POS] MAPRE: 40640
[POS] DPOFE: 2448
[POS] Cache cargado en 1938 ms
[POS] Refrescando cache DBF...
[POS] Cargando DBF...
[POS] MAPRE: 40640
[POS] DPOFE: 2448
[POS] Cache cargado en 1916 ms
[POS] Refrescando cache DBF...
[POS] Cargando DBF...
[POS] MAPRE: 40640
[POS] DPOFE: 2448
[POS] Cache cargado en 1891 ms
[POS] Refrescando cache DBF...
[POS] Cargando DBF...
[POS] MAPRE: 40640
[POS] DPOFE: 2448
[POS] Cache cargado en 1902 ms
[POS] Refrescando cache DBF...
[POS] Cargando DBF...
[POS] MAPRE: 40640
[POS] DPOFE: 2448
[POS] Cache cargado en 1889 ms
[POS] Refrescando cache DBF...
[POS] Cargando DBF...
[POS] MAPRE: 40640
[POS] DPOFE: 2448
[POS] Cache cargado en 1912 ms
[POS] Refrescando cache DBF...
[POS] Cargando DBF...
[POS] MAPRE: 40640
[POS] DPOFE: 2448
[POS] Cache cargado en 1882 ms
[POS] Refrescando cache DBF...
[POS] Cargando DBF...
[POS] MAPRE: 40640
[POS] DPOFE: 2448
[POS] Cache cargado en 1899 ms
[POS] Refrescando cache DBF...
[POS] Cargando DBF...
[POS] MAPRE: 40640
[POS] DPOFE: 2448
[POS] Cache cargado en 1893 ms
[POS] Refrescando cache DBF...
[POS] Cargando DBF...
[POS] MAPRE: 40640
[POS] DPOFE: 2448
[POS] Cache cargado en 1911 ms
[POS] Refrescando cache DBF...
[POS] Cargando DBF...
[POS] MAPRE: 40640
[POS] DPOFE: 2448
[POS] Cache cargado en 1884 ms
[POS] Refrescando cache DBF...
[POS] Cargando DBF...
[POS] MAPRE: 40640
[POS] DPOFE: 2448
[POS] Cache cargado en 1908 ms
[POS] Refrescando cache DBF...
[POS] Cargando DBF...
[POS] MAPRE: 40640
[POS] DPOFE: 2448
[POS] Cache cargado en 1883 ms
[POS] Refrescando cache DBF...
[POS] Cargando DBF...
[POS] MAPRE: 40640
[POS] DPOFE: 2448
[POS] Cache cargado en 1899 ms
[POS] Refrescando cache DBF...
[POS] Cargando DBF...
[POS] MAPRE: 40640
[POS] DPOFE: 2448
[POS] Cache cargado en 1901 ms
[POS] Refrescando cache DBF...
[POS] Cargando DBF...
[POS] MAPRE: 40640
[POS] DPOFE: 2448
[POS] Cache cargado en 1909 ms
[POS] Refrescando cache DBF...
[POS] Cargando DBF...
[POS] MAPRE: 40640
[POS] DPOFE: 2448
[POS] Cache cargado en 1894 ms
[POS] Refrescando cache DBF...
[POS] Cargando DBF...
[POS] MAPRE: 40640
[POS] DPOFE: 2448
[POS] Cache cargado en 1910 ms
[POS] Refrescando cache DBF...
[POS] Cargando DBF...
[POS] MAPRE: 40640
[POS] DPOFE: 2448
[POS] Cache cargado en 1908 ms
[POS] Refrescando cache DBF...
[POS] Cargando DBF...
[POS] MAPRE: 40640
[POS] DPOFE: 2448
[POS] Cache cargado en 1909 ms
[POS] Refrescando cache DBF...
[POS] Cargando DBF...
[POS] MAPRE: 40640
[POS] DPOFE: 2448
[POS] Cache cargado en 1892 ms
[POS] Refrescando cache DBF...
[POS] Cargando DBF...
[POS] MAPRE: 40640
[POS] DPOFE: 2448
[POS] Cache cargado en 1907 ms
[POS] Refrescando cache DBF...
[POS] Cargando DBF...
[POS] MAPRE: 40640
[POS] DPOFE: 2448
[POS] Cache cargado en 1893 ms
[POS] Refrescando cache DBF...
[POS] Cargando DBF...
[POS] MAPRE: 40640
[POS] DPOFE: 2448
[POS] Cache cargado en 1904 ms
[POS] Refrescando cache DBF...
[POS] Cargando DBF...
[POS] MAPRE: 40640
[POS] DPOFE: 2448
[POS] Cache cargado en 1895 ms
[POS] Refrescando cache DBF...
[POS] Cargando DBF...
[POS] MAPRE: 40640
[POS] DPOFE: 2448
[POS] Cache cargado en 1913 ms
[POS] Refrescando cache DBF...
[POS] Cargando DBF...
[POS] MAPRE: 40640
[POS] DPOFE: 2448
[POS] Cache cargado en 1883 ms
[POS] Refrescando cache DBF...
[POS] Cargando DBF...
[POS] MAPRE: 40640
[POS] DPOFE: 2448
[POS] Cache cargado en 1903 ms
[POS] Refrescando cache DBF...
[POS] Cargando DBF...
[POS] MAPRE: 40640
[POS] DPOFE: 2448
[POS] Cache cargado en 1899 ms
[POS] Refrescando cache DBF...
[POS] Cargando DBF...
[POS] MAPRE: 40640
[POS] DPOFE: 2448
[POS] Cache cargado en 1912 ms
[POS] Refrescando cache DBF...
[POS] Cargando DBF...
[POS] MAPRE: 40640
[POS] DPOFE: 2448
[POS] Cache cargado en 1895 ms
[POS] Refrescando cache DBF...
[POS] Cargando DBF...
[POS] MAPRE: 40640
[POS] DPOFE: 2448
[POS] Cache cargado en 1913 ms
[POS] Refrescando cache DBF...
[POS] Cargando DBF...
[POS] MAPRE: 40640
[POS] DPOFE: 2448
[POS] Cache cargado en 1919 ms
[POS] Refrescando cache DBF...
[POS] Cargando DBF...
[POS] MAPRE: 40640
[POS] DPOFE: 2448
[POS] Cache cargado en 1903 ms
[POS] Refrescando cache DBF...
[POS] Cargando DBF...
[POS] MAPRE: 40640
[POS] DPOFE: 2448
[POS] Cache cargado en 1886 ms
[POS] Refrescando cache DBF...
[POS] Cargando DBF...
[POS] MAPRE: 40640
[POS] DPOFE: 2448
[POS] Cache cargado en 1905 ms
[POS] Refrescando cache DBF...
[POS] Cargando DBF...
[POS] MAPRE: 40640
[POS] DPOFE: 2448
[POS] Cache cargado en 1890 ms
[POS] Refrescando cache DBF...
[POS] Cargando DBF...
[POS] MAPRE: 40640
[POS] DPOFE: 2448
[POS] Cache cargado en 1919 ms
[POS] Refrescando cache DBF...
[POS] Cargando DBF...
[POS] MAPRE: 40640
[POS] DPOFE: 2448
[POS] Cache cargado en 1896 ms
[POS] Refrescando cache DBF...
[POS] Cargando DBF...
[POS] MAPRE: 40640
[POS] DPOFE: 2448
[POS] Cache cargado en 1905 ms
[POS] Refrescando cache DBF...
[POS] Cargando DBF...
[POS] MAPRE: 40640
[POS] DPOFE: 2448
[POS] Cache cargado en 1888 ms
[POS] Refrescando cache DBF...
[POS] Cargando DBF...
[POS] MAPRE: 40640
[POS] DPOFE: 2448
[POS] Cache cargado en 1919 ms
[POS] Refrescando cache DBF...
[POS] Cargando DBF...
[POS] MAPRE: 40640
[POS] DPOFE: 2448
[POS] Cache cargado en 1894 ms
[POS] Refrescando cache DBF...
[POS] Cargando DBF...
[POS] MAPRE: 40640
[POS] DPOFE: 2448
[POS] Cache cargado en 1908 ms
[POS] Refrescando cache DBF...
[POS] Cargando DBF...
[POS] MAPRE: 40640
[POS] DPOFE: 2448
[POS] Cache cargado en 1910 ms
[POS] Refrescando cache DBF...
[POS] Cargando DBF...
[POS] MAPRE: 40640
[POS] DPOFE: 2448
[POS] Cache cargado en 1908 ms
[POS] Refrescando cache DBF...
[POS] Cargando DBF...
[POS] MAPRE: 40640
[POS] DPOFE: 2448
[POS] Cache cargado en 1922 ms
[POS] Refrescando cache DBF...
[POS] Cargando DBF...
[POS] MAPRE: 40640
[POS] DPOFE: 2448
[POS] Cache cargado en 1910 ms
[POS] Refrescando cache DBF...
[POS] Cargando DBF...
[POS] MAPRE: 40640
[POS] DPOFE: 2448
[POS] Cache cargado en 1903 ms
[POS] Refrescando cache DBF...
[POS] Cargando DBF...
[POS] MAPRE: 40640
[POS] DPOFE: 2448
[POS] Cache cargado en 1906 ms
[POS] Refrescando cache DBF...
[POS] Cargando DBF...
[POS] MAPRE: 40640
[POS] DPOFE: 2448
[POS] Cache cargado en 1885 ms
[POS] Refrescando cache DBF...
[POS] Cargando DBF...
[POS] MAPRE: 40640
[POS] DPOFE: 2448
[POS] Cache cargado en 1916 ms
[POS] Refrescando cache DBF...
[POS] Cargando DBF...
[POS] MAPRE: 40640
[POS] DPOFE: 2448
[POS] Cache cargado en 1894 ms
[POS] Refrescando cache DBF...
[POS] Cargando DBF...
[POS] MAPRE: 40640
[POS] DPOFE: 2448
[POS] Cache cargado en 1917 ms
[POS] Refrescando cache DBF...
[POS] Cargando DBF...
[POS] MAPRE: 40640
[POS] DPOFE: 2448
[POS] Cache cargado en 1903 ms
[POS] Refrescando cache DBF...
[POS] Cargando DBF...
[POS] MAPRE: 40640
[POS] DPOFE: 2448
[POS] Cache cargado en 1902 ms
[POS] Refrescando cache DBF...
[POS] Cargando DBF...
[POS] MAPRE: 40640
[POS] DPOFE: 2448
[POS] Cache cargado en 1899 ms
[POS] Refrescando cache DBF...
[POS] Cargando DBF...
[POS] MAPRE: 40640
[POS] DPOFE: 2448
[POS] Cache cargado en 1906 ms
[POS] Refrescando cache DBF...
[POS] Cargando DBF...
[POS] MAPRE: 40640
[POS] DPOFE: 2448
[POS] Cache cargado en 1897 ms
[POS] Refrescando cache DBF...
[POS] Cargando DBF...
[POS] MAPRE: 40640
[POS] DPOFE: 2448
[POS] Cache cargado en 1893 ms
[POS] Refrescando cache DBF...
[POS] Cargando DBF...
[POS] MAPRE: 40640
[POS] DPOFE: 2448
[POS] Cache cargado en 1891 ms
[POS] Refrescando cache DBF...
[POS] Cargando DBF...
[POS] MAPRE: 40640
[POS] DPOFE: 2448
[POS] Cache cargado en 1897 ms
[POS] Refrescando cache DBF...
[POS] Cargando DBF...
[POS] MAPRE: 40640
[POS] DPOFE: 2448
[POS] Cache cargado en 1900 ms
[POS] Refrescando cache DBF...
[POS] Cargando DBF...
[POS] MAPRE: 40640
[POS] DPOFE: 2448
[POS] Cache cargado en 1905 ms
[POS] Refrescando cache DBF...
[POS] Cargando DBF...
[POS] MAPRE: 40640
[POS] DPOFE: 2448
[POS] Cache cargado en 1884 ms
[POS] Refrescando cache DBF...
[POS] Cargando DBF...
[POS] MAPRE: 40640
[POS] DPOFE: 2448
[POS] Cache cargado en 1918 ms
[POS] Refrescando cache DBF...
[POS] Cargando DBF...
[POS] MAPRE: 40640
[POS] DPOFE: 2448
[POS] Cache cargado en 1895 ms
[POS] Refrescando cache DBF...
[POS] Cargando DBF...
[POS] MAPRE: 40640
[POS] DPOFE: 2448
[POS] Cache cargado en 1924 ms
[POS] Refrescando cache DBF...
[POS] Cargando DBF...
[POS] MAPRE: 40640
[POS] DPOFE: 2448
[POS] Cache cargado en 1891 ms
[POS] Refrescando cache DBF...
[POS] Cargando DBF...
[POS] MAPRE: 40640
[POS] DPOFE: 2448
[POS] Cache cargado en 1919 ms
[POS] Refrescando cache DBF...
[POS] Cargando DBF...
[POS] MAPRE: 40640
[POS] DPOFE: 2448
[POS] Cache cargado en 1898 ms
[POS] Refrescando cache DBF...
[POS] Cargando DBF...
[POS] MAPRE: 40640
[POS] DPOFE: 2448
[POS] Cache cargado en 1905 ms
[POS] Refrescando cache DBF...
[POS] Cargando DBF...
[POS] MAPRE: 40640
[POS] DPOFE: 2448
[POS] Cache cargado en 1899 ms
[POS] Refrescando cache DBF...
[POS] Cargando DBF...
[POS] MAPRE: 40640
[POS] DPOFE: 2448
[POS] Cache cargado en 1904 ms
[POS] Refrescando cache DBF...
[POS] Cargando DBF...
[POS] MAPRE: 40640
[POS] DPOFE: 2448
[POS] Cache cargado en 1886 ms
[POS] Refrescando cache DBF...
[POS] Cargando DBF...
[POS] MAPRE: 40640
[POS] DPOFE: 2448
[POS] Cache cargado en 1911 ms
[POS] Refrescando cache DBF...
[POS] Cargando DBF...
[POS] MAPRE: 40640
[POS] DPOFE: 2448
[POS] Cache cargado en 1886 ms
[POS] Refrescando cache DBF...
[POS] Cargando DBF...
[POS] MAPRE: 40640
[POS] DPOFE: 2448
[POS] Cache cargado en 1929 ms
[POS] Refrescando cache DBF...
[POS] Cargando DBF...
[POS] MAPRE: 40640
[POS] DPOFE: 2448
[POS] Cache cargado en 1894 ms
[POS] Refrescando cache DBF...
[POS] Cargando DBF...
[POS] MAPRE: 40640
[POS] DPOFE: 2448
[POS] Cache cargado en 1906 ms
[POS] Refrescando cache DBF...
[POS] Cargando DBF...
[POS] MAPRE: 40640
[POS] DPOFE: 2448
[POS] Cache cargado en 1898 ms
[POS] Refrescando cache DBF...
[POS] Cargando DBF...
[POS] MAPRE: 40640
[POS] DPOFE: 2448
[POS] Cache cargado en 1900 ms
[POS] Refrescando cache DBF...
[POS] Cargando DBF...
[POS] MAPRE: 40640
[POS] DPOFE: 2448
[POS] Cache cargado en 1896 ms
[POS] Refrescando cache DBF...
[POS] Cargando DBF...
[POS] MAPRE: 40640
[POS] DPOFE: 2448
[POS] Cache cargado en 1914 ms
[POS] Refrescando cache DBF...
[POS] Cargando DBF...
[POS] MAPRE: 40640
[POS] DPOFE: 2448
[POS] Cache cargado en 1900 ms
[POS] Refrescando cache DBF...
[POS] Cargando DBF...
[POS] MAPRE: 40640
[POS] DPOFE: 2448
[POS] Cache cargado en 1914 ms
[POS] Refrescando cache DBF...
[POS] Cargando DBF...
[POS] MAPRE: 40640
[POS] DPOFE: 2448
[POS] Cache cargado en 1895 ms
[POS] Refrescando cache DBF...
[POS] Cargando DBF...
[POS] MAPRE: 40640
[POS] DPOFE: 2448
[POS] Cache cargado en 1896 ms
[POS] Refrescando cache DBF...
[POS] Cargando DBF...
[POS] MAPRE: 40640
[POS] DPOFE: 2448
[POS] Cache cargado en 1902 ms
[POS] Refrescando cache DBF...
[POS] Cargando DBF...
[POS] MAPRE: 40640
[POS] DPOFE: 2448
[POS] Cache cargado en 1914 ms
[POS] Refrescando cache DBF...
[POS] Cargando DBF...
[POS] MAPRE: 40640
[POS] DPOFE: 2448
[POS] Cache cargado en 1888 ms
[POS] Refrescando cache DBF...
[POS] Cargando DBF...
[POS] MAPRE: 40640
[POS] DPOFE: 2448
[POS] Cache cargado en 1895 ms
[POS] Refrescando cache DBF...
[POS] Cargando DBF...
[POS] MAPRE: 40640
[POS] DPOFE: 2448
[POS] Cache cargado en 1894 ms
[POS] Refrescando cache DBF...
[POS] Cargando DBF...
[POS] MAPRE: 40640
[POS] DPOFE: 2448
[POS] Cache cargado en 1929 ms
[POS] Refrescando cache DBF...
[POS] Cargando DBF...
[POS] MAPRE: 40640
[POS] DPOFE: 2448
[POS] Cache cargado en 1890 ms
[POS] Refrescando cache DBF...
[POS] Cargando DBF...
[POS] MAPRE: 40640
[POS] DPOFE: 2448
[POS] Cache cargado en 1923 ms
[POS] Refrescando cache DBF...
[POS] Cargando DBF...
[POS] MAPRE: 40640
[POS] DPOFE: 2448
[POS] Cache cargado en 1879 ms
[POS] Refrescando cache DBF...
[POS] Cargando DBF...
[POS] MAPRE: 40640
[POS] DPOFE: 2448
[POS] Cache cargado en 1906 ms
[POS] Refrescando cache DBF...
[POS] Cargando DBF...
[POS] MAPRE: 40640
[POS] DPOFE: 2448
[POS] Cache cargado en 1896 ms
[POS] Refrescando cache DBF...
[POS] Cargando DBF...
[POS] MAPRE: 40640
[POS] DPOFE: 2448
[POS] Cache cargado en 1896 ms
[POS] Refrescando cache DBF...
[POS] Cargando DBF...
[POS] MAPRE: 40640
[POS] DPOFE: 2448
[POS] Cache cargado en 1899 ms
[POS] Refrescando cache DBF...
[POS] Cargando DBF...
[POS] MAPRE: 40640
[POS] DPOFE: 2448
[POS] Cache cargado en 1918 ms
[POS] Refrescando cache DBF...
[POS] Cargando DBF...
[POS] MAPRE: 40640
[POS] DPOFE: 2448
[POS] Cache cargado en 1892 ms
[POS] Refrescando cache DBF...
[POS] Cargando DBF...
[POS] MAPRE: 40640
[POS] DPOFE: 2448
[POS] Cache cargado en 1905 ms
[POS] Refrescando cache DBF...
[POS] Cargando DBF...
[POS] MAPRE: 40640
[POS] DPOFE: 2448
[POS] Cache cargado en 1894 ms
[POS] Refrescando cache DBF...
[POS] Cargando DBF...
[POS] MAPRE: 40640
[POS] DPOFE: 2448
[POS] Cache cargado en 1919 ms
[POS] Refrescando cache DBF...
[POS] Cargando DBF...
[POS] MAPRE: 40640
[POS] DPOFE: 2448
[POS] Cache cargado en 1892 ms
[POS] Refrescando cache DBF...
[POS] Cargando DBF...
[POS] MAPRE: 40640
[POS] DPOFE: 2448
[POS] Cache cargado en 1947 ms
[POS] Refrescando cache DBF...
[POS] Cargando DBF...
[POS] MAPRE: 40640
[POS] DPOFE: 2448
[POS] Cache cargado en 1889 ms
[POS] Refrescando cache DBF...
[POS] Cargando DBF...
[POS] MAPRE: 40640
[POS] DPOFE: 2448
[POS] Cache cargado en 1914 ms
[POS] Refrescando cache DBF...
[POS] Cargando DBF...
[POS] MAPRE: 40640
[POS] DPOFE: 2448
[POS] Cache cargado en 1904 ms
[POS] Refrescando cache DBF...
[POS] Cargando DBF...
[POS] MAPRE: 40640
[POS] DPOFE: 2448
[POS] Cache cargado en 1908 ms
[POS] Refrescando cache DBF...
[POS] Cargando DBF...
[POS] MAPRE: 40640
[POS] DPOFE: 2448
[POS] Cache cargado en 1957 ms
[POS] Refrescando cache DBF...
[POS] Cargando DBF...
[POS] MAPRE: 40640
[POS] DPOFE: 2448
[POS] Cache cargado en 1925 ms
[POS] Refrescando cache DBF...
[POS] Cargando DBF...
[POS] MAPRE: 40640
[POS] DPOFE: 2448
[POS] Cache cargado en 1905 ms
[POS] Refrescando cache DBF...
[POS] Cargando DBF...
[POS] MAPRE: 40640
[POS] DPOFE: 2448
[POS] Cache cargado en 1937 ms
[POS] Refrescando cache DBF...
[POS] Cargando DBF...
[POS] MAPRE: 40640
[POS] DPOFE: 2448
[POS] Cache cargado en 1927 ms
[POS] Refrescando cache DBF...
[POS] Cargando DBF...
[POS] MAPRE: 40640
[POS] DPOFE: 2448
[POS] Cache cargado en 1958 ms
[POS] Refrescando cache DBF...
[POS] Cargando DBF...
[POS] MAPRE: 40640
[POS] DPOFE: 2448
[POS] Cache cargado en 1910 ms
[POS] Refrescando cache DBF...
[POS] Cargando DBF...
[POS] MAPRE: 40640
[POS] DPOFE: 2448
[POS] Cache cargado en 1921 ms
[POS] Refrescando cache DBF...
[POS] Cargando DBF...
[POS] MAPRE: 40640
[POS] DPOFE: 2448
[POS] Cache cargado en 1889 ms
[POS] Refrescando cache DBF...
[POS] Cargando DBF...
[POS] MAPRE: 40640
[POS] DPOFE: 2448
[POS] Cache cargado en 1924 ms
[POS] Refrescando cache DBF...
[POS] Cargando DBF...
[POS] MAPRE: 40640
[POS] DPOFE: 2448
[POS] Cache cargado en 1919 ms
[POS] Refrescando cache DBF...
[POS] Cargando DBF...
[POS] MAPRE: 40640
[POS] DPOFE: 2448
[POS] Cache cargado en 1925 ms
[POS] Refrescando cache DBF...
[POS] Cargando DBF...
[POS] MAPRE: 40640
[POS] DPOFE: 2448
[POS] Cache cargado en 1914 ms
[POS] Refrescando cache DBF...
[POS] Cargando DBF...
[POS] MAPRE: 40640
[POS] DPOFE: 2448
[POS] Cache cargado en 1921 ms
[POS] Refrescando cache DBF...
[POS] Cargando DBF...
[POS] MAPRE: 40640
[POS] DPOFE: 2448
[POS] Cache cargado en 1906 ms
[POS] Refrescando cache DBF...
[POS] Cargando DBF...
[POS] MAPRE: 40640
[POS] DPOFE: 2448
[POS] Cache cargado en 1933 ms
[POS] Refrescando cache DBF...
[POS] Cargando DBF...
[POS] MAPRE: 40640
[POS] DPOFE: 2448
[POS] Cache cargado en 1900 ms
[POS] Refrescando cache DBF...
[POS] Cargando DBF...
[POS] MAPRE: 40640
[POS] DPOFE: 2448
[POS] Cache cargado en 1923 ms
[POS] Refrescando cache DBF...
[POS] Cargando DBF...
[POS] MAPRE: 40640
[POS] DPOFE: 2448
[POS] Cache cargado en 1913 ms
[POS] Refrescando cache DBF...
[POS] Cargando DBF...
[POS] MAPRE: 40640
[POS] DPOFE: 2448
[POS] Cache cargado en 1931 ms
[POS] Refrescando cache DBF...
[POS] Cargando DBF...
[POS] MAPRE: 40640
[POS] DPOFE: 2448
[POS] Cache cargado en 1921 ms
[POS] Refrescando cache DBF...
[POS] Cargando DBF...
[POS] MAPRE: 40640
[POS] DPOFE: 2448
[POS] Cache cargado en 1921 ms
[POS] Refrescando cache DBF...
[POS] Cargando DBF...
[POS] MAPRE: 40640
[POS] DPOFE: 2448
[POS] Cache cargado en 1907 ms
[POS] Refrescando cache DBF...
[POS] Cargando DBF...
[POS] MAPRE: 40640
[POS] DPOFE: 2448
[POS] Cache cargado en 1922 ms
[POS] Refrescando cache DBF...
[POS] Cargando DBF...
[POS] MAPRE: 40640
[POS] DPOFE: 2448
[POS] Cache cargado en 1916 ms
[POS] Refrescando cache DBF...
[POS] Cargando DBF...
[POS] MAPRE: 40640
[POS] DPOFE: 2448
[POS] Cache cargado en 1911 ms
[POS] Refrescando cache DBF...
[POS] Cargando DBF...
[POS] MAPRE: 40640
[POS] DPOFE: 2448
[POS] Cache cargado en 1923 ms
[POS] Refrescando cache DBF...
[POS] Cargando DBF...
[POS] MAPRE: 40640
[POS] DPOFE: 2448
[POS] Cache cargado en 1917 ms
[POS] Refrescando cache DBF...
[POS] Cargando DBF...
[POS] MAPRE: 40640
[POS] DPOFE: 2448
[POS] Cache cargado en 1918 ms
[POS] Refrescando cache DBF...
[POS] Cargando DBF...
[POS] MAPRE: 40640
[POS] DPOFE: 2448
[POS] Cache cargado en 1921 ms
[POS] Refrescando cache DBF...
[POS] Cargando DBF...
[POS] MAPRE: 40640
[POS] DPOFE: 2448
[POS] Cache cargado en 1893 ms
[POS] Refrescando cache DBF...
[POS] Cargando DBF...
[POS] MAPRE: 40640
[POS] DPOFE: 2448
[POS] Cache cargado en 1925 ms
[POS] Refrescando cache DBF...
[POS] Cargando DBF...
[POS] MAPRE: 40640
[POS] DPOFE: 2448
[POS] Cache cargado en 1896 ms
[POS] Refrescando cache DBF...
[POS] Cargando DBF...
[POS] MAPRE: 40640
[POS] DPOFE: 2448
[POS] Cache cargado en 1903 ms
[POS] Refrescando cache DBF...
[POS] Cargando DBF...
[POS] MAPRE: 40640
[POS] DPOFE: 2448
[POS] Cache cargado en 1921 ms
[POS] Refrescando cache DBF...
[POS] Cargando DBF...
[POS] MAPRE: 40640
[POS] DPOFE: 2448
[POS] Cache cargado en 1946 ms
[POS] Refrescando cache DBF...
[POS] Cargando DBF...
[POS] MAPRE: 40640
[POS] DPOFE: 2448
[POS] Cache cargado en 1909 ms
[POS] Refrescando cache DBF...
[POS] Cargando DBF...
[POS] MAPRE: 40640
[POS] DPOFE: 2448
[POS] Cache cargado en 1925 ms
[POS] Refrescando cache DBF...
[POS] Cargando DBF...
[POS] MAPRE: 40640
[POS] DPOFE: 2448
[POS] Cache cargado en 1937 ms
[POS] Refrescando cache DBF...
[POS] Cargando DBF...
[POS] MAPRE: 40640
[POS] DPOFE: 2448
[POS] Cache cargado en 1940 ms
[POS] Refrescando cache DBF...
[POS] Cargando DBF...
[POS] MAPRE: 40640
[POS] DPOFE: 2448
[POS] Cache cargado en 1890 ms
[POS] Refrescando cache DBF...
[POS] Cargando DBF...
[POS] MAPRE: 40640
[POS] DPOFE: 2448
[POS] Cache cargado en 1920 ms
[POS] Refrescando cache DBF...
[POS] Cargando DBF...
[POS] MAPRE: 40640
[POS] DPOFE: 2448
[POS] Cache cargado en 1920 ms
[POS] Refrescando cache DBF...
[POS] Cargando DBF...
[POS] MAPRE: 40640
[POS] DPOFE: 2448
[POS] Cache cargado en 1904 ms
[POS] Refrescando cache DBF...
[POS] Cargando DBF...
[POS] MAPRE: 40640
[POS] DPOFE: 2448
[POS] Cache cargado en 1902 ms
[POS] Refrescando cache DBF...
[POS] Cargando DBF...
[POS] MAPRE: 40640
[POS] DPOFE: 2448
[POS] Cache cargado en 1921 ms
[POS] Refrescando cache DBF...
[POS] Cargando DBF...
[POS] MAPRE: 40640
[POS] DPOFE: 2448
[POS] Cache cargado en 1917 ms
[POS] Refrescando cache DBF...
[POS] Cargando DBF...
[POS] MAPRE: 40640
[POS] DPOFE: 2448
[POS] Cache cargado en 1923 ms
[POS] Refrescando cache DBF...
[POS] Cargando DBF...
[POS] MAPRE: 40640
[POS] DPOFE: 2448
[POS] Cache cargado en 1934 ms
[POS] Refrescando cache DBF...
[POS] Cargando DBF...
[POS] MAPRE: 40640
[POS] DPOFE: 2448
[POS] Cache cargado en 1915 ms
[POS] Refrescando cache DBF...
[POS] Cargando DBF...
[POS] MAPRE: 40640
[POS] DPOFE: 2448
[POS] Cache cargado en 1909 ms
[POS] Refrescando cache DBF...
[POS] Cargando DBF...
[POS] MAPRE: 40640
[POS] DPOFE: 2448
[POS] Cache cargado en 1916 ms
[POS] Refrescando cache DBF...
[POS] Cargando DBF...
[POS] MAPRE: 40640
[POS] DPOFE: 2448
[POS] Cache cargado en 1906 ms
[POS] Refrescando cache DBF...
[POS] Cargando DBF...
[POS] MAPRE: 40640
[POS] DPOFE: 2448
[POS] Cache cargado en 1915 ms
[POS] Refrescando cache DBF...
[POS] Cargando DBF...
[POS] MAPRE: 40640
[POS] DPOFE: 2448
[POS] Cache cargado en 1932 ms
[POS] Refrescando cache DBF...
[POS] Cargando DBF...
[POS] MAPRE: 40640
[POS] DPOFE: 2448
[POS] Cache cargado en 1918 ms
[POS] Refrescando cache DBF...
[POS] Cargando DBF...
[POS] MAPRE: 40640
[POS] DPOFE: 2448
[POS] Cache cargado en 1922 ms
[POS] Refrescando cache DBF...
[POS] Cargando DBF...
[POS] MAPRE: 40640
[POS] DPOFE: 2448
[POS] Cache cargado en 1915 ms
[POS] Refrescando cache DBF...
[POS] Cargando DBF...
[POS] MAPRE: 40640
[POS] DPOFE: 2448
[POS] Cache cargado en 1904 ms
[POS] Refrescando cache DBF...
[POS] Cargando DBF...
[POS] MAPRE: 40640
[POS] DPOFE: 2448
[POS] Cache cargado en 1938 ms
[POS] Refrescando cache DBF...
[POS] Cargando DBF...
[POS] MAPRE: 40640
[POS] DPOFE: 2448
[POS] Cache cargado en 1905 ms
[POS] Refrescando cache DBF...
[POS] Cargando DBF...
[POS] MAPRE: 40640
[POS] DPOFE: 2448
[POS] Cache cargado en 1915 ms
[POS] Refrescando cache DBF...
[POS] Cargando DBF...
[POS] MAPRE: 40640
[POS] DPOFE: 2448
[POS] Cache cargado en 1908 ms
[POS] Refrescando cache DBF...
[POS] Cargando DBF...
[POS] MAPRE: 40640
[POS] DPOFE: 2448
[POS] Cache cargado en 1909 ms
[POS] Refrescando cache DBF...
[POS] Cargando DBF...
[POS] MAPRE: 40640
[POS] DPOFE: 2448
[POS] Cache cargado en 1916 ms
[POS] Refrescando cache DBF...
[POS] Cargando DBF...
[POS] MAPRE: 40640
[POS] DPOFE: 2448
[POS] Cache cargado en 1911 ms
[POS] Refrescando cache DBF...
[POS] Cargando DBF...
[POS] MAPRE: 40640
[POS] DPOFE: 2448
[POS] Cache cargado en 1908 ms
[POS] Refrescando cache DBF...
[POS] Cargando DBF...
[POS] MAPRE: 40640
[POS] DPOFE: 2448
[POS] Cache cargado en 1921 ms
[POS] Refrescando cache DBF...
[POS] Cargando DBF...
[POS] MAPRE: 40640
[POS] DPOFE: 2448
[POS] Cache cargado en 1903 ms
[POS] Refrescando cache DBF...
[POS] Cargando DBF...
[POS] MAPRE: 40640
[POS] DPOFE: 2448
[POS] Cache cargado en 1911 ms
[POS] Refrescando cache DBF...
[POS] Cargando DBF...
[POS] MAPRE: 40640
[POS] DPOFE: 2448
[POS] Cache cargado en 1911 ms
[POS] Refrescando cache DBF...
[POS] Cargando DBF...
[POS] MAPRE: 40640
[POS] DPOFE: 2448
[POS] Cache cargado en 1912 ms
[POS] Refrescando cache DBF...
[POS] Cargando DBF...
[POS] MAPRE: 40640
[POS] DPOFE: 2448
[POS] Cache cargado en 1911 ms
[POS] Refrescando cache DBF...
[POS] Cargando DBF...
[POS] MAPRE: 40640
[POS] DPOFE: 2448
[POS] Cache cargado en 1943 ms
[POS] Refrescando cache DBF...
[POS] Cargando DBF...
[POS] MAPRE: 40640
[POS] DPOFE: 2448
[POS] Cache cargado en 1915 ms
[POS] Refrescando cache DBF...
[POS] Cargando DBF...
[POS] MAPRE: 40640
[POS] DPOFE: 2448
[POS] Cache cargado en 1918 ms
[POS] Refrescando cache DBF...
[POS] Cargando DBF...
[POS] MAPRE: 40640
[POS] DPOFE: 2448
[POS] Cache cargado en 1902 ms
[POS] Refrescando cache DBF...
[POS] Cargando DBF...
[POS] MAPRE: 40640
[POS] DPOFE: 2448
[POS] Cache cargado en 1926 ms
[POS] Refrescando cache DBF...
[POS] Cargando DBF...
[POS] MAPRE: 40640
[POS] DPOFE: 2448
[POS] Cache cargado en 1909 ms
[POS] Refrescando cache DBF...
[POS] Cargando DBF...
[POS] MAPRE: 40640
[POS] DPOFE: 2448
[POS] Cache cargado en 1946 ms
[POS] Refrescando cache DBF...
[POS] Cargando DBF...
[POS] MAPRE: 40640
[POS] DPOFE: 2448
[POS] Cache cargado en 1923 ms
[POS] Refrescando cache DBF...
[POS] Cargando DBF...
[POS] MAPRE: 40640
[POS] DPOFE: 2448
[POS] Cache cargado en 1895 ms
[POS] Refrescando cache DBF...
[POS] Cargando DBF...
[POS] MAPRE: 40640
[POS] DPOFE: 2448
[POS] Cache cargado en 1903 ms
[POS] Refrescando cache DBF...
[POS] Cargando DBF...
[POS] MAPRE: 40640
[POS] DPOFE: 2448
[POS] Cache cargado en 1918 ms
[POS] Refrescando cache DBF...
[POS] Cargando DBF...
[POS] MAPRE: 40640
[POS] DPOFE: 2448
[POS] Cache cargado en 1909 ms
[POS] Refrescando cache DBF...
[POS] Cargando DBF...
[POS] MAPRE: 40640
[POS] DPOFE: 2448
[POS] Cache cargado en 1910 ms
[POS] Refrescando cache DBF...
[POS] Cargando DBF...
[POS] MAPRE: 40640
[POS] DPOFE: 2448
[POS] Cache cargado en 1911 ms
[POS] Refrescando cache DBF...
[POS] Cargando DBF...
[POS] MAPRE: 40640
[POS] DPOFE: 2448
[POS] Cache cargado en 1925 ms
[POS] Refrescando cache DBF...
[POS] Cargando DBF...
[POS] MAPRE: 40640
[POS] DPOFE: 2448
[POS] Cache cargado en 1916 ms
[POS] Refrescando cache DBF...
[POS] Cargando DBF...
[POS] MAPRE: 40640
[POS] DPOFE: 2448
[POS] Cache cargado en 1929 ms
[POS] Refrescando cache DBF...
[POS] Cargando DBF...
[POS] MAPRE: 40640
[POS] DPOFE: 2448
[POS] Cache cargado en 1918 ms
[POS] Refrescando cache DBF...
[POS] Cargando DBF...
[POS] MAPRE: 40640
[POS] DPOFE: 2448
[POS] Cache cargado en 1912 ms
[POS] Refrescando cache DBF...
[POS] Cargando DBF...
[POS] MAPRE: 40640
[POS] DPOFE: 2448
[POS] Cache cargado en 1909 ms
[POS] Refrescando cache DBF...
[POS] Cargando DBF...
[POS] MAPRE: 40640
[POS] DPOFE: 2448
[POS] Cache cargado en 1925 ms
[POS] Refrescando cache DBF...
[POS] Cargando DBF...
[POS] MAPRE: 40640
[POS] DPOFE: 2448
[POS] Cache cargado en 1920 ms
[POS] Refrescando cache DBF...
[POS] Cargando DBF...
[POS] MAPRE: 40640
[POS] DPOFE: 2448
[POS] Cache cargado en 1921 ms
[POS] Refrescando cache DBF...
[POS] Cargando DBF...
[POS] MAPRE: 40640
[POS] DPOFE: 2448
[POS] Cache cargado en 1916 ms
[POS] Refrescando cache DBF...
[POS] Cargando DBF...
[POS] MAPRE: 40640
[POS] DPOFE: 2448
[POS] Cache cargado en 1906 ms
[POS] Refrescando cache DBF...
[POS] Cargando DBF...
[POS] MAPRE: 40640
[POS] DPOFE: 2448
[POS] Cache cargado en 1917 ms
[POS] Refrescando cache DBF...
[POS] Cargando DBF...
[POS] MAPRE: 40640
[POS] DPOFE: 2448
[POS] Cache cargado en 1919 ms
[POS] Refrescando cache DBF...
[POS] Cargando DBF...
[POS] MAPRE: 40640
[POS] DPOFE: 2448
[POS] Cache cargado en 1896 ms
[POS] Refrescando cache DBF...
[POS] Cargando DBF...
[POS] MAPRE: 40640
[POS] DPOFE: 2448
[POS] Cache cargado en 1928 ms
[POS] Refrescando cache DBF...
[POS] Cargando DBF...
[POS] MAPRE: 40640
[POS] DPOFE: 2448
[POS] Cache cargado en 1914 ms
[POS] Refrescando cache DBF...
[POS] Cargando DBF...
[POS] MAPRE: 40640
[POS] DPOFE: 2448
[POS] Cache cargado en 1917 ms
[POS] Refrescando cache DBF...
[POS] Cargando DBF...
[POS] MAPRE: 40640
[POS] DPOFE: 2448
[POS] Cache cargado en 1908 ms
[POS] Refrescando cache DBF...
[POS] Cargando DBF...
[POS] MAPRE: 40640
[POS] DPOFE: 2448
[POS] Cache cargado en 1917 ms
[POS] Refrescando cache DBF...
[POS] Cargando DBF...
[POS] MAPRE: 40640
[POS] DPOFE: 2448
[POS] Cache cargado en 1915 ms
[POS] Refrescando cache DBF...
[POS] Cargando DBF...
[POS] MAPRE: 40640
[POS] DPOFE: 2448
[POS] Cache cargado en 1930 ms
[POS] Refrescando cache DBF...
[POS] Cargando DBF...
[POS] MAPRE: 40640
[POS] DPOFE: 2448
[POS] Cache cargado en 1921 ms
[POS] Refrescando cache DBF...
[POS] Cargando DBF...
[POS] MAPRE: 40640
[POS] DPOFE: 2448
[POS] Cache cargado en 1912 ms
[POS] Refrescando cache DBF...
[POS] Cargando DBF...
[POS] MAPRE: 40640
[POS] DPOFE: 2448
[POS] Cache cargado en 1913 ms
[POS] Refrescando cache DBF...
[POS] Cargando DBF...
[POS] MAPRE: 40640
[POS] DPOFE: 2448
[POS] Cache cargado en 1920 ms
[POS] Refrescando cache DBF...
[POS] Cargando DBF...
[POS] MAPRE: 40640
[POS] DPOFE: 2448
[POS] Cache cargado en 1914 ms
[POS] Refrescando cache DBF...
[POS] Cargando DBF...
[POS] MAPRE: 40640
[POS] DPOFE: 2448
[POS] Cache cargado en 1941 ms
[POS] Refrescando cache DBF...
[POS] Cargando DBF...
[POS] MAPRE: 40640
[POS] DPOFE: 2448
[POS] Cache cargado en 1909 ms
[POS] Refrescando cache DBF...
[POS] Cargando DBF...
[POS] MAPRE: 40640
[POS] DPOFE: 2448
[POS] Cache cargado en 1939 ms
[POS] Refrescando cache DBF...
[POS] Cargando DBF...
[POS] MAPRE: 40640
[POS] DPOFE: 2448
[POS] Cache cargado en 1909 ms
[POS] Refrescando cache DBF...
[POS] Cargando DBF...
[POS] MAPRE: 40640
[POS] DPOFE: 2448
[POS] Cache cargado en 1923 ms
[POS] Refrescando cache DBF...
[POS] Cargando DBF...
[POS] MAPRE: 40640
[POS] DPOFE: 2448
[POS] Cache cargado en 1900 ms
[POS] Refrescando cache DBF...
[POS] Cargando DBF...
[POS] MAPRE: 40640
[POS] DPOFE: 2448
[POS] Cache cargado en 1901 ms
[POS] Refrescando cache DBF...
[POS] Cargando DBF...
[POS] MAPRE: 40640
[POS] DPOFE: 2448
[POS] Cache cargado en 1910 ms
[POS] Refrescando cache DBF...
[POS] Cargando DBF...
[POS] MAPRE: 40640
[POS] DPOFE: 2448
[POS] Cache cargado en 1915 ms
[POS] Refrescando cache DBF...
[POS] Cargando DBF...
[POS] MAPRE: 40640
[POS] DPOFE: 2448
[POS] Cache cargado en 1920 ms
[POS] Refrescando cache DBF...
[POS] Cargando DBF...
[POS] MAPRE: 40640
[POS] DPOFE: 2448
[POS] Cache cargado en 1928 ms
[POS] Refrescando cache DBF...
[POS] Cargando DBF...
[POS] MAPRE: 40640
[POS] DPOFE: 2448
[POS] Cache cargado en 1910 ms
[POS] Refrescando cache DBF...
[POS] Cargando DBF...
[POS] MAPRE: 40640
[POS] DPOFE: 2448
[POS] Cache cargado en 1924 ms
[POS] Refrescando cache DBF...
[POS] Cargando DBF...
[POS] MAPRE: 40640
[POS] DPOFE: 2448
[POS] Cache cargado en 1911 ms
[POS] Refrescando cache DBF...
[POS] Cargando DBF...
[POS] MAPRE: 40640
[POS] DPOFE: 2448
[POS] Cache cargado en 1910 ms
[POS] Refrescando cache DBF...
[POS] Cargando DBF...
[POS] MAPRE: 40640
[POS] DPOFE: 2448
[POS] Cache cargado en 1897 ms
[POS] Refrescando cache DBF...
[POS] Cargando DBF...
[POS] MAPRE: 40640
[POS] DPOFE: 2448
[POS] Cache cargado en 1981 ms
[POS] Refrescando cache DBF...
[POS] Cargando DBF...
[POS] MAPRE: 40640
[POS] DPOFE: 2448
[POS] Cache cargado en 1917 ms
[POS] Refrescando cache DBF...
[POS] Cargando DBF...
[POS] MAPRE: 40640
[POS] DPOFE: 2448
[POS] Cache cargado en 1923 ms
[POS] Refrescando cache DBF...
[POS] Cargando DBF...
[POS] MAPRE: 40640
[POS] DPOFE: 2448
[POS] Cache cargado en 1906 ms
[POS] Refrescando cache DBF...
[POS] Cargando DBF...
[POS] MAPRE: 40640
[POS] DPOFE: 2448
[POS] Cache cargado en 1924 ms
[POS] Refrescando cache DBF...
[POS] Cargando DBF...
[POS] MAPRE: 40640
[POS] DPOFE: 2448
[POS] Cache cargado en 1923 ms
[POS] Refrescando cache DBF...
[POS] Cargando DBF...
[POS] MAPRE: 40640
[POS] DPOFE: 2448
[POS] Cache cargado en 1924 ms
[POS] Refrescando cache DBF...
[POS] Cargando DBF...
[POS] MAPRE: 40640
[POS] DPOFE: 2448
[POS] Cache cargado en 1908 ms
[POS] Refrescando cache DBF...
[POS] Cargando DBF...
[POS] MAPRE: 40640
[POS] DPOFE: 2448
[POS] Cache cargado en 1918 ms
[POS] Refrescando cache DBF...
[POS] Cargando DBF...
[POS] MAPRE: 40640
[POS] DPOFE: 2448
[POS] Cache cargado en 1929 ms
[POS] Refrescando cache DBF...
[POS] Cargando DBF...
[POS] MAPRE: 40640
[POS] DPOFE: 2448
[POS] Cache cargado en 1926 ms
[POS] Refrescando cache DBF...
[POS] Cargando DBF...
[POS] MAPRE: 40640
[POS] DPOFE: 2448
[POS] Cache cargado en 1888 ms
[POS] Refrescando cache DBF...
[POS] Cargando DBF...
[POS] MAPRE: 40640
[POS] DPOFE: 2448
[POS] Cache cargado en 1917 ms
[POS] Refrescando cache DBF...
[POS] Cargando DBF...
[POS] MAPRE: 40640
[POS] DPOFE: 2448
[POS] Cache cargado en 1911 ms
[POS] Refrescando cache DBF...
[POS] Cargando DBF...
[POS] MAPRE: 40640
[POS] DPOFE: 2448
[POS] Cache cargado en 1926 ms
[POS] Refrescando cache DBF...
[POS] Cargando DBF...
[POS] MAPRE: 40640
[POS] DPOFE: 2448
[POS] Cache cargado en 1913 ms
[POS] Refrescando cache DBF...
[POS] Cargando DBF...
[POS] MAPRE: 40640
[POS] DPOFE: 2448
[POS] Cache cargado en 1926 ms
[POS] Refrescando cache DBF...
[POS] Cargando DBF...
[POS] MAPRE: 40640
[POS] DPOFE: 2448
[POS] Cache cargado en 1934 ms
[POS] Refrescando cache DBF...
[POS] Cargando DBF...
[POS] MAPRE: 40640
[POS] DPOFE: 2448
[POS] Cache cargado en 1930 ms
[POS] Refrescando cache DBF...
[POS] Cargando DBF...
[POS] MAPRE: 40640
[POS] DPOFE: 2448
[POS] Cache cargado en 1922 ms
[POS] Refrescando cache DBF...
[POS] Cargando DBF...
[POS] MAPRE: 40640
[POS] DPOFE: 2448
[POS] Cache cargado en 1965 ms
[POS] Refrescando cache DBF...
[POS] Cargando DBF...
[POS] MAPRE: 40640
[POS] DPOFE: 2448
[POS] Cache cargado en 1922 ms
[POS] Refrescando cache DBF...
[POS] Cargando DBF...
[POS] MAPRE: 40640
[POS] DPOFE: 2448
[POS] Cache cargado en 1921 ms
[POS] Refrescando cache DBF...
[POS] Cargando DBF...
[POS] MAPRE: 40640
[POS] DPOFE: 2448
[POS] Cache cargado en 1887 ms
[POS] Refrescando cache DBF...
[POS] Cargando DBF...
[POS] MAPRE: 40640
[POS] DPOFE: 2448
[POS] Cache cargado en 1939 ms
[POS] Refrescando cache DBF...
[POS] Cargando DBF...
[POS] MAPRE: 40640
[POS] DPOFE: 2448
[POS] Cache cargado en 1907 ms
[POS] Refrescando cache DBF...
[POS] Cargando DBF...
[POS] MAPRE: 40640
[POS] DPOFE: 2448
[POS] Cache cargado en 1927 ms
[POS] Refrescando cache DBF...
[POS] Cargando DBF...
[POS] MAPRE: 40640
[POS] DPOFE: 2448
[POS] Cache cargado en 1909 ms
[POS] Refrescando cache DBF...
[POS] Cargando DBF...
[POS] MAPRE: 40640
[POS] DPOFE: 2448
[POS] Cache cargado en 1911 ms
[POS] Refrescando cache DBF...
[POS] Cargando DBF...
[POS] MAPRE: 40640
[POS] DPOFE: 2448
[POS] Cache cargado en 1918 ms
[POS] Refrescando cache DBF...
[POS] Cargando DBF...
[POS] MAPRE: 40640
[POS] DPOFE: 2448
[POS] Cache cargado en 1909 ms
[POS] Refrescando cache DBF...
[POS] Cargando DBF...
[POS] MAPRE: 40640
[POS] DPOFE: 2448
[POS] Cache cargado en 1900 ms
[POS] Refrescando cache DBF...
[POS] Cargando DBF...
[POS] MAPRE: 40640
[POS] DPOFE: 2448
[POS] Cache cargado en 1918 ms
[POS] Refrescando cache DBF...
[POS] Cargando DBF...
[POS] MAPRE: 40640
[POS] DPOFE: 2448
[POS] Cache cargado en 1906 ms
[POS] Refrescando cache DBF...
[POS] Cargando DBF...
[POS] MAPRE: 40640
[POS] DPOFE: 2448
[POS] Cache cargado en 1921 ms
[POS] Refrescando cache DBF...
[POS] Cargando DBF...
[POS] MAPRE: 40640
[POS] DPOFE: 2448
[POS] Cache cargado en 1916 ms
[POS] Refrescando cache DBF...
[POS] Cargando DBF...
[POS] MAPRE: 40640
[POS] DPOFE: 2448
[POS] Cache cargado en 1926 ms
[POS] Refrescando cache DBF...
[POS] Cargando DBF...
[POS] MAPRE: 40640
[POS] DPOFE: 2448
[POS] Cache cargado en 1913 ms
[POS] Refrescando cache DBF...
[POS] Cargando DBF...
[POS] MAPRE: 40640
[POS] DPOFE: 2448
[POS] Cache cargado en 1921 ms
[POS] Refrescando cache DBF...
[POS] Cargando DBF...
[POS] MAPRE: 40640
[POS] DPOFE: 2448
[POS] Cache cargado en 1912 ms
[POS] Refrescando cache DBF...
[POS] Cargando DBF...
[POS] MAPRE: 40640
[POS] DPOFE: 2448
[POS] Cache cargado en 1903 ms
[POS] Refrescando cache DBF...
[POS] Cargando DBF...
[POS] MAPRE: 40640
[POS] DPOFE: 2448
[POS] Cache cargado en 1908 ms
[POS] Refrescando cache DBF...
[POS] Cargando DBF...
[POS] MAPRE: 40640
[POS] DPOFE: 2448
[POS] Cache cargado en 1933 ms
[POS] Refrescando cache DBF...
[POS] Cargando DBF...
[POS] MAPRE: 40640
[POS] DPOFE: 2448
[POS] Cache cargado en 1912 ms
[POS] Refrescando cache DBF...
[POS] Cargando DBF...
[POS] MAPRE: 40640
[POS] DPOFE: 2448
[POS] Cache cargado en 1920 ms
[POS] Refrescando cache DBF...
[POS] Cargando DBF...
[POS] MAPRE: 40640
[POS] DPOFE: 2448
[POS] Cache cargado en 1907 ms
[POS] Refrescando cache DBF...
[POS] Cargando DBF...
[POS] MAPRE: 40640
[POS] DPOFE: 2448
[POS] Cache cargado en 1933 ms
[POS] Refrescando cache DBF...
[POS] Cargando DBF...
[POS] MAPRE: 40640
[POS] DPOFE: 2448
[POS] Cache cargado en 1905 ms
[POS] Refrescando cache DBF...
[POS] Cargando DBF...
[POS] MAPRE: 40640
[POS] DPOFE: 2448
[POS] Cache cargado en 1911 ms
[POS] Refrescando cache DBF...
[POS] Cargando DBF...
[POS] MAPRE: 40640
[POS] DPOFE: 2448
[POS] Cache cargado en 1916 ms
[POS] Refrescando cache DBF...
[POS] Cargando DBF...
[POS] MAPRE: 40640
[POS] DPOFE: 2448
[POS] Cache cargado en 1923 ms
[POS] Refrescando cache DBF...
[POS] Cargando DBF...
[POS] MAPRE: 40640
[POS] DPOFE: 2448
[POS] Cache cargado en 1905 ms
[POS] Refrescando cache DBF...
[POS] Cargando DBF...
[POS] MAPRE: 40640
[POS] DPOFE: 2448
[POS] Cache cargado en 1936 ms
[POS] Refrescando cache DBF...
[POS] Cargando DBF...
[POS] MAPRE: 40640
[POS] DPOFE: 2448
[POS] Cache cargado en 1913 ms
[POS] Refrescando cache DBF...
[POS] Cargando DBF...
[POS] MAPRE: 40640
[POS] DPOFE: 2448
[POS] Cache cargado en 1932 ms
[POS] Refrescando cache DBF...
[POS] Cargando DBF...
[POS] MAPRE: 40640
[POS] DPOFE: 2448
[POS] Cache cargado en 1913 ms
[POS] Refrescando cache DBF...
[POS] Cargando DBF...
[POS] MAPRE: 40640
[POS] DPOFE: 2448
[POS] Cache cargado en 1909 ms
[POS] Refrescando cache DBF...
[POS] Cargando DBF...
[POS] MAPRE: 40640
[POS] DPOFE: 2448
[POS] Cache cargado en 1925 ms
[POS] Refrescando cache DBF...
[POS] Cargando DBF...
[POS] MAPRE: 40640
[POS] DPOFE: 2448
[POS] Cache cargado en 1910 ms
[POS] Refrescando cache DBF...
[POS] Cargando DBF...
[POS] MAPRE: 40640
[POS] DPOFE: 2448
[POS] Cache cargado en 1906 ms
[POS] Refrescando cache DBF...
[POS] Cargando DBF...
[POS] MAPRE: 40640
[POS] DPOFE: 2448
[POS] Cache cargado en 1908 ms
[POS] Refrescando cache DBF...
[POS] Cargando DBF...
[POS] MAPRE: 40640
[POS] DPOFE: 2448
[POS] Cache cargado en 1920 ms
[POS] Refrescando cache DBF...
[POS] Cargando DBF...
[POS] MAPRE: 40640
[POS] DPOFE: 2448
[POS] Cache cargado en 1917 ms
[POS] Refrescando cache DBF...
[POS] Cargando DBF...
[POS] MAPRE: 40640
[POS] DPOFE: 2448
[POS] Cache cargado en 1913 ms
[POS] Refrescando cache DBF...
[POS] Cargando DBF...
[POS] MAPRE: 40640
[POS] DPOFE: 2448
[POS] Cache cargado en 1914 ms
[POS] Refrescando cache DBF...
[POS] Cargando DBF...
[POS] MAPRE: 40640
[POS] DPOFE: 2448
[POS] Cache cargado en 1921 ms
[POS] Refrescando cache DBF...
[POS] Cargando DBF...
[POS] MAPRE: 40640
[POS] DPOFE: 2448
[POS] Cache cargado en 1934 ms
[POS] Refrescando cache DBF...
[POS] Cargando DBF...
[POS] MAPRE: 40640
[POS] DPOFE: 2448
[POS] Cache cargado en 1915 ms
[POS] Refrescando cache DBF...
[POS] Cargando DBF...
[POS] MAPRE: 40640
[POS] DPOFE: 2448
[POS] Cache cargado en 1903 ms
[POS] Refrescando cache DBF...
[POS] Cargando DBF...
[POS] MAPRE: 40640
[POS] DPOFE: 2448
[POS] Cache cargado en 1915 ms
[POS] Refrescando cache DBF...
[POS] Cargando DBF...
[POS] MAPRE: 40640
[POS] DPOFE: 2448
[POS] Cache cargado en 1926 ms
[POS] Refrescando cache DBF...
[POS] Cargando DBF...
[POS] MAPRE: 40640
[POS] DPOFE: 2448
[POS] Cache cargado en 1909 ms
[POS] Refrescando cache DBF...
[POS] Cargando DBF...
[POS] MAPRE: 40640
[POS] DPOFE: 2448
[POS] Cache cargado en 1916 ms
[POS] Refrescando cache DBF...
[POS] Cargando DBF...
[POS] MAPRE: 40640
[POS] DPOFE: 2448
[POS] Cache cargado en 1916 ms
[POS] Refrescando cache DBF...
[POS] Cargando DBF...
[POS] MAPRE: 40640
[POS] DPOFE: 2448
[POS] Cache cargado en 1924 ms
[POS] Refrescando cache DBF...
[POS] Cargando DBF...
[POS] MAPRE: 40640
[POS] DPOFE: 2448
[POS] Cache cargado en 1903 ms
[POS] Refrescando cache DBF...
[POS] Cargando DBF...
[POS] MAPRE: 40640
[POS] DPOFE: 2448
[POS] Cache cargado en 1919 ms
[POS] Refrescando cache DBF...
[POS] Cargando DBF...
[POS] MAPRE: 40640
[POS] DPOFE: 2448
[POS] Cache cargado en 1907 ms
[POS] Refrescando cache DBF...
[POS] Cargando DBF...
[POS] MAPRE: 40640
[POS] DPOFE: 2448
[POS] Cache cargado en 1907 ms
[POS] Refrescando cache DBF...
[POS] Cargando DBF...
[POS] MAPRE: 40640
[POS] DPOFE: 2448
[POS] Cache cargado en 1916 ms
[POS] Refrescando cache DBF...
[POS] Cargando DBF...
[POS] MAPRE: 40640
[POS] DPOFE: 2448
[POS] Cache cargado en 1918 ms
[POS] Refrescando cache DBF...
[POS] Cargando DBF...
[POS] MAPRE: 40640
[POS] DPOFE: 2448
[POS] Cache cargado en 1911 ms
[POS] Refrescando cache DBF...
[POS] Cargando DBF...
[POS] MAPRE: 40640
[POS] DPOFE: 2448
[POS] Cache cargado en 1922 ms
[POS] Refrescando cache DBF...
[POS] Cargando DBF...
[POS] MAPRE: 40640
[POS] DPOFE: 2448
[POS] Cache cargado en 1916 ms
[POS] Refrescando cache DBF...
[POS] Cargando DBF...
[POS] MAPRE: 40640
[POS] DPOFE: 2448
[POS] Cache cargado en 1927 ms
[POS] Refrescando cache DBF...
[POS] Cargando DBF...
[POS] MAPRE: 40640
[POS] DPOFE: 2448
[POS] Cache cargado en 1914 ms
[POS] Refrescando cache DBF...
[POS] Cargando DBF...
[POS] MAPRE: 40640
[POS] DPOFE: 2448
[POS] Cache cargado en 1906 ms
[POS] Refrescando cache DBF...
[POS] Cargando DBF...
[POS] MAPRE: 40640
[POS] DPOFE: 2448
[POS] Cache cargado en 1914 ms
[POS] Refrescando cache DBF...
[POS] Cargando DBF...
[POS] MAPRE: 40640
[POS] DPOFE: 2448
[POS] Cache cargado en 1922 ms
[POS] Refrescando cache DBF...
[POS] Cargando DBF...
[POS] MAPRE: 40640
[POS] DPOFE: 2448
[POS] Cache cargado en 1925 ms
[POS] Refrescando cache DBF...
[POS] Cargando DBF...
[POS] MAPRE: 40640
[POS] DPOFE: 2448
[POS] Cache cargado en 1926 ms
[POS] Refrescando cache DBF...
[POS] Cargando DBF...
[POS] MAPRE: 40640
[POS] DPOFE: 2448
[POS] Cache cargado en 1912 ms
[POS] Refrescando cache DBF...
[POS] Cargando DBF...
[POS] MAPRE: 40640
[POS] DPOFE: 2448
[POS] Cache cargado en 1920 ms
[POS] Refrescando cache DBF...
[POS] Cargando DBF...
[POS] MAPRE: 40640
[POS] DPOFE: 2448
[POS] Cache cargado en 1904 ms
[POS] Refrescando cache DBF...
[POS] Cargando DBF...
[POS] MAPRE: 40640
[POS] DPOFE: 2448
[POS] Cache cargado en 1930 ms
[POS] Refrescando cache DBF...
[POS] Cargando DBF...
[POS] MAPRE: 40640
[POS] DPOFE: 2448
[POS] Cache cargado en 1924 ms
[POS] Refrescando cache DBF...
[POS] Cargando DBF...
[POS] MAPRE: 40640
[POS] DPOFE: 2448
[POS] Cache cargado en 1918 ms
[POS] Refrescando cache DBF...
[POS] Cargando DBF...
[POS] MAPRE: 40640
[POS] DPOFE: 2448
[POS] Cache cargado en 1906 ms
[POS] Refrescando cache DBF...
[POS] Cargando DBF...
[POS] MAPRE: 40640
[POS] DPOFE: 2448
[POS] Cache cargado en 1918 ms
[POS] Refrescando cache DBF...
[POS] Cargando DBF...
[POS] MAPRE: 40640
[POS] DPOFE: 2448
[POS] Cache cargado en 1920 ms
[POS] Refrescando cache DBF...
[POS] Cargando DBF...
[POS] MAPRE: 40640
[POS] DPOFE: 2448
[POS] Cache cargado en 1921 ms
[POS] Refrescando cache DBF...
[POS] Cargando DBF...
[POS] MAPRE: 40640
[POS] DPOFE: 2448
[POS] Cache cargado en 1910 ms
[POS] Refrescando cache DBF...
[POS] Cargando DBF...
[POS] MAPRE: 40640
[POS] DPOFE: 2448
[POS] Cache cargado en 1921 ms
[POS] Refrescando cache DBF...
[POS] Cargando DBF...
[POS] MAPRE: 40640
[POS] DPOFE: 2448
[POS] Cache cargado en 1912 ms
[POS] Refrescando cache DBF...
[POS] Cargando DBF...
[POS] MAPRE: 40640
[POS] DPOFE: 2448
[POS] Cache cargado en 1926 ms
[POS] Refrescando cache DBF...
[POS] Cargando DBF...
[POS] MAPRE: 40640
[POS] DPOFE: 2448
[POS] Cache cargado en 1927 ms
[POS] Refrescando cache DBF...
[POS] Cargando DBF...
[POS] MAPRE: 40640
[POS] DPOFE: 2448
[POS] Cache cargado en 1914 ms
[POS] Refrescando cache DBF...
[POS] Cargando DBF...
[POS] MAPRE: 40640
[POS] DPOFE: 2448
[POS] Cache cargado en 1907 ms
[POS] Refrescando cache DBF...
[POS] Cargando DBF...
[POS] MAPRE: 40640
[POS] DPOFE: 2448
[POS] Cache cargado en 1924 ms
[POS] Refrescando cache DBF...
[POS] Cargando DBF...
[POS] MAPRE: 40640
[POS] DPOFE: 2448
[POS] Cache cargado en 1914 ms
[POS] Refrescando cache DBF...
[POS] Cargando DBF...
[POS] MAPRE: 40640
[POS] DPOFE: 2448
[POS] Cache cargado en 1910 ms
[POS] Refrescando cache DBF...
[POS] Cargando DBF...
[POS] MAPRE: 40640
[POS] DPOFE: 2448
[POS] Cache cargado en 1910 ms
[POS] Refrescando cache DBF...
[POS] Cargando DBF...
[POS] MAPRE: 40640
[POS] DPOFE: 2448
[POS] Cache cargado en 1940 ms
[POS] Refrescando cache DBF...
[POS] Cargando DBF...
[POS] MAPRE: 40640
[POS] DPOFE: 2448
[POS] Cache cargado en 1907 ms
[POS] Refrescando cache DBF...
[POS] Cargando DBF...
[POS] MAPRE: 40640
[POS] DPOFE: 2448
[POS] Cache cargado en 1921 ms
[POS] Refrescando cache DBF...
[POS] Cargando DBF...
[POS] MAPRE: 40640
[POS] DPOFE: 2448
[POS] Cache cargado en 1921 ms
[POS] Refrescando cache DBF...
[POS] Cargando DBF...
[POS] MAPRE: 40640
[POS] DPOFE: 2448
[POS] Cache cargado en 1921 ms
[POS] Refrescando cache DBF...
[POS] Cargando DBF...
[POS] MAPRE: 40640
[POS] DPOFE: 2448
[POS] Cache cargado en 1921 ms
[POS] Refrescando cache DBF...
[POS] Cargando DBF...
[POS] MAPRE: 40640
[POS] DPOFE: 2448
[POS] Cache cargado en 1910 ms
[POS] Refrescando cache DBF...
[POS] Cargando DBF...
[POS] MAPRE: 40640
[POS] DPOFE: 2448
[POS] Cache cargado en 1914 ms
[POS] Refrescando cache DBF...
[POS] Cargando DBF...
[POS] MAPRE: 40640
[POS] DPOFE: 2448
[POS] Cache cargado en 1932 ms
[POS] Refrescando cache DBF...
[POS] Cargando DBF...
[POS] MAPRE: 40640
[POS] DPOFE: 2448
[POS] Cache cargado en 1910 ms
[POS] Refrescando cache DBF...
[POS] Cargando DBF...
[POS] MAPRE: 40640
[POS] DPOFE: 2448
[POS] Cache cargado en 1948 ms
[POS] Refrescando cache DBF...
[POS] Cargando DBF...
[POS] MAPRE: 40640
[POS] DPOFE: 2448
[POS] Cache cargado en 1906 ms
[POS] Refrescando cache DBF...
[POS] Cargando DBF...
[POS] MAPRE: 40640
[POS] DPOFE: 2448
[POS] Cache cargado en 1922 ms
[POS] Refrescando cache DBF...
[POS] Cargando DBF...
[POS] MAPRE: 40640
[POS] DPOFE: 2448
[POS] Cache cargado en 1907 ms
[POS] Refrescando cache DBF...
[POS] Cargando DBF...
[POS] MAPRE: 40640
[POS] DPOFE: 2448
[POS] Cache cargado en 1898 ms
[POS] Refrescando cache DBF...
[POS] Cargando DBF...
[POS] MAPRE: 40640
[POS] DPOFE: 2448
[POS] Cache cargado en 1911 ms
[POS] Refrescando cache DBF...
[POS] Cargando DBF...
[POS] MAPRE: 40640
[POS] DPOFE: 2448
[POS] Cache cargado en 1928 ms
[POS] Refrescando cache DBF...
[POS] Cargando DBF...
[POS] MAPRE: 40640
[POS] DPOFE: 2448
[POS] Cache cargado en 1913 ms
[POS] Refrescando cache DBF...
[POS] Cargando DBF...
[POS] MAPRE: 40640
[POS] DPOFE: 2448
[POS] Cache cargado en 1925 ms
[POS] Refrescando cache DBF...
[POS] Cargando DBF...
[POS] MAPRE: 40640
[POS] DPOFE: 2448
[POS] Cache cargado en 1910 ms
[POS] Refrescando cache DBF...
[POS] Cargando DBF...
[POS] MAPRE: 40640
[POS] DPOFE: 2448
[POS] Cache cargado en 1935 ms
[POS] Refrescando cache DBF...
[POS] Cargando DBF...
[POS] MAPRE: 40640
[POS] DPOFE: 2448
[POS] Cache cargado en 1933 ms
[POS] Refrescando cache DBF...
[POS] Cargando DBF...
[POS] MAPRE: 40640
[POS] DPOFE: 2448
[POS] Cache cargado en 1899 ms
[POS] Refrescando cache DBF...
[POS] Cargando DBF...
[POS] MAPRE: 40640
[POS] DPOFE: 2448
[POS] Cache cargado en 1909 ms
[POS] Refrescando cache DBF...
[POS] Cargando DBF...
[POS] MAPRE: 40640
[POS] DPOFE: 2448
[POS] Cache cargado en 1940 ms
[POS] Refrescando cache DBF...
[POS] Cargando DBF...
[POS] MAPRE: 40640
[POS] DPOFE: 2448
[POS] Cache cargado en 1909 ms
[POS] Refrescando cache DBF...
[POS] Cargando DBF...
[POS] MAPRE: 40640
[POS] DPOFE: 2448
[POS] Cache cargado en 1925 ms
[POS] Refrescando cache DBF...
[POS] Cargando DBF...
[POS] MAPRE: 40640
[POS] DPOFE: 2448
[POS] Cache cargado en 1921 ms
[POS] Refrescando cache DBF...
[POS] Cargando DBF...
[POS] MAPRE: 40640
[POS] DPOFE: 2448
[POS] Cache cargado en 1917 ms
[POS] Refrescando cache DBF...
[POS] Cargando DBF...
[POS] MAPRE: 40640
[POS] DPOFE: 2448
[POS] Cache cargado en 1912 ms
[POS] Refrescando cache DBF...
[POS] Cargando DBF...
[POS] MAPRE: 40640
[POS] DPOFE: 2448
[POS] Cache cargado en 1942 ms
[POS] Refrescando cache DBF...
[POS] Cargando DBF...
[POS] MAPRE: 40640
[POS] DPOFE: 2448
[POS] Cache cargado en 1910 ms
[POS] Refrescando cache DBF...
[POS] Cargando DBF...
[POS] MAPRE: 40640
[POS] DPOFE: 2448
[POS] Cache cargado en 1922 ms
[POS] Refrescando cache DBF...
[POS] Cargando DBF...
[POS] MAPRE: 40640
[POS] DPOFE: 2448
[POS] Cache cargado en 1910 ms
[POS] Refrescando cache DBF...
[POS] Cargando DBF...
[POS] MAPRE: 40640
[POS] DPOFE: 2448
[POS] Cache cargado en 1937 ms
[POS] Refrescando cache DBF...
[POS] Cargando DBF...
[POS] MAPRE: 40640
[POS] DPOFE: 2448
[POS] Cache cargado en 1910 ms
[POS] Refrescando cache DBF...
[POS] Cargando DBF...
[POS] MAPRE: 40640
[POS] DPOFE: 2448
[POS] Cache cargado en 1924 ms
[POS] Refrescando cache DBF...
[POS] Cargando DBF...
[POS] MAPRE: 40640
[POS] DPOFE: 2448
[POS] Cache cargado en 1915 ms
[POS] Refrescando cache DBF...
[POS] Cargando DBF...
[POS] MAPRE: 40640
[POS] DPOFE: 2448
[POS] Cache cargado en 1928 ms
[POS] Refrescando cache DBF...
[POS] Cargando DBF...
[POS] MAPRE: 40640
[POS] DPOFE: 2448
[POS] Cache cargado en 1906 ms
[POS] Refrescando cache DBF...
[POS] Cargando DBF...
[POS] MAPRE: 40640
[POS] DPOFE: 2448
[POS] Cache cargado en 1922 ms
[POS] Refrescando cache DBF...
[POS] Cargando DBF...
[POS] MAPRE: 40640
[POS] DPOFE: 2448
[POS] Cache cargado en 1915 ms
[POS] Refrescando cache DBF...
[POS] Cargando DBF...
[POS] MAPRE: 40640
[POS] DPOFE: 2448
[POS] Cache cargado en 1929 ms
[POS] Refrescando cache DBF...
[POS] Cargando DBF...
[POS] MAPRE: 40640
[POS] DPOFE: 2448
[POS] Cache cargado en 1911 ms
[POS] Refrescando cache DBF...
[POS] Cargando DBF...
[POS] MAPRE: 40640
[POS] DPOFE: 2448
[POS] Cache cargado en 1925 ms
[POS] Refrescando cache DBF...
[POS] Cargando DBF...
[POS] MAPRE: 40640
[POS] DPOFE: 2448
[POS] Cache cargado en 1927 ms
[POS] Refrescando cache DBF...
[POS] Cargando DBF...
[POS] MAPRE: 40640
[POS] DPOFE: 2448
[POS] Cache cargado en 1927 ms
[POS] Refrescando cache DBF...
[POS] Cargando DBF...
[POS] MAPRE: 40640
[POS] DPOFE: 2448
[POS] Cache cargado en 1963 ms
[POS] Refrescando cache DBF...
[POS] Cargando DBF...
[POS] MAPRE: 40640
[POS] DPOFE: 2448
[POS] Cache cargado en 1954 ms
[POS] Refrescando cache DBF...
[POS] Cargando DBF...
[POS] MAPRE: 40640
[POS] DPOFE: 2448
[POS] Cache cargado en 1917 ms
[POS] Refrescando cache DBF...
[POS] Cargando DBF...
[POS] MAPRE: 40640
[POS] DPOFE: 2448
[POS] Cache cargado en 1931 ms
[POS] Refrescando cache DBF...
[POS] Cargando DBF...
[POS] MAPRE: 40640
[POS] DPOFE: 2448
[POS] Cache cargado en 1907 ms
[POS] Refrescando cache DBF...
[POS] Cargando DBF...
[POS] MAPRE: 40640
[POS] DPOFE: 2448
[POS] Cache cargado en 1929 ms
[POS] Refrescando cache DBF...
[POS] Cargando DBF...
[POS] MAPRE: 40640
[POS] DPOFE: 2448
[POS] Cache cargado en 1921 ms
[POS] Refrescando cache DBF...
[POS] Cargando DBF...
[POS] MAPRE: 40640
[POS] DPOFE: 2448
[POS] Cache cargado en 1932 ms
[POS] Refrescando cache DBF...
[POS] Cargando DBF...
[POS] MAPRE: 40640
[POS] DPOFE: 2448
[POS] Cache cargado en 1916 ms
[POS] Refrescando cache DBF...
[POS] Cargando DBF...
[POS] MAPRE: 40640
[POS] DPOFE: 2448
[POS] Cache cargado en 1950 ms
[POS] Refrescando cache DBF...
[POS] Cargando DBF...
[POS] MAPRE: 40640
[POS] DPOFE: 2448
[POS] Cache cargado en 1909 ms
[POS] Refrescando cache DBF...
[POS] Cargando DBF...
[POS] MAPRE: 40640
[POS] DPOFE: 2448
[POS] Cache cargado en 1928 ms
[POS] Refrescando cache DBF...
[POS] Cargando DBF...
[POS] MAPRE: 40640
[POS] DPOFE: 2448
[POS] Cache cargado en 1921 ms
[POS] Refrescando cache DBF...
[POS] Cargando DBF...
[POS] MAPRE: 40640
[POS] DPOFE: 2448
[POS] Cache cargado en 1913 ms
[POS] Refrescando cache DBF...
[POS] Cargando DBF...
[POS] MAPRE: 40640
[POS] DPOFE: 2448
[POS] Cache cargado en 1914 ms
[POS] Refrescando cache DBF...
[POS] Cargando DBF...
[POS] MAPRE: 40640
[POS] DPOFE: 2448
[POS] Cache cargado en 1926 ms
[POS] Refrescando cache DBF...
[POS] Cargando DBF...
[POS] MAPRE: 40640
[POS] DPOFE: 2448
[POS] Cache cargado en 1910 ms
[POS] Refrescando cache DBF...
[POS] Cargando DBF...
[POS] MAPRE: 40640
[POS] DPOFE: 2448
[POS] Cache cargado en 1909 ms
[POS] Refrescando cache DBF...
[POS] Cargando DBF...
[POS] MAPRE: 40640
[POS] DPOFE: 2448
[POS] Cache cargado en 1910 ms
[POS] Refrescando cache DBF...
[POS] Cargando DBF...
[POS] MAPRE: 40640
[POS] DPOFE: 2448
[POS] Cache cargado en 1932 ms
[POS] Refrescando cache DBF...
[POS] Cargando DBF...
[POS] MAPRE: 40640
[POS] DPOFE: 2448
[POS] Cache cargado en 1912 ms
[POS] Refrescando cache DBF...
[POS] Cargando DBF...
[POS] MAPRE: 40640
[POS] DPOFE: 2448
[POS] Cache cargado en 1921 ms
[POS] Refrescando cache DBF...
[POS] Cargando DBF...
[POS] MAPRE: 40640
[POS] DPOFE: 2448
[POS] Cache cargado en 1911 ms
[POS] Refrescando cache DBF...
[POS] Cargando DBF...
[POS] MAPRE: 40640
[POS] DPOFE: 2448
[POS] Cache cargado en 1923 ms
[POS] Refrescando cache DBF...
[POS] Cargando DBF...
[POS] MAPRE: 40640
[POS] DPOFE: 2448
[POS] Cache cargado en 1910 ms
[POS] Refrescando cache DBF...
[POS] Cargando DBF...
[POS] MAPRE: 40640
[POS] DPOFE: 2448
[POS] Cache cargado en 1919 ms
[POS] Refrescando cache DBF...
[POS] Cargando DBF...
[POS] MAPRE: 40640
[POS] DPOFE: 2448
[POS] Cache cargado en 1907 ms
[POS] Refrescando cache DBF...
[POS] Cargando DBF...
[POS] MAPRE: 40640
[POS] DPOFE: 2448
[POS] Cache cargado en 1923 ms
[POS] Refrescando cache DBF...
[POS] Cargando DBF...
[POS] MAPRE: 40640
[POS] DPOFE: 2448
[POS] Cache cargado en 1910 ms
[POS] Refrescando cache DBF...
[POS] Cargando DBF...
[POS] MAPRE: 40640
[POS] DPOFE: 2448
[POS] Cache cargado en 1935 ms
[POS] Refrescando cache DBF...
[POS] Cargando DBF...
[POS] MAPRE: 40640
[POS] DPOFE: 2448
[POS] Cache cargado en 1929 ms
[POS] Refrescando cache DBF...
[POS] Cargando DBF...
[POS] MAPRE: 40640
[POS] DPOFE: 2448
[POS] Cache cargado en 1946 ms
[POS] Refrescando cache DBF...
[POS] Cargando DBF...
[POS] MAPRE: 40640
[POS] DPOFE: 2448
[POS] Cache cargado en 1919 ms
[POS] Refrescando cache DBF...
[POS] Cargando DBF...
[POS] MAPRE: 40640
[POS] DPOFE: 2448
[POS] Cache cargado en 1899 ms
[POS] Refrescando cache DBF...
[POS] Cargando DBF...
[POS] MAPRE: 40640
[POS] DPOFE: 2448
[POS] Cache cargado en 1919 ms
[POS] Refrescando cache DBF...
[POS] Cargando DBF...
[POS] MAPRE: 40640
[POS] DPOFE: 2448
[POS] Cache cargado en 1921 ms
[POS] Refrescando cache DBF...
[POS] Cargando DBF...
[POS] MAPRE: 40640
[POS] DPOFE: 2448
[POS] Cache cargado en 1908 ms
[POS] Refrescando cache DBF...
[POS] Cargando DBF...
[POS] MAPRE: 40640
[POS] DPOFE: 2448
[POS] Cache cargado en 1932 ms
[POS] Refrescando cache DBF...
[POS] Cargando DBF...
[POS] MAPRE: 40640
[POS] DPOFE: 2448
[POS] Cache cargado en 1934 ms
[POS] Refrescando cache DBF...
[POS] Cargando DBF...
[POS] MAPRE: 40640
[POS] DPOFE: 2448
[POS] Cache cargado en 1919 ms
[POS] Refrescando cache DBF...
[POS] Cargando DBF...
[POS] MAPRE: 40640
[POS] DPOFE: 2448
[POS] Cache cargado en 1934 ms
[POS] Refrescando cache DBF...
[POS] Cargando DBF...
[POS] MAPRE: 40640
[POS] DPOFE: 2448
[POS] Cache cargado en 1927 ms
[POS] Refrescando cache DBF...
[POS] Cargando DBF...
[POS] MAPRE: 40640
[POS] DPOFE: 2448
[POS] Cache cargado en 1911 ms
[POS] Refrescando cache DBF...
[POS] Cargando DBF...
[POS] MAPRE: 40640
[POS] DPOFE: 2448
[POS] Cache cargado en 1906 ms
[POS] Refrescando cache DBF...
[POS] Cargando DBF...
[POS] MAPRE: 40640
[POS] DPOFE: 2448
[POS] Cache cargado en 1912 ms
[POS] Refrescando cache DBF...
[POS] Cargando DBF...
[POS] MAPRE: 40640
[POS] DPOFE: 2448
[POS] Cache cargado en 1915 ms
[POS] Refrescando cache DBF...
[POS] Cargando DBF...
[POS] MAPRE: 40640
[POS] DPOFE: 2448
[POS] Cache cargado en 1900 ms
[POS] Refrescando cache DBF...
[POS] Cargando DBF...
[POS] MAPRE: 40640
[POS] DPOFE: 2448
[POS] Cache cargado en 1917 ms
[POS] Refrescando cache DBF...
[POS] Cargando DBF...
[POS] MAPRE: 40640
[POS] DPOFE: 2448
[POS] Cache cargado en 1901 ms
[POS] Refrescando cache DBF...
[POS] Cargando DBF...
[POS] MAPRE: 40640
[POS] DPOFE: 2448
[POS] Cache cargado en 1926 ms
[POS] Refrescando cache DBF...
[POS] Cargando DBF...
[POS] MAPRE: 40640
[POS] DPOFE: 2448
[POS] Cache cargado en 1913 ms
[POS] Refrescando cache DBF...
[POS] Cargando DBF...
[POS] MAPRE: 40640
[POS] DPOFE: 2448
[POS] Cache cargado en 1897 ms
[POS] Refrescando cache DBF...
[POS] Cargando DBF...
[POS] MAPRE: 40640
[POS] DPOFE: 2448
[POS] Cache cargado en 1938 ms
[POS] Refrescando cache DBF...
[POS] Cargando DBF...
[POS] MAPRE: 40640
[POS] DPOFE: 2448
[POS] Cache cargado en 1917 ms
[POS] Refrescando cache DBF...
[POS] Cargando DBF...
[POS] MAPRE: 40640
[POS] DPOFE: 2448
[POS] Cache cargado en 1907 ms
[POS] Refrescando cache DBF...
[POS] Cargando DBF...
[POS] MAPRE: 40640
[POS] DPOFE: 2448
[POS] Cache cargado en 1914 ms
[POS] Refrescando cache DBF...
[POS] Cargando DBF...
[POS] MAPRE: 40640
[POS] DPOFE: 2448
[POS] Cache cargado en 1907 ms
[POS] Refrescando cache DBF...
[POS] Cargando DBF...
[POS] MAPRE: 40640
[POS] DPOFE: 2448
[POS] Cache cargado en 1932 ms
[POS] Refrescando cache DBF...
[POS] Cargando DBF...
[POS] MAPRE: 40640
[POS] DPOFE: 2448
[POS] Cache cargado en 1910 ms
[POS] Refrescando cache DBF...
[POS] Cargando DBF...
[POS] MAPRE: 40640
[POS] DPOFE: 2448
[POS] Cache cargado en 1914 ms
[POS] Refrescando cache DBF...
[POS] Cargando DBF...
[POS] MAPRE: 40640
[POS] DPOFE: 2448
[POS] Cache cargado en 1909 ms
[POS] Refrescando cache DBF...
[POS] Cargando DBF...
[POS] MAPRE: 40640
[POS] DPOFE: 2448
[POS] Cache cargado en 1930 ms
[POS] Refrescando cache DBF...
[POS] Cargando DBF...
[POS] MAPRE: 40640
[POS] DPOFE: 2448
[POS] Cache cargado en 1909 ms
[POS] Refrescando cache DBF...
[POS] Cargando DBF...
[POS] MAPRE: 40640
[POS] DPOFE: 2448
[POS] Cache cargado en 1903 ms
[POS] Refrescando cache DBF...
[POS] Cargando DBF...
[POS] MAPRE: 40640
[POS] DPOFE: 2448
[POS] Cache cargado en 1902 ms
[POS] Refrescando cache DBF...
[POS] Cargando DBF...
[POS] MAPRE: 40640
[POS] DPOFE: 2448
[POS] Cache cargado en 1920 ms
[POS] Refrescando cache DBF...
[POS] Cargando DBF...
[POS] MAPRE: 40640
[POS] DPOFE: 2448
[POS] Cache cargado en 1910 ms
[POS] Refrescando cache DBF...
[POS] Cargando DBF...
[POS] MAPRE: 40640
[POS] DPOFE: 2448
[POS] Cache cargado en 1917 ms
[POS] Refrescando cache DBF...
[POS] Cargando DBF...
[POS] MAPRE: 40640
[POS] DPOFE: 2448
[POS] Cache cargado en 1911 ms
[POS] Refrescando cache DBF...
[POS] Cargando DBF...
[POS] MAPRE: 40640
[POS] DPOFE: 2448
[POS] Cache cargado en 1931 ms
[POS] Refrescando cache DBF...
[POS] Cargando DBF...
[POS] MAPRE: 40640
[POS] DPOFE: 2448
[POS] Cache cargado en 1917 ms
[POS] Refrescando cache DBF...
[POS] Cargando DBF...
[POS] MAPRE: 40640
[POS] DPOFE: 2448
[POS] Cache cargado en 1914 ms
[POS] Refrescando cache DBF...
[POS] Cargando DBF...
[POS] MAPRE: 40640
[POS] DPOFE: 2448
[POS] Cache cargado en 1914 ms
[POS] Refrescando cache DBF...
[POS] Cargando DBF...
[POS] MAPRE: 40640
[POS] DPOFE: 2448
[POS] Cache cargado en 1925 ms
[POS] Refrescando cache DBF...
[POS] Cargando DBF...
[POS] MAPRE: 40640
[POS] DPOFE: 2448
[POS] Cache cargado en 1910 ms
[POS] Refrescando cache DBF...
[POS] Cargando DBF...
[POS] MAPRE: 40640
[POS] DPOFE: 2448
[POS] Cache cargado en 1912 ms
[POS] Refrescando cache DBF...
[POS] Cargando DBF...
[POS] MAPRE: 40640
[POS] DPOFE: 2448
[POS] Cache cargado en 1916 ms
[POS] Refrescando cache DBF...
[POS] Cargando DBF...
[POS] MAPRE: 40640
[POS] DPOFE: 2448
[POS] Cache cargado en 1927 ms
[POS] Refrescando cache DBF...
[POS] Cargando DBF...
[POS] MAPRE: 40640
[POS] DPOFE: 2448
[POS] Cache cargado en 1915 ms
[POS] Refrescando cache DBF...
[POS] Cargando DBF...
[POS] MAPRE: 40640
[POS] DPOFE: 2448
[POS] Cache cargado en 1938 ms
[POS] Refrescando cache DBF...
[POS] Cargando DBF...
[POS] MAPRE: 40640
[POS] DPOFE: 2448
[POS] Cache cargado en 1898 ms
[POS] Refrescando cache DBF...
[POS] Cargando DBF...
[POS] MAPRE: 40640
[POS] DPOFE: 2448
[POS] Cache cargado en 1925 ms
[POS] Refrescando cache DBF...
[POS] Cargando DBF...
[POS] MAPRE: 40640
[POS] DPOFE: 2448
[POS] Cache cargado en 1906 ms
[POS] Refrescando cache DBF...
[POS] Cargando DBF...
[POS] MAPRE: 40640
[POS] DPOFE: 2448
[POS] Cache cargado en 1904 ms
[POS] Refrescando cache DBF...
[POS] Cargando DBF...
[POS] MAPRE: 40640
[POS] DPOFE: 2448
[POS] Cache cargado en 1906 ms
[POS] Refrescando cache DBF...
[POS] Cargando DBF...
[POS] MAPRE: 40640
[POS] DPOFE: 2448
[POS] Cache cargado en 1930 ms
[POS] Refrescando cache DBF...
[POS] Cargando DBF...
[POS] MAPRE: 40640
[POS] DPOFE: 2448
[POS] Cache cargado en 1903 ms
[POS] Refrescando cache DBF...
[POS] Cargando DBF...
[POS] MAPRE: 40640
[POS] DPOFE: 2448
[POS] Cache cargado en 1932 ms
[POS] Refrescando cache DBF...
[POS] Cargando DBF...
[POS] MAPRE: 40640
[POS] DPOFE: 2448
[POS] Cache cargado en 1904 ms
[POS] Refrescando cache DBF...
[POS] Cargando DBF...
[POS] MAPRE: 40640
[POS] DPOFE: 2448
[POS] Cache cargado en 1925 ms
[POS] Refrescando cache DBF...
[POS] Cargando DBF...
[POS] MAPRE: 40640
[POS] DPOFE: 2448
[POS] Cache cargado en 1908 ms
[POS] Refrescando cache DBF...
[POS] Cargando DBF...
[POS] MAPRE: 40640
[POS] DPOFE: 2448
[POS] Cache cargado en 1914 ms
[POS] Refrescando cache DBF...
[POS] Cargando DBF...
[POS] MAPRE: 40640
[POS] DPOFE: 2448
[POS] Cache cargado en 1902 ms
[POS] Refrescando cache DBF...
[POS] Cargando DBF...
[POS] MAPRE: 40640
[POS] DPOFE: 2448
[POS] Cache cargado en 1925 ms
[POS] Refrescando cache DBF...
[POS] Cargando DBF...
[POS] MAPRE: 40640
[POS] DPOFE: 2448
[POS] Cache cargado en 1921 ms
[POS] Refrescando cache DBF...
[POS] Cargando DBF...
[POS] MAPRE: 40640
[POS] DPOFE: 2448
[POS] Cache cargado en 1932 ms
[POS] Refrescando cache DBF...
[POS] Cargando DBF...
[POS] MAPRE: 40640
[POS] DPOFE: 2448
[POS] Cache cargado en 1919 ms
[POS] Refrescando cache DBF...
[POS] Cargando DBF...
[POS] MAPRE: 40640
[POS] DPOFE: 2448
[POS] Cache cargado en 1941 ms
[POS] Refrescando cache DBF...
[POS] Cargando DBF...
[POS] MAPRE: 40640
[POS] DPOFE: 2448
[POS] Cache cargado en 1906 ms
[POS] Refrescando cache DBF...
[POS] Cargando DBF...
[POS] MAPRE: 40640
[POS] DPOFE: 2448
[POS] Cache cargado en 1936 ms
[POS] Refrescando cache DBF...
[POS] Cargando DBF...
[POS] MAPRE: 40640
[POS] DPOFE: 2448
[POS] Cache cargado en 1907 ms
[POS] Refrescando cache DBF...
[POS] Cargando DBF...
[POS] MAPRE: 40640
[POS] DPOFE: 2448
[POS] Cache cargado en 1927 ms
[POS] Refrescando cache DBF...
[POS] Cargando DBF...
[POS] MAPRE: 40640
[POS] DPOFE: 2448
[POS] Cache cargado en 1924 ms
[POS] Refrescando cache DBF...
[POS] Cargando DBF...
[POS] MAPRE: 40640
[POS] DPOFE: 2448
[POS] Cache cargado en 1937 ms
[POS] Refrescando cache DBF...
[POS] Cargando DBF...
[POS] MAPRE: 40640
[POS] DPOFE: 2448
[POS] Cache cargado en 1902 ms
[POS] Refrescando cache DBF...
[POS] Cargando DBF...
[POS] MAPRE: 40640
[POS] DPOFE: 2448
[POS] Cache cargado en 1950 ms
[POS] Refrescando cache DBF...
[POS] Cargando DBF...
[POS] MAPRE: 40640
[POS] DPOFE: 2448
[POS] Cache cargado en 1906 ms
[POS] Refrescando cache DBF...
[POS] Cargando DBF...
[POS] MAPRE: 40640
[POS] DPOFE: 2448
[POS] Cache cargado en 1919 ms
[POS] Refrescando cache DBF...
[POS] Cargando DBF...
[POS] MAPRE: 40640
[POS] DPOFE: 2448
[POS] Cache cargado en 1905 ms
[POS] Refrescando cache DBF...
[POS] Cargando DBF...
[POS] MAPRE: 40640
[POS] DPOFE: 2448
[POS] Cache cargado en 1928 ms
[POS] Refrescando cache DBF...
[POS] Cargando DBF...
[POS] MAPRE: 40640
[POS] DPOFE: 2448
[POS] Cache cargado en 1925 ms
[POS] Refrescando cache DBF...
[POS] Cargando DBF...
[POS] MAPRE: 40640
[POS] DPOFE: 2448
[POS] Cache cargado en 1914 ms
[POS] Refrescando cache DBF...
[POS] Cargando DBF...
[POS] MAPRE: 40640
[POS] DPOFE: 2448
[POS] Cache cargado en 1917 ms
[POS] Refrescando cache DBF...
[POS] Cargando DBF...
[POS] MAPRE: 40640
[POS] DPOFE: 2448
[POS] Cache cargado en 1926 ms
[POS] Refrescando cache DBF...
[POS] Cargando DBF...
[POS] MAPRE: 40640
[POS] DPOFE: 2448
[POS] Cache cargado en 1912 ms
[POS] Refrescando cache DBF...
[POS] Cargando DBF...
[POS] MAPRE: 40640
[POS] DPOFE: 2448
[POS] Cache cargado en 1911 ms
[POS] Refrescando cache DBF...
[POS] Cargando DBF...
[POS] MAPRE: 40640
[POS] DPOFE: 2448
[POS] Cache cargado en 1910 ms
[POS] Refrescando cache DBF...
[POS] Cargando DBF...
[POS] MAPRE: 40640
[POS] DPOFE: 2448
[POS] Cache cargado en 1954 ms
[POS] Refrescando cache DBF...
[POS] Cargando DBF...
[POS] MAPRE: 40640
[POS] DPOFE: 2448
[POS] Cache cargado en 1919 ms
[POS] Refrescando cache DBF...
[POS] Cargando DBF...
[POS] MAPRE: 40640
[POS] DPOFE: 2448
[POS] Cache cargado en 1922 ms
[POS] Refrescando cache DBF...
[POS] Cargando DBF...
[POS] MAPRE: 40640
[POS] DPOFE: 2448
[POS] Cache cargado en 1908 ms
[POS] Refrescando cache DBF...
[POS] Cargando DBF...
[POS] MAPRE: 40640
[POS] DPOFE: 2448
[POS] Cache cargado en 1946 ms
[POS] Refrescando cache DBF...
[POS] Cargando DBF...
[POS] MAPRE: 40640
[POS] DPOFE: 2448
[POS] Cache cargado en 1922 ms
[POS] Refrescando cache DBF...
[POS] Cargando DBF...
[POS] MAPRE: 40640
[POS] DPOFE: 2448
[POS] Cache cargado en 1936 ms
[POS] Refrescando cache DBF...
[POS] Cargando DBF...
[POS] MAPRE: 40640
[POS] DPOFE: 2448
[POS] Cache cargado en 1914 ms
[POS] Refrescando cache DBF...
[POS] Cargando DBF...
[POS] MAPRE: 40640
[POS] DPOFE: 2448
[POS] Cache cargado en 1936 ms
[POS] Refrescando cache DBF...
[POS] Cargando DBF...
[POS] MAPRE: 40640
[POS] DPOFE: 2448
[POS] Cache cargado en 1935 ms
[POS] Refrescando cache DBF...
[POS] Cargando DBF...
[POS] MAPRE: 40640
[POS] DPOFE: 2448
[POS] Cache cargado en 1913 ms
[POS] Refrescando cache DBF...
[POS] Cargando DBF...
[POS] MAPRE: 40640
[POS] DPOFE: 2448
[POS] Cache cargado en 1910 ms
[POS] Refrescando cache DBF...
[POS] Cargando DBF...
[POS] MAPRE: 40640
[POS] DPOFE: 2448
[POS] Cache cargado en 1931 ms
[POS] Refrescando cache DBF...
[POS] Cargando DBF...
[POS] MAPRE: 40640
[POS] DPOFE: 2448
[POS] Cache cargado en 1919 ms
[POS] Refrescando cache DBF...
[POS] Cargando DBF...
[POS] MAPRE: 40640
[POS] DPOFE: 2448
[POS] Cache cargado en 1917 ms
[POS] Refrescando cache DBF...
[POS] Cargando DBF...
[POS] MAPRE: 40640
[POS] DPOFE: 2448
[POS] Cache cargado en 1901 ms
[POS] Refrescando cache DBF...
[POS] Cargando DBF...
[POS] MAPRE: 40640
[POS] DPOFE: 2448
[POS] Cache cargado en 1914 ms
[POS] Refrescando cache DBF...
[POS] Cargando DBF...
[POS] MAPRE: 40640
[POS] DPOFE: 2448
[POS] Cache cargado en 1924 ms
[POS] Refrescando cache DBF...
[POS] Cargando DBF...
[POS] MAPRE: 40640
[POS] DPOFE: 2448
[POS] Cache cargado en 1918 ms
[POS] Refrescando cache DBF...
[POS] Cargando DBF...
[POS] MAPRE: 40640
[POS] DPOFE: 2448
[POS] Cache cargado en 1917 ms
[POS] Refrescando cache DBF...
[POS] Cargando DBF...
[POS] MAPRE: 40640
[POS] DPOFE: 2448
[POS] Cache cargado en 1927 ms
[POS] Refrescando cache DBF...
[POS] Cargando DBF...
[POS] MAPRE: 40640
[POS] DPOFE: 2448
[POS] Cache cargado en 1899 ms
[POS] Refrescando cache DBF...
[POS] Cargando DBF...
[POS] MAPRE: 40640
[POS] DPOFE: 2448
[POS] Cache cargado en 1897 ms
[POS] Refrescando cache DBF...
[POS] Cargando DBF...
[POS] MAPRE: 40640
[POS] DPOFE: 2448
[POS] Cache cargado en 1902 ms
[POS] Refrescando cache DBF...
[POS] Cargando DBF...
[POS] MAPRE: 40640
[POS] DPOFE: 2448
[POS] Cache cargado en 1925 ms
[POS] Refrescando cache DBF...
[POS] Cargando DBF...
[POS] MAPRE: 40640
[POS] DPOFE: 2448
[POS] Cache cargado en 1897 ms
[POS] Refrescando cache DBF...
[POS] Cargando DBF...
[POS] MAPRE: 40640
[POS] DPOFE: 2448
[POS] Cache cargado en 1923 ms
[POS] Refrescando cache DBF...
[POS] Cargando DBF...
[POS] MAPRE: 40640
[POS] DPOFE: 2448
[POS] Cache cargado en 1946 ms
[POS] Refrescando cache DBF...
[POS] Cargando DBF...
[POS] MAPRE: 40640
[POS] DPOFE: 2448
[POS] Cache cargado en 1936 ms
[POS] Refrescando cache DBF...
[POS] Cargando DBF...
[POS] MAPRE: 40640
[POS] DPOFE: 2448
[POS] Cache cargado en 1933 ms
[POS] Refrescando cache DBF...
[POS] Cargando DBF...
[POS] MAPRE: 40640
[POS] DPOFE: 2448
[POS] Cache cargado en 1921 ms
[POS] Refrescando cache DBF...
[POS] Cargando DBF...
[POS] MAPRE: 40640
[POS] DPOFE: 2448
[POS] Cache cargado en 1911 ms
[POS] Refrescando cache DBF...
[POS] Cargando DBF...
[POS] MAPRE: 40640
[POS] DPOFE: 2448
[POS] Cache cargado en 1938 ms
[POS] Refrescando cache DBF...
[POS] Cargando DBF...
[POS] MAPRE: 40640
[POS] DPOFE: 2448
[POS] Cache cargado en 1912 ms
[POS] Refrescando cache DBF...
[POS] Cargando DBF...
[POS] MAPRE: 40640
[POS] DPOFE: 2448
[POS] Cache cargado en 1918 ms
[POS] Refrescando cache DBF...
[POS] Cargando DBF...
[POS] MAPRE: 40640
[POS] DPOFE: 2448
[POS] Cache cargado en 1921 ms
[POS] Refrescando cache DBF...
[POS] Cargando DBF...
[POS] MAPRE: 40640
[POS] DPOFE: 2448
[POS] Cache cargado en 1912 ms
[POS] Refrescando cache DBF...
[POS] Cargando DBF...
[POS] MAPRE: 40640
[POS] DPOFE: 2448
[POS] Cache cargado en 1941 ms
[POS] Refrescando cache DBF...
[POS] Cargando DBF...
[POS] MAPRE: 40640
[POS] DPOFE: 2448
[POS] Cache cargado en 1934 ms
[POS] Refrescando cache DBF...
[POS] Cargando DBF...
[POS] MAPRE: 40640
[POS] DPOFE: 2448
[POS] Cache cargado en 1921 ms
[POS] Refrescando cache DBF...
[POS] Cargando DBF...
[POS] MAPRE: 40640
[POS] DPOFE: 2448
[POS] Cache cargado en 1924 ms
[POS] Refrescando cache DBF...
[POS] Cargando DBF...
[POS] MAPRE: 40640
[POS] DPOFE: 2448
[POS] Cache cargado en 1913 ms
[POS] Refrescando cache DBF...
[POS] Cargando DBF...
[POS] MAPRE: 40640
[POS] DPOFE: 2448
[POS] Cache cargado en 1932 ms
[POS] Refrescando cache DBF...
[POS] Cargando DBF...
[POS] MAPRE: 40640
[POS] DPOFE: 2448
[POS] Cache cargado en 1907 ms
[POS] Refrescando cache DBF...
[POS] Cargando DBF...
[POS] MAPRE: 40640
[POS] DPOFE: 2448
[POS] Cache cargado en 1908 ms
[POS] Refrescando cache DBF...
[POS] Cargando DBF...
[POS] MAPRE: 40640
[POS] DPOFE: 2448
[POS] Cache cargado en 1926 ms
[POS] Refrescando cache DBF...
[POS] Cargando DBF...
[POS] MAPRE: 40640
[POS] DPOFE: 2448
[POS] Cache cargado en 1919 ms
[POS] Refrescando cache DBF...
[POS] Cargando DBF...
[POS] MAPRE: 40640
[POS] DPOFE: 2448
[POS] Cache cargado en 1906 ms
[POS] Refrescando cache DBF...
[POS] Cargando DBF...
[POS] MAPRE: 40640
[POS] DPOFE: 2448
[POS] Cache cargado en 1921 ms
[POS] Refrescando cache DBF...
[POS] Cargando DBF...
[POS] MAPRE: 40640
[POS] DPOFE: 2448
[POS] Cache cargado en 1901 ms
[POS] Refrescando cache DBF...
[POS] Cargando DBF...
[POS] MAPRE: 40640
[POS] DPOFE: 2448
[POS] Cache cargado en 1931 ms
[POS] Refrescando cache DBF...
[POS] Cargando DBF...
[POS] MAPRE: 40640
[POS] DPOFE: 2448
[POS] Cache cargado en 1914 ms
[POS] Refrescando cache DBF...
[POS] Cargando DBF...
[POS] MAPRE: 40640
[POS] DPOFE: 2448
[POS] Cache cargado en 1926 ms
[POS] Refrescando cache DBF...
[POS] Cargando DBF...
[POS] MAPRE: 40640
[POS] DPOFE: 2448
[POS] Cache cargado en 1917 ms
[POS] Refrescando cache DBF...
[POS] Cargando DBF...
[POS] MAPRE: 40640
[POS] DPOFE: 2448
[POS] Cache cargado en 1923 ms
[POS] Refrescando cache DBF...
[POS] Cargando DBF...
[POS] MAPRE: 40640
[POS] DPOFE: 2448
[POS] Cache cargado en 1920 ms
[POS] Refrescando cache DBF...
[POS] Cargando DBF...
[POS] MAPRE: 40640
[POS] DPOFE: 2448
[POS] Cache cargado en 1924 ms
[POS] Refrescando cache DBF...
[POS] Cargando DBF...
[POS] MAPRE: 40640
[POS] DPOFE: 2448
[POS] Cache cargado en 1908 ms
[POS] Refrescando cache DBF...
[POS] Cargando DBF...
[POS] MAPRE: 40640
[POS] DPOFE: 2448
[POS] Cache cargado en 1918 ms
[POS] Refrescando cache DBF...
[POS] Cargando DBF...
[POS] MAPRE: 40640
[POS] DPOFE: 2448
[POS] Cache cargado en 1904 ms
[POS] Refrescando cache DBF...
[POS] Cargando DBF...
[POS] MAPRE: 40640
[POS] DPOFE: 2448
[POS] Cache cargado en 1923 ms
[POS] Refrescando cache DBF...
[POS] Cargando DBF...
[POS] MAPRE: 40640
[POS] DPOFE: 2448
[POS] Cache cargado en 1949 ms
[POS] Refrescando cache DBF...
[POS] Cargando DBF...
[POS] MAPRE: 40640
[POS] DPOFE: 2448
[POS] Cache cargado en 1913 ms
[POS] Refrescando cache DBF...
[POS] Cargando DBF...
[POS] MAPRE: 40640
[POS] DPOFE: 2448
[POS] Cache cargado en 1928 ms
[POS] Refrescando cache DBF...
[POS] Cargando DBF...
[POS] MAPRE: 40640
[POS] DPOFE: 2448
[POS] Cache cargado en 1932 ms
[POS] Refrescando cache DBF...
[POS] Cargando DBF...
[POS] MAPRE: 40640
[POS] DPOFE: 2448
[POS] Cache cargado en 1912 ms
[POS] Refrescando cache DBF...
[POS] Cargando DBF...
[POS] MAPRE: 40640
[POS] DPOFE: 2448
[POS] Cache cargado en 1900 ms
[POS] Refrescando cache DBF...
[POS] Cargando DBF...
[POS] MAPRE: 40640
[POS] DPOFE: 2448
[POS] Cache cargado en 1897 ms
[POS] Refrescando cache DBF...
[POS] Cargando DBF...
[POS] MAPRE: 40640
[POS] DPOFE: 2448
[POS] Cache cargado en 1920 ms
[POS] Refrescando cache DBF...
[POS] Cargando DBF...
[POS] MAPRE: 40640
[POS] DPOFE: 2448
[POS] Cache cargado en 1925 ms
[POS] Refrescando cache DBF...
[POS] Cargando DBF...
[POS] MAPRE: 40640
[POS] DPOFE: 2448
[POS] Cache cargado en 1915 ms
[POS] Refrescando cache DBF...
[POS] Cargando DBF...
[POS] MAPRE: 40640
[POS] DPOFE: 2448
[POS] Cache cargado en 1907 ms
[POS] Refrescando cache DBF...
[POS] Cargando DBF...
[POS] MAPRE: 40640
[POS] DPOFE: 2448
[POS] Cache cargado en 1933 ms
[POS] Refrescando cache DBF...
[POS] Cargando DBF...
[POS] MAPRE: 40640
[POS] DPOFE: 2448
[POS] Cache cargado en 1908 ms
[POS] Refrescando cache DBF...
[POS] Cargando DBF...
[POS] MAPRE: 40640
[POS] DPOFE: 2448
[POS] Cache cargado en 1928 ms
[POS] Refrescando cache DBF...
[POS] Cargando DBF...
[POS] MAPRE: 40640
[POS] DPOFE: 2448
[POS] Cache cargado en 1916 ms
[POS] Refrescando cache DBF...
[POS] Cargando DBF...
[POS] MAPRE: 40640
[POS] DPOFE: 2448
[POS] Cache cargado en 1927 ms
[POS] Refrescando cache DBF...
[POS] Cargando DBF...
[POS] MAPRE: 40640
[POS] DPOFE: 2448
[POS] Cache cargado en 1910 ms
[POS] Refrescando cache DBF...
[POS] Cargando DBF...
[POS] MAPRE: 40640
[POS] DPOFE: 2448
[POS] Cache cargado en 1919 ms
[POS] Refrescando cache DBF...
[POS] Cargando DBF...
[POS] MAPRE: 40640
[POS] DPOFE: 2448
[POS] Cache cargado en 1916 ms
[POS] Refrescando cache DBF...
[POS] Cargando DBF...
[POS] MAPRE: 40640
[POS] DPOFE: 2448
[POS] Cache cargado en 1914 ms
[POS] Refrescando cache DBF...
[POS] Cargando DBF...
[POS] MAPRE: 40640
[POS] DPOFE: 2448
[POS] Cache cargado en 1907 ms
[POS] Refrescando cache DBF...
[POS] Cargando DBF...
[POS] MAPRE: 40640
[POS] DPOFE: 2448
[POS] Cache cargado en 1938 ms
[POS] Refrescando cache DBF...
[POS] Cargando DBF...
[POS] MAPRE: 40640
[POS] DPOFE: 2448
[POS] Cache cargado en 1923 ms
[POS] Refrescando cache DBF...
[POS] Cargando DBF...
[POS] MAPRE: 40640
[POS] DPOFE: 2448
[POS] Cache cargado en 1925 ms
[POS] Refrescando cache DBF...
[POS] Cargando DBF...
[POS] MAPRE: 40640
[POS] DPOFE: 2448
[POS] Cache cargado en 1911 ms
[POS] Refrescando cache DBF...
[POS] Cargando DBF...
[POS] MAPRE: 40640
[POS] DPOFE: 2448
[POS] Cache cargado en 1922 ms
[POS] Refrescando cache DBF...
[POS] Cargando DBF...
[POS] MAPRE: 40640
[POS] DPOFE: 2448
[POS] Cache cargado en 1931 ms
[POS] Refrescando cache DBF...
[POS] Cargando DBF...
[POS] MAPRE: 40640
[POS] DPOFE: 2448
[POS] Cache cargado en 1929 ms
[POS] Refrescando cache DBF...
[POS] Cargando DBF...
[POS] MAPRE: 40640
[POS] DPOFE: 2448
[POS] Cache cargado en 1910 ms
[POS] Refrescando cache DBF...
[POS] Cargando DBF...
[POS] MAPRE: 40640
[POS] DPOFE: 2448
[POS] Cache cargado en 1914 ms
[POS] Refrescando cache DBF...
[POS] Cargando DBF...
[POS] MAPRE: 40640
[POS] DPOFE: 2448
[POS] Cache cargado en 1932 ms
[POS] Refrescando cache DBF...
[POS] Cargando DBF...
[POS] MAPRE: 40640
[POS] DPOFE: 2448
[POS] Cache cargado en 1932 ms
[POS] Refrescando cache DBF...
[POS] Cargando DBF...
[POS] MAPRE: 40640
[POS] DPOFE: 2448
[POS] Cache cargado en 1905 ms
[POS] Refrescando cache DBF...
[POS] Cargando DBF...
[POS] MAPRE: 40640
[POS] DPOFE: 2448
[POS] Cache cargado en 1901 ms
[POS] Refrescando cache DBF...
[POS] Cargando DBF...
[POS] MAPRE: 40640
[POS] DPOFE: 2448
[POS] Cache cargado en 1904 ms
[POS] Refrescando cache DBF...
[POS] Cargando DBF...
[POS] MAPRE: 40640
[POS] DPOFE: 2448
[POS] Cache cargado en 1932 ms
[POS] Refrescando cache DBF...
[POS] Cargando DBF...
[POS] MAPRE: 40640
[POS] DPOFE: 2448
[POS] Cache cargado en 1923 ms
[POS] Refrescando cache DBF...
[POS] Cargando DBF...
[POS] MAPRE: 40640
[POS] DPOFE: 2448
[POS] Cache cargado en 1916 ms
[POS] Refrescando cache DBF...
[POS] Cargando DBF...
[POS] MAPRE: 40640
[POS] DPOFE: 2448
[POS] Cache cargado en 1937 ms
[POS] Refrescando cache DBF...
[POS] Cargando DBF...
[POS] MAPRE: 40640
[POS] DPOFE: 2448
[POS] Cache cargado en 1926 ms
[POS] Refrescando cache DBF...
[POS] Cargando DBF...
[POS] MAPRE: 40640
[POS] DPOFE: 2448
[POS] Cache cargado en 1912 ms
[POS] Refrescando cache DBF...
[POS] Cargando DBF...
[POS] MAPRE: 40640
[POS] DPOFE: 2448
[POS] Cache cargado en 1923 ms
[POS] Refrescando cache DBF...
[POS] Cargando DBF...
[POS] MAPRE: 40640
[POS] DPOFE: 2448
[POS] Cache cargado en 1914 ms
[POS] Refrescando cache DBF...
[POS] Cargando DBF...
[POS] MAPRE: 40640
[POS] DPOFE: 2448
[POS] Cache cargado en 1928 ms
[POS] Refrescando cache DBF...
[POS] Cargando DBF...
[POS] MAPRE: 40640
[POS] DPOFE: 2448
[POS] Cache cargado en 1917 ms
[POS] Refrescando cache DBF...
[POS] Cargando DBF...
[POS] MAPRE: 40640
[POS] DPOFE: 2448
[POS] Cache cargado en 1926 ms
[POS] Refrescando cache DBF...
[POS] Cargando DBF...
[POS] MAPRE: 40640
[POS] DPOFE: 2448
[POS] Cache cargado en 1911 ms
[POS] Refrescando cache DBF...
[POS] Cargando DBF...
[POS] MAPRE: 40640
[POS] DPOFE: 2448
[POS] Cache cargado en 1924 ms
[POS] Refrescando cache DBF...
[POS] Cargando DBF...
[POS] MAPRE: 40640
[POS] DPOFE: 2448
[POS] Cache cargado en 1907 ms
[POS] Refrescando cache DBF...
[POS] Cargando DBF...
[POS] MAPRE: 40640
[POS] DPOFE: 2448
[POS] Cache cargado en 1910 ms
[POS] Refrescando cache DBF...
[POS] Cargando DBF...
[POS] MAPRE: 40640
[POS] DPOFE: 2448
[POS] Cache cargado en 1922 ms
[POS] Refrescando cache DBF...
[POS] Cargando DBF...
[POS] MAPRE: 40640
[POS] DPOFE: 2448
[POS] Cache cargado en 1932 ms
[POS] Refrescando cache DBF...
[POS] Cargando DBF...
[POS] MAPRE: 40640
[POS] DPOFE: 2448
[POS] Cache cargado en 1907 ms
[POS] Refrescando cache DBF...
[POS] Cargando DBF...
[POS] MAPRE: 40640
[POS] DPOFE: 2448
[POS] Cache cargado en 1921 ms
[POS] Refrescando cache DBF...
[POS] Cargando DBF...
[POS] MAPRE: 40640
[POS] DPOFE: 2448
[POS] Cache cargado en 1913 ms
[POS] Refrescando cache DBF...
[POS] Cargando DBF...
[POS] MAPRE: 40640
[POS] DPOFE: 2448
[POS] Cache cargado en 1923 ms
[POS] Refrescando cache DBF...
[POS] Cargando DBF...
[POS] MAPRE: 40640
[POS] DPOFE: 2448
[POS] Cache cargado en 1902 ms
[POS] Refrescando cache DBF...
[POS] Cargando DBF...
[POS] MAPRE: 40640
[POS] DPOFE: 2448
[POS] Cache cargado en 1915 ms
[POS] Refrescando cache DBF...
[POS] Cargando DBF...
[POS] MAPRE: 40640
[POS] DPOFE: 2448
[POS] Cache cargado en 1908 ms
[POS] Refrescando cache DBF...
[POS] Cargando DBF...
[POS] MAPRE: 40640
[POS] DPOFE: 2448
[POS] Cache cargado en 1925 ms
[POS] Refrescando cache DBF...
[POS] Cargando DBF...
[POS] MAPRE: 40640
[POS] DPOFE: 2448
[POS] Cache cargado en 1927 ms
[POS] Refrescando cache DBF...
[POS] Cargando DBF...
[POS] MAPRE: 40640
[POS] DPOFE: 2448
[POS] Cache cargado en 1914 ms
[POS] Refrescando cache DBF...
[POS] Cargando DBF...
[POS] MAPRE: 40640
[POS] DPOFE: 2448
[POS] Cache cargado en 1914 ms
[POS] Refrescando cache DBF...
[POS] Cargando DBF...
[POS] MAPRE: 40640
[POS] DPOFE: 2448
[POS] Cache cargado en 1930 ms
[POS] Refrescando cache DBF...
[POS] Cargando DBF...
[POS] MAPRE: 40640
[POS] DPOFE: 2448
[POS] Cache cargado en 1922 ms
[POS] Refrescando cache DBF...
[POS] Cargando DBF...
[POS] MAPRE: 40640
[POS] DPOFE: 2448
[POS] Cache cargado en 1940 ms
[POS] Refrescando cache DBF...
[POS] Cargando DBF...
[POS] MAPRE: 40640
[POS] DPOFE: 2448
[POS] Cache cargado en 1904 ms
[POS] Refrescando cache DBF...
[POS] Cargando DBF...
[POS] MAPRE: 40640
[POS] DPOFE: 2448
[POS] Cache cargado en 1916 ms
[POS] Refrescando cache DBF...
[POS] Cargando DBF...
[POS] MAPRE: 40640
[POS] DPOFE: 2448
[POS] Cache cargado en 1935 ms
[POS] Refrescando cache DBF...
[POS] Cargando DBF...
[POS] MAPRE: 40640
[POS] DPOFE: 2448
[POS] Cache cargado en 1920 ms
[POS] Refrescando cache DBF...
[POS] Cargando DBF...
[POS] MAPRE: 40640
[POS] DPOFE: 2448
[POS] Cache cargado en 1917 ms
[POS] Refrescando cache DBF...
[POS] Cargando DBF...
[POS] MAPRE: 40640
[POS] DPOFE: 2448
[POS] Cache cargado en 1928 ms
[POS] Refrescando cache DBF...
[POS] Cargando DBF...
[POS] MAPRE: 40640
[POS] DPOFE: 2448
[POS] Cache cargado en 1931 ms
[POS] Refrescando cache DBF...
[POS] Cargando DBF...
[POS] MAPRE: 40640
[POS] DPOFE: 2448
[POS] Cache cargado en 1920 ms
[POS] Refrescando cache DBF...
[POS] Cargando DBF...
[POS] MAPRE: 40640
[POS] DPOFE: 2448
[POS] Cache cargado en 1918 ms
[POS] Refrescando cache DBF...
[POS] Cargando DBF...
[POS] MAPRE: 40640
[POS] DPOFE: 2448
[POS] Cache cargado en 1943 ms
[POS] Refrescando cache DBF...
[POS] Cargando DBF...
[POS] MAPRE: 40640
[POS] DPOFE: 2448
[POS] Cache cargado en 1917 ms
[POS] Refrescando cache DBF...
[POS] Cargando DBF...
[POS] MAPRE: 40640
[POS] DPOFE: 2448
[POS] Cache cargado en 1914 ms
[POS] Refrescando cache DBF...
[POS] Cargando DBF...
[POS] MAPRE: 40640
[POS] DPOFE: 2448
[POS] Cache cargado en 1908 ms
[POS] Refrescando cache DBF...
[POS] Cargando DBF...
[POS] MAPRE: 40640
[POS] DPOFE: 2448
[POS] Cache cargado en 1913 ms
[POS] Refrescando cache DBF...
[POS] Cargando DBF...
[POS] MAPRE: 40640
[POS] DPOFE: 2448
[POS] Cache cargado en 1915 ms
[POS] Refrescando cache DBF...
[POS] Cargando DBF...
[POS] MAPRE: 40640
[POS] DPOFE: 2448
[POS] Cache cargado en 1919 ms
[POS] Refrescando cache DBF...
[POS] Cargando DBF...
[POS] MAPRE: 40640
[POS] DPOFE: 2448
[POS] Cache cargado en 1925 ms
[POS] Refrescando cache DBF...
[POS] Cargando DBF...
[POS] MAPRE: 40640
[POS] DPOFE: 2448
[POS] Cache cargado en 1931 ms
[POS] Refrescando cache DBF...
[POS] Cargando DBF...
[POS] MAPRE: 40640
[POS] DPOFE: 2448
[POS] Cache cargado en 1929 ms
[POS] Refrescando cache DBF...
[POS] Cargando DBF...
[POS] MAPRE: 40640
[POS] DPOFE: 2448
[POS] Cache cargado en 1913 ms
[POS] Refrescando cache DBF...
[POS] Cargando DBF...
[POS] MAPRE: 40640
[POS] DPOFE: 2448
[POS] Cache cargado en 1926 ms
[POS] Refrescando cache DBF...
[POS] Cargando DBF...
[POS] MAPRE: 40640
[POS] DPOFE: 2448
[POS] Cache cargado en 1920 ms
[POS] Refrescando cache DBF...
[POS] Cargando DBF...
[POS] MAPRE: 40640
[POS] DPOFE: 2448
[POS] Cache cargado en 1919 ms
[POS] Refrescando cache DBF...
[POS] Cargando DBF...
[POS] MAPRE: 40640
[POS] DPOFE: 2448
[POS] Cache cargado en 1899 ms
[POS] Refrescando cache DBF...
[POS] Cargando DBF...
[POS] MAPRE: 40640
[POS] DPOFE: 2448
[POS] Cache cargado en 1899 ms
[POS] Refrescando cache DBF...
[POS] Cargando DBF...
[POS] MAPRE: 40640
[POS] DPOFE: 2448
[POS] Cache cargado en 1932 ms
[POS] Refrescando cache DBF...
[POS] Cargando DBF...
[POS] MAPRE: 40640
[POS] DPOFE: 2448
[POS] Cache cargado en 1914 ms
[POS] Refrescando cache DBF...
[POS] Cargando DBF...
[POS] MAPRE: 40640
[POS] DPOFE: 2448
[POS] Cache cargado en 1913 ms
[POS] Refrescando cache DBF...
[POS] Cargando DBF...
[POS] MAPRE: 40640
[POS] DPOFE: 2448
[POS] Cache cargado en 1913 ms
[POS] Refrescando cache DBF...
[POS] Cargando DBF...
[POS] MAPRE: 40640
[POS] DPOFE: 2448
[POS] Cache cargado en 1933 ms
[POS] Refrescando cache DBF...
[POS] Cargando DBF...
[POS] MAPRE: 40640
[POS] DPOFE: 2448
[POS] Cache cargado en 1914 ms
[POS] Refrescando cache DBF...
[POS] Cargando DBF...
[POS] MAPRE: 40640
[POS] DPOFE: 2448
[POS] Cache cargado en 1919 ms
[POS] Refrescando cache DBF...
[POS] Cargando DBF...
[POS] MAPRE: 40640
[POS] DPOFE: 2448
[POS] Cache cargado en 1902 ms
[POS] Refrescando cache DBF...
[POS] Cargando DBF...
[POS] MAPRE: 40640
[POS] DPOFE: 2448
[POS] Cache cargado en 1914 ms
[POS] Refrescando cache DBF...
[POS] Cargando DBF...
[POS] MAPRE: 40640
[POS] DPOFE: 2448
[POS] Cache cargado en 1903 ms
[POS] Refrescando cache DBF...
[POS] Cargando DBF...
[POS] MAPRE: 40640
[POS] DPOFE: 2448
[POS] Cache cargado en 1914 ms
[POS] Refrescando cache DBF...
[POS] Cargando DBF...
[POS] MAPRE: 40640
[POS] DPOFE: 2448
[POS] Cache cargado en 1920 ms
[POS] Refrescando cache DBF...
[POS] Cargando DBF...
[POS] MAPRE: 40640
[POS] DPOFE: 2448
[POS] Cache cargado en 1926 ms
[POS] Refrescando cache DBF...
[POS] Cargando DBF...
[POS] MAPRE: 40640
[POS] DPOFE: 2448
[POS] Cache cargado en 1899 ms
[POS] Refrescando cache DBF...
[POS] Cargando DBF...
[POS] MAPRE: 40640
[POS] DPOFE: 2448
[POS] Cache cargado en 1918 ms
[POS] Refrescando cache DBF...
[POS] Cargando DBF...
[POS] MAPRE: 40640
[POS] DPOFE: 2448
[POS] Cache cargado en 1918 ms
[POS] Refrescando cache DBF...
[POS] Cargando DBF...
[POS] MAPRE: 40640
[POS] DPOFE: 2448
[POS] Cache cargado en 1929 ms
[POS] Refrescando cache DBF...
[POS] Cargando DBF...
[POS] MAPRE: 40640
[POS] DPOFE: 2448
[POS] Cache cargado en 1904 ms
[POS] Refrescando cache DBF...
[POS] Cargando DBF...
[POS] MAPRE: 40640
[POS] DPOFE: 2448
[POS] Cache cargado en 1913 ms
[POS] Refrescando cache DBF...
[POS] Cargando DBF...
[POS] MAPRE: 40640
[POS] DPOFE: 2448
[POS] Cache cargado en 1972 ms
[POS] Refrescando cache DBF...
[POS] Cargando DBF...
[POS] MAPRE: 40640
[POS] DPOFE: 2448
[POS] Cache cargado en 1960 ms
[POS] Refrescando cache DBF...
[POS] Cargando DBF...
[POS] MAPRE: 40640
[POS] DPOFE: 2448
[POS] Cache cargado en 1930 ms
[POS] Refrescando cache DBF...
[POS] Cargando DBF...
[POS] MAPRE: 40640
[POS] DPOFE: 2448
[POS] Cache cargado en 1917 ms
[POS] Refrescando cache DBF...
[POS] Cargando DBF...
[POS] MAPRE: 40640
[POS] DPOFE: 2448
[POS] Cache cargado en 1917 ms
[POS] Refrescando cache DBF...
[POS] Cargando DBF...
[POS] MAPRE: 40640
[POS] DPOFE: 2448
[POS] Cache cargado en 1931 ms
[POS] Refrescando cache DBF...
[POS] Cargando DBF...
[POS] MAPRE: 40640
[POS] DPOFE: 2448
[POS] Cache cargado en 1956 ms
[POS] Refrescando cache DBF...
[POS] Cargando DBF...
[POS] MAPRE: 40640
[POS] DPOFE: 2448
[POS] Cache cargado en 1934 ms
[POS] Refrescando cache DBF...
[POS] Cargando DBF...
[POS] MAPRE: 40640
[POS] DPOFE: 2448
[POS] Cache cargado en 1922 ms
[POS] Refrescando cache DBF...
[POS] Cargando DBF...
[POS] MAPRE: 40640
[POS] DPOFE: 2448
[POS] Cache cargado en 1924 ms
[POS] Refrescando cache DBF...
[POS] Cargando DBF...
[POS] MAPRE: 40640
[POS] DPOFE: 2448
[POS] Cache cargado en 1910 ms
[POS] Refrescando cache DBF...
[POS] Cargando DBF...
[POS] MAPRE: 40640
[POS] DPOFE: 2448
[POS] Cache cargado en 1911 ms
[POS] Refrescando cache DBF...
[POS] Cargando DBF...
[POS] MAPRE: 40640
[POS] DPOFE: 2448
[POS] Cache cargado en 1942 ms
[POS] Refrescando cache DBF...
[POS] Cargando DBF...
[POS] MAPRE: 40640
[POS] DPOFE: 2448
[POS] Cache cargado en 1925 ms
[POS] Refrescando cache DBF...
[POS] Cargando DBF...
[POS] MAPRE: 40640
[POS] DPOFE: 2448
[POS] Cache cargado en 1921 ms
[POS] Refrescando cache DBF...
[POS] Cargando DBF...
[POS] MAPRE: 40640
[POS] DPOFE: 2448
[POS] Cache cargado en 1927 ms
[POS] Refrescando cache DBF...
[POS] Cargando DBF...
[POS] MAPRE: 40640
[POS] DPOFE: 2448
[POS] Cache cargado en 1922 ms
[POS] Refrescando cache DBF...
[POS] Cargando DBF...
[POS] MAPRE: 40640
[POS] DPOFE: 2448
[POS] Cache cargado en 1948 ms
[POS] Refrescando cache DBF...
[POS] Cargando DBF...
[POS] MAPRE: 40640
[POS] DPOFE: 2448
[POS] Cache cargado en 1917 ms
[POS] Refrescando cache DBF...
[POS] Cargando DBF...
[POS] MAPRE: 40640
[POS] DPOFE: 2448
[POS] Cache cargado en 1947 ms
[POS] Refrescando cache DBF...
[POS] Cargando DBF...
[POS] MAPRE: 40640
[POS] DPOFE: 2448
[POS] Cache cargado en 1906 ms
[POS] Refrescando cache DBF...
[POS] Cargando DBF...
[POS] MAPRE: 40640
[POS] DPOFE: 2448
[POS] Cache cargado en 1915 ms
[POS] Refrescando cache DBF...
[POS] Cargando DBF...
[POS] MAPRE: 40640
[POS] DPOFE: 2448
[POS] Cache cargado en 1910 ms
[POS] Refrescando cache DBF...
[POS] Cargando DBF...
[POS] MAPRE: 40640
[POS] DPOFE: 2448
[POS] Cache cargado en 1911 ms
[POS] Refrescando cache DBF...
[POS] Cargando DBF...
[POS] MAPRE: 40640
[POS] DPOFE: 2448
[POS] Cache cargado en 1916 ms
[POS] Refrescando cache DBF...
[POS] Cargando DBF...
[POS] MAPRE: 40640
[POS] DPOFE: 2448
[POS] Cache cargado en 1919 ms
[POS] Refrescando cache DBF...
[POS] Cargando DBF...
[POS] MAPRE: 40640
[POS] DPOFE: 2448
[POS] Cache cargado en 1910 ms
[POS] Refrescando cache DBF...
[POS] Cargando DBF...
[POS] MAPRE: 40640
[POS] DPOFE: 2448
[POS] Cache cargado en 1925 ms
[POS] Refrescando cache DBF...
[POS] Cargando DBF...
[POS] MAPRE: 40640
[POS] DPOFE: 2448
[POS] Cache cargado en 1924 ms
[POS] Refrescando cache DBF...
[POS] Cargando DBF...
[POS] MAPRE: 40640
[POS] DPOFE: 2448
[POS] Cache cargado en 1930 ms
[POS] Refrescando cache DBF...
[POS] Cargando DBF...
[POS] MAPRE: 40640
[POS] DPOFE: 2448
[POS] Cache cargado en 1924 ms
[POS] Refrescando cache DBF...
[POS] Cargando DBF...
[POS] MAPRE: 40640
[POS] DPOFE: 2448
[POS] Cache cargado en 1918 ms
[POS] Refrescando cache DBF...
[POS] Cargando DBF...
[POS] MAPRE: 40640
[POS] DPOFE: 2448
[POS] Cache cargado en 1892 ms
[POS] Refrescando cache DBF...
[POS] Cargando DBF...
[POS] MAPRE: 40640
[POS] DPOFE: 2448
[POS] Cache cargado en 1934 ms
[POS] Refrescando cache DBF...
[POS] Cargando DBF...
[POS] MAPRE: 40640
[POS] DPOFE: 2448
[POS] Cache cargado en 1919 ms
[POS] Refrescando cache DBF...
[POS] Cargando DBF...
[POS] MAPRE: 40640
[POS] DPOFE: 2448
[POS] Cache cargado en 1895 ms
[POS] Refrescando cache DBF...
[POS] Cargando DBF...
[POS] MAPRE: 40640
[POS] DPOFE: 2448
[POS] Cache cargado en 1925 ms
[POS] Refrescando cache DBF...
[POS] Cargando DBF...
[POS] MAPRE: 40640
[POS] DPOFE: 2448
[POS] Cache cargado en 1930 ms
[POS] Refrescando cache DBF...
[POS] Cargando DBF...
[POS] MAPRE: 40640
[POS] DPOFE: 2448
[POS] Cache cargado en 1910 ms
[POS] Refrescando cache DBF...
[POS] Cargando DBF...
[POS] MAPRE: 40640
[POS] DPOFE: 2448
[POS] Cache cargado en 1911 ms
[POS] Refrescando cache DBF...
[POS] Cargando DBF...
[POS] MAPRE: 40640
[POS] DPOFE: 2448
[POS] Cache cargado en 1917 ms
[POS] Refrescando cache DBF...
[POS] Cargando DBF...
[POS] MAPRE: 40640
[POS] DPOFE: 2448
[POS] Cache cargado en 1931 ms
[POS] Refrescando cache DBF...
[POS] Cargando DBF...
[POS] MAPRE: 40640
[POS] DPOFE: 2448
[POS] Cache cargado en 1902 ms
[POS] Refrescando cache DBF...
[POS] Cargando DBF...
[POS] MAPRE: 40640
[POS] DPOFE: 2448
[POS] Cache cargado en 1914 ms
[POS] Refrescando cache DBF...
[POS] Cargando DBF...
[POS] MAPRE: 40640
[POS] DPOFE: 2448
[POS] Cache cargado en 1911 ms
[POS] Refrescando cache DBF...
[POS] Cargando DBF...
[POS] MAPRE: 40640
[POS] DPOFE: 2448
[POS] Cache cargado en 1905 ms
[POS] Refrescando cache DBF...
[POS] Cargando DBF...
[POS] MAPRE: 40640
[POS] DPOFE: 2448
[POS] Cache cargado en 1925 ms
[POS] Refrescando cache DBF...
[POS] Cargando DBF...
[POS] MAPRE: 40640
[POS] DPOFE: 2448
[POS] Cache cargado en 1917 ms
[POS] Refrescando cache DBF...
[POS] Cargando DBF...
[POS] MAPRE: 40640
[POS] DPOFE: 2448
[POS] Cache cargado en 1935 ms
[POS] Refrescando cache DBF...
[POS] Cargando DBF...
[POS] MAPRE: 40640
[POS] DPOFE: 2448
[POS] Cache cargado en 1923 ms
[POS] Refrescando cache DBF...
[POS] Cargando DBF...
[POS] MAPRE: 40640
[POS] DPOFE: 2448
[POS] Cache cargado en 1907 ms
[POS] Refrescando cache DBF...
[POS] Cargando DBF...
[POS] MAPRE: 40640
[POS] DPOFE: 2448
[POS] Cache cargado en 1924 ms
[POS] Refrescando cache DBF...
[POS] Cargando DBF...
[POS] MAPRE: 40640
[POS] DPOFE: 2448
[POS] Cache cargado en 1922 ms
[POS] Refrescando cache DBF...
[POS] Cargando DBF...
[POS] MAPRE: 40640
[POS] DPOFE: 2448
[POS] Cache cargado en 1920 ms
[POS] Refrescando cache DBF...
[POS] Cargando DBF...
[POS] MAPRE: 40640
[POS] DPOFE: 2448
[POS] Cache cargado en 1918 ms
[POS] Refrescando cache DBF...
[POS] Cargando DBF...
[POS] MAPRE: 40640
[POS] DPOFE: 2448
[POS] Cache cargado en 1916 ms
[POS] Refrescando cache DBF...
[POS] Cargando DBF...
[POS] MAPRE: 40640
[POS] DPOFE: 2448
[POS] Cache cargado en 1906 ms
[POS] Refrescando cache DBF...
[POS] Cargando DBF...
[POS] MAPRE: 40640
[POS] DPOFE: 2448
[POS] Cache cargado en 1958 ms
[POS] Refrescando cache DBF...
[POS] Cargando DBF...
[POS] MAPRE: 40640
[POS] DPOFE: 2448
[POS] Cache cargado en 1928 ms
[POS] Refrescando cache DBF...
[POS] Cargando DBF...
[POS] MAPRE: 40640
[POS] DPOFE: 2448
[POS] Cache cargado en 1897 ms
[POS] Refrescando cache DBF...
[POS] Cargando DBF...
[POS] MAPRE: 40640
[POS] DPOFE: 2448
[POS] Cache cargado en 1926 ms
[POS] Refrescando cache DBF...
[POS] Cargando DBF...
[POS] MAPRE: 40640
[POS] DPOFE: 2448
[POS] Cache cargado en 1948 ms
[POS] Refrescando cache DBF...
[POS] Cargando DBF...
[POS] MAPRE: 40640
[POS] DPOFE: 2448
[POS] Cache cargado en 1919 ms
[POS] Refrescando cache DBF...
[POS] Cargando DBF...
[POS] MAPRE: 40640
[POS] DPOFE: 2448
[POS] Cache cargado en 1897 ms
[POS] Refrescando cache DBF...
[POS] Cargando DBF...
[POS] MAPRE: 40640
[POS] DPOFE: 2448
[POS] Cache cargado en 1913 ms
[POS] Refrescando cache DBF...
[POS] Cargando DBF...
[POS] MAPRE: 40640
[POS] DPOFE: 2448
[POS] Cache cargado en 1932 ms
[POS] Refrescando cache DBF...
[POS] Cargando DBF...
[POS] MAPRE: 40640
[POS] DPOFE: 2448
[POS] Cache cargado en 1910 ms
[POS] Refrescando cache DBF...
[POS] Cargando DBF...
[POS] MAPRE: 40640
[POS] DPOFE: 2448
[POS] Cache cargado en 1900 ms
[POS] Refrescando cache DBF...
[POS] Cargando DBF...
[POS] MAPRE: 40640
[POS] DPOFE: 2448
[POS] Cache cargado en 1907 ms
[POS] Refrescando cache DBF...
[POS] Cargando DBF...
[POS] MAPRE: 40640
[POS] DPOFE: 2448
[POS] Cache cargado en 1926 ms
[POS] Refrescando cache DBF...
[POS] Cargando DBF...
[POS] MAPRE: 40640
[POS] DPOFE: 2448
[POS] Cache cargado en 1914 ms
[POS] Refrescando cache DBF...
[POS] Cargando DBF...
[POS] MAPRE: 40640
[POS] DPOFE: 2448
[POS] Cache cargado en 1931 ms
[POS] Refrescando cache DBF...
[POS] Cargando DBF...
[POS] MAPRE: 40640
[POS] DPOFE: 2448
[POS] Cache cargado en 1934 ms
[POS] Refrescando cache DBF...
[POS] Cargando DBF...
[POS] MAPRE: 40640
[POS] DPOFE: 2448
[POS] Cache cargado en 1945 ms
[POS] Refrescando cache DBF...
[POS] Cargando DBF...
[POS] MAPRE: 40640
[POS] DPOFE: 2448
[POS] Cache cargado en 1919 ms
[POS] Refrescando cache DBF...
[POS] Cargando DBF...
[POS] MAPRE: 40640
[POS] DPOFE: 2448
[POS] Cache cargado en 1916 ms
[POS] Refrescando cache DBF...
[POS] Cargando DBF...
[POS] MAPRE: 40640
[POS] DPOFE: 2448
[POS] Cache cargado en 1915 ms
[POS] Refrescando cache DBF...
[POS] Cargando DBF...
[POS] MAPRE: 40640
[POS] DPOFE: 2448
[POS] Cache cargado en 1925 ms
[POS] Refrescando cache DBF...
[POS] Cargando DBF...
[POS] MAPRE: 40640
[POS] DPOFE: 2448
[POS] Cache cargado en 1903 ms
[POS] Refrescando cache DBF...
[POS] Cargando DBF...
[POS] MAPRE: 40640
[POS] DPOFE: 2448
[POS] Cache cargado en 1922 ms
[POS] Refrescando cache DBF...
[POS] Cargando DBF...
[POS] MAPRE: 40640
[POS] DPOFE: 2448
[POS] Cache cargado en 1895 ms
[POS] Refrescando cache DBF...
[POS] Cargando DBF...
[POS] MAPRE: 40640
[POS] DPOFE: 2448
[POS] Cache cargado en 1915 ms
[POS] Refrescando cache DBF...
[POS] Cargando DBF...
[POS] MAPRE: 40640
[POS] DPOFE: 2448
[POS] Cache cargado en 1913 ms
[POS] Refrescando cache DBF...
[POS] Cargando DBF...
[POS] MAPRE: 40640
[POS] DPOFE: 2448
[POS] Cache cargado en 1908 ms
[POS] Refrescando cache DBF...
[POS] Cargando DBF...
[POS] MAPRE: 40640
[POS] DPOFE: 2448
[POS] Cache cargado en 1920 ms
[POS] Refrescando cache DBF...
[POS] Cargando DBF...
[POS] MAPRE: 40640
[POS] DPOFE: 2448
[POS] Cache cargado en 1929 ms
[POS] Refrescando cache DBF...
[POS] Cargando DBF...
[POS] MAPRE: 40640
[POS] DPOFE: 2448
[POS] Cache cargado en 1905 ms
[POS] Refrescando cache DBF...
[POS] Cargando DBF...
[POS] MAPRE: 40640
[POS] DPOFE: 2448
[POS] Cache cargado en 1923 ms
[POS] Refrescando cache DBF...
[POS] Cargando DBF...
[POS] MAPRE: 40640
[POS] DPOFE: 2448
[POS] Cache cargado en 1919 ms
[POS] Refrescando cache DBF...
[POS] Cargando DBF...
[POS] MAPRE: 40640
[POS] DPOFE: 2448
[POS] Cache cargado en 1945 ms
[POS] Refrescando cache DBF...
[POS] Cargando DBF...
[POS] MAPRE: 40640
[POS] DPOFE: 2448
[POS] Cache cargado en 1924 ms
[POS] Refrescando cache DBF...
[POS] Cargando DBF...
[POS] MAPRE: 40640
[POS] DPOFE: 2448
[POS] Cache cargado en 1931 ms
[POS] Refrescando cache DBF...
[POS] Cargando DBF...
[POS] MAPRE: 40640
[POS] DPOFE: 2448
[POS] Cache cargado en 1900 ms
[POS] Refrescando cache DBF...
[POS] Cargando DBF...
[POS] MAPRE: 40640
[POS] DPOFE: 2448
[POS] Cache cargado en 1929 ms
[POS] Refrescando cache DBF...
[POS] Cargando DBF...
[POS] MAPRE: 40640
[POS] DPOFE: 2448
[POS] Cache cargado en 1908 ms
[POS] Refrescando cache DBF...
[POS] Cargando DBF...
[POS] MAPRE: 40640
[POS] DPOFE: 2448
[POS] Cache cargado en 1919 ms
[POS] Refrescando cache DBF...
[POS] Cargando DBF...
[POS] MAPRE: 40640
[POS] DPOFE: 2448
[POS] Cache cargado en 1907 ms
[POS] Refrescando cache DBF...
[POS] Cargando DBF...
[POS] MAPRE: 40640
[POS] DPOFE: 2448
[POS] Cache cargado en 1910 ms
[POS] Refrescando cache DBF...
[POS] Cargando DBF...
[POS] MAPRE: 40640
[POS] DPOFE: 2448
[POS] Cache cargado en 1914 ms
[POS] Refrescando cache DBF...
[POS] Cargando DBF...
[POS] MAPRE: 40640
[POS] DPOFE: 2448
[POS] Cache cargado en 1922 ms
[POS] Refrescando cache DBF...
[POS] Cargando DBF...
[POS] MAPRE: 40640
[POS] DPOFE: 2448
[POS] Cache cargado en 1903 ms
[POS] Refrescando cache DBF...
[POS] Cargando DBF...
[POS] MAPRE: 40640
[POS] DPOFE: 2448
[POS] Cache cargado en 1931 ms
[POS] Refrescando cache DBF...
[POS] Cargando DBF...
[POS] MAPRE: 40640
[POS] DPOFE: 2448
[POS] Cache cargado en 1915 ms
[POS] Refrescando cache DBF...
[POS] Cargando DBF...
[POS] MAPRE: 40640
[POS] DPOFE: 2448
[POS] Cache cargado en 1909 ms
[POS] Refrescando cache DBF...
[POS] Cargando DBF...
[POS] MAPRE: 40640
[POS] DPOFE: 2448
[POS] Cache cargado en 1905 ms
[POS] Refrescando cache DBF...
[POS] Cargando DBF...
[POS] MAPRE: 40640
[POS] DPOFE: 2448
[POS] Cache cargado en 1928 ms
[POS] Refrescando cache DBF...
[POS] Cargando DBF...
[POS] MAPRE: 40640
[POS] DPOFE: 2448
[POS] Cache cargado en 1924 ms
[POS] Refrescando cache DBF...
[POS] Cargando DBF...
[POS] MAPRE: 40640
[POS] DPOFE: 2448
[POS] Cache cargado en 1924 ms
[POS] Refrescando cache DBF...
[POS] Cargando DBF...
[POS] MAPRE: 40640
[POS] DPOFE: 2448
[POS] Cache cargado en 1922 ms
[POS] Refrescando cache DBF...
[POS] Cargando DBF...
[POS] MAPRE: 40640
[POS] DPOFE: 2448
[POS] Cache cargado en 1919 ms
[POS] Refrescando cache DBF...
[POS] Cargando DBF...
[POS] MAPRE: 40640
[POS] DPOFE: 2448
[POS] Cache cargado en 1912 ms
[POS] Refrescando cache DBF...
[POS] Cargando DBF...
[POS] MAPRE: 40640
[POS] DPOFE: 2448
[POS] Cache cargado en 1908 ms
[POS] Refrescando cache DBF...
[POS] Cargando DBF...
[POS] MAPRE: 40640
[POS] DPOFE: 2448
[POS] Cache cargado en 1903 ms
[POS] Refrescando cache DBF...
[POS] Cargando DBF...
[POS] MAPRE: 40640
[POS] DPOFE: 2448
[POS] Cache cargado en 1928 ms
[POS] Refrescando cache DBF...
[POS] Cargando DBF...
[POS] MAPRE: 40640
[POS] DPOFE: 2448
[POS] Cache cargado en 1898 ms
[POS] Refrescando cache DBF...
[POS] Cargando DBF...
[POS] MAPRE: 40640
[POS] DPOFE: 2448
[POS] Cache cargado en 1916 ms
[POS] Refrescando cache DBF...
[POS] Cargando DBF...
[POS] MAPRE: 40640
[POS] DPOFE: 2448
[POS] Cache cargado en 1911 ms
[POS] Refrescando cache DBF...
[POS] Cargando DBF...
[POS] MAPRE: 40640
[POS] DPOFE: 2448
[POS] Cache cargado en 1934 ms
[POS] Refrescando cache DBF...
[POS] Cargando DBF...
[POS] MAPRE: 40640
[POS] DPOFE: 2448
[POS] Cache cargado en 1910 ms
[POS] Refrescando cache DBF...
[POS] Cargando DBF...
[POS] MAPRE: 40640
[POS] DPOFE: 2448
[POS] Cache cargado en 1891 ms
[POS] Refrescando cache DBF...
[POS] Cargando DBF...
[POS] MAPRE: 40640
[POS] DPOFE: 2448
[POS] Cache cargado en 1907 ms
[POS] Refrescando cache DBF...
[POS] Cargando DBF...
[POS] MAPRE: 40640
[POS] DPOFE: 2448
[POS] Cache cargado en 1935 ms
[POS] Refrescando cache DBF...
[POS] Cargando DBF...
[POS] MAPRE: 40640
[POS] DPOFE: 2448
[POS] Cache cargado en 1906 ms
[POS] Refrescando cache DBF...
[POS] Cargando DBF...
[POS] MAPRE: 40640
[POS] DPOFE: 2448
[POS] Cache cargado en 1914 ms
[POS] Refrescando cache DBF...
[POS] Cargando DBF...
[POS] MAPRE: 40640
[POS] DPOFE: 2448
[POS] Cache cargado en 1907 ms
[POS] Refrescando cache DBF...
[POS] Cargando DBF...
[POS] MAPRE: 40640
[POS] DPOFE: 2448
[POS] Cache cargado en 1929 ms
[POS] Refrescando cache DBF...
[POS] Cargando DBF...
[POS] MAPRE: 40640
[POS] DPOFE: 2448
[POS] Cache cargado en 1932 ms
[POS] Refrescando cache DBF...
[POS] Cargando DBF...
[POS] MAPRE: 40640
[POS] DPOFE: 2448
[POS] Cache cargado en 1931 ms
[POS] Refrescando cache DBF...
[POS] Cargando DBF...
[POS] MAPRE: 40640
[POS] DPOFE: 2448
[POS] Cache cargado en 1898 ms
[POS] Refrescando cache DBF...
[POS] Cargando DBF...
[POS] MAPRE: 40640
[POS] DPOFE: 2448
[POS] Cache cargado en 1897 ms
[POS] Refrescando cache DBF...
[POS] Cargando DBF...
[POS] MAPRE: 40640
[POS] DPOFE: 2448
[POS] Cache cargado en 1906 ms
[POS] Refrescando cache DBF...
[POS] Cargando DBF...
[POS] MAPRE: 40640
[POS] DPOFE: 2448
[POS] Cache cargado en 1919 ms
[POS] Refrescando cache DBF...
[POS] Cargando DBF...
[POS] MAPRE: 40640
[POS] DPOFE: 2448
[POS] Cache cargado en 1909 ms
[POS] Refrescando cache DBF...
[POS] Cargando DBF...
[POS] MAPRE: 40640
[POS] DPOFE: 2448
[POS] Cache cargado en 1930 ms
[POS] Refrescando cache DBF...
[POS] Cargando DBF...
[POS] MAPRE: 40640
[POS] DPOFE: 2448
[POS] Cache cargado en 1900 ms
[POS] Refrescando cache DBF...
[POS] Cargando DBF...
[POS] MAPRE: 40640
[POS] DPOFE: 2448
[POS] Cache cargado en 1923 ms
[POS] Refrescando cache DBF...
[POS] Cargando DBF...
[POS] MAPRE: 40640
[POS] DPOFE: 2448
[POS] Cache cargado en 1917 ms
[POS] Refrescando cache DBF...
[POS] Cargando DBF...
[POS] MAPRE: 40640
[POS] DPOFE: 2448
[POS] Cache cargado en 1942 ms
[POS] Refrescando cache DBF...
[POS] Cargando DBF...
[POS] MAPRE: 40640
[POS] DPOFE: 2448
[POS] Cache cargado en 1905 ms
[POS] Refrescando cache DBF...
[POS] Cargando DBF...
[POS] MAPRE: 40640
[POS] DPOFE: 2448
[POS] Cache cargado en 1921 ms
[POS] Refrescando cache DBF...
[POS] Cargando DBF...
[POS] MAPRE: 40640
[POS] DPOFE: 2448
[POS] Cache cargado en 1912 ms
[POS] Refrescando cache DBF...
[POS] Cargando DBF...
[POS] MAPRE: 40640
[POS] DPOFE: 2448
[POS] Cache cargado en 1921 ms
[POS] Refrescando cache DBF...
[POS] Cargando DBF...
[POS] MAPRE: 40640
[POS] DPOFE: 2448
[POS] Cache cargado en 1916 ms
[POS] Refrescando cache DBF...
[POS] Cargando DBF...
[POS] MAPRE: 40640
[POS] DPOFE: 2448
[POS] Cache cargado en 1911 ms
[POS] Refrescando cache DBF...
[POS] Cargando DBF...
[POS] MAPRE: 40640
[POS] DPOFE: 2448
[POS] Cache cargado en 1915 ms
[POS] Refrescando cache DBF...
[POS] Cargando DBF...
[POS] MAPRE: 40640
[POS] DPOFE: 2448
[POS] Cache cargado en 1922 ms
[POS] Refrescando cache DBF...
[POS] Cargando DBF...
[POS] MAPRE: 40640
[POS] DPOFE: 2448
[POS] Cache cargado en 1911 ms
[POS] Refrescando cache DBF...
[POS] Cargando DBF...
[POS] MAPRE: 40640
[POS] DPOFE: 2448
[POS] Cache cargado en 1918 ms
[POS] Refrescando cache DBF...
[POS] Cargando DBF...
[POS] MAPRE: 40640
[POS] DPOFE: 2448
[POS] Cache cargado en 1910 ms
[POS] Refrescando cache DBF...
[POS] Cargando DBF...
[POS] MAPRE: 40640
[POS] DPOFE: 2448
[POS] Cache cargado en 1939 ms
[POS] Refrescando cache DBF...
[POS] Cargando DBF...
[POS] MAPRE: 40640
[POS] DPOFE: 2448
[POS] Cache cargado en 1912 ms
[POS] Refrescando cache DBF...
[POS] Cargando DBF...
[POS] MAPRE: 40640
[POS] DPOFE: 2448
[POS] Cache cargado en 1915 ms
[POS] Refrescando cache DBF...
[POS] Cargando DBF...
[POS] MAPRE: 40640
[POS] DPOFE: 2448
[POS] Cache cargado en 1928 ms
[POS] Refrescando cache DBF...
[POS] Cargando DBF...
[POS] MAPRE: 40640
[POS] DPOFE: 2448
[POS] Cache cargado en 1918 ms
[POS] Refrescando cache DBF...
[POS] Cargando DBF...
[POS] MAPRE: 40640
[POS] DPOFE: 2448
[POS] Cache cargado en 1937 ms
[POS] Refrescando cache DBF...
[POS] Cargando DBF...
[POS] MAPRE: 40640
[POS] DPOFE: 2448
[POS] Cache cargado en 1916 ms
[POS] Refrescando cache DBF...
[POS] Cargando DBF...
[POS] MAPRE: 40640
[POS] DPOFE: 2448
[POS] Cache cargado en 1937 ms
[POS] Refrescando cache DBF...
[POS] Cargando DBF...
[POS] MAPRE: 40640
[POS] DPOFE: 2448
[POS] Cache cargado en 1933 ms
[POS] Refrescando cache DBF...
[POS] Cargando DBF...
[POS] MAPRE: 40640
[POS] DPOFE: 2448
[POS] Cache cargado en 1917 ms
[POS] Refrescando cache DBF...
[POS] Cargando DBF...
[POS] MAPRE: 40640
[POS] DPOFE: 2448
[POS] Cache cargado en 1903 ms
[POS] Refrescando cache DBF...
[POS] Cargando DBF...
[POS] MAPRE: 40640
[POS] DPOFE: 2448
[POS] Cache cargado en 1911 ms
[POS] Refrescando cache DBF...
[POS] Cargando DBF...
[POS] MAPRE: 40640
[POS] DPOFE: 2448
[POS] Cache cargado en 1930 ms
[POS] Refrescando cache DBF...
[POS] Cargando DBF...
[POS] MAPRE: 40640
[POS] DPOFE: 2448
[POS] Cache cargado en 1916 ms
[POS] Refrescando cache DBF...
[POS] Cargando DBF...
[POS] MAPRE: 40640
[POS] DPOFE: 2448
[POS] Cache cargado en 1922 ms
[POS] Refrescando cache DBF...
[POS] Cargando DBF...
[POS] MAPRE: 40640
[POS] DPOFE: 2448
[POS] Cache cargado en 1911 ms
[POS] Refrescando cache DBF...
[POS] Cargando DBF...
[POS] MAPRE: 40640
[POS] DPOFE: 2448
[POS] Cache cargado en 1919 ms
[POS] Refrescando cache DBF...
[POS] Cargando DBF...
[POS] MAPRE: 40640
[POS] DPOFE: 2448
[POS] Cache cargado en 1911 ms
[POS] Refrescando cache DBF...
[POS] Cargando DBF...
[POS] MAPRE: 40640
[POS] DPOFE: 2448
[POS] Cache cargado en 1928 ms
[POS] Refrescando cache DBF...
[POS] Cargando DBF...
[POS] MAPRE: 40640
[POS] DPOFE: 2448
[POS] Cache cargado en 1911 ms
[POS] Refrescando cache DBF...
[POS] Cargando DBF...
[POS] MAPRE: 40640
[POS] DPOFE: 2448
[POS] Cache cargado en 1924 ms
[POS] Refrescando cache DBF...
[POS] Cargando DBF...
[POS] MAPRE: 40640
[POS] DPOFE: 2448
[POS] Cache cargado en 1908 ms
[POS] Refrescando cache DBF...
[POS] Cargando DBF...
[POS] MAPRE: 40640
[POS] DPOFE: 2448
[POS] Cache cargado en 1906 ms
[POS] Refrescando cache DBF...
[POS] Cargando DBF...
[POS] MAPRE: 40640
[POS] DPOFE: 2448
[POS] Cache cargado en 1922 ms
[POS] Refrescando cache DBF...
[POS] Cargando DBF...
[POS] MAPRE: 40640
[POS] DPOFE: 2448
[POS] Cache cargado en 1932 ms
[POS] Refrescando cache DBF...
[POS] Cargando DBF...
[POS] MAPRE: 40640
[POS] DPOFE: 2448
[POS] Cache cargado en 1918 ms
[POS] Refrescando cache DBF...
[POS] Cargando DBF...
[POS] MAPRE: 40640
[POS] DPOFE: 2448
[POS] Cache cargado en 1906 ms
[POS] Refrescando cache DBF...
[POS] Cargando DBF...
[POS] MAPRE: 40640
[POS] DPOFE: 2448
[POS] Cache cargado en 1911 ms
[POS] Refrescando cache DBF...
[POS] Cargando DBF...
[POS] MAPRE: 40640
[POS] DPOFE: 2448
[POS] Cache cargado en 1931 ms
[POS] Refrescando cache DBF...
[POS] Cargando DBF...
[POS] MAPRE: 40640
[POS] DPOFE: 2448
[POS] Cache cargado en 1921 ms
[POS] Refrescando cache DBF...
[POS] Cargando DBF...
[POS] MAPRE: 40640
[POS] DPOFE: 2448
[POS] Cache cargado en 1920 ms
[POS] Refrescando cache DBF...
[POS] Cargando DBF...
[POS] MAPRE: 40640
[POS] DPOFE: 2448
[POS] Cache cargado en 1902 ms
[POS] Refrescando cache DBF...
[POS] Cargando DBF...
[POS] MAPRE: 40640
[POS] DPOFE: 2448
[POS] Cache cargado en 1934 ms
[POS] Refrescando cache DBF...
[POS] Cargando DBF...
[POS] MAPRE: 40640
[POS] DPOFE: 2448
[POS] Cache cargado en 1924 ms
[POS] Refrescando cache DBF...
[POS] Cargando DBF...
[POS] MAPRE: 40640
[POS] DPOFE: 2448
[POS] Cache cargado en 1916 ms
[POS] Refrescando cache DBF...
[POS] Cargando DBF...
[POS] MAPRE: 40640
[POS] DPOFE: 2448
[POS] Cache cargado en 1911 ms
[POS] Refrescando cache DBF...
[POS] Cargando DBF...
[POS] MAPRE: 40640
[POS] DPOFE: 2448
[POS] Cache cargado en 1929 ms
[POS] Refrescando cache DBF...
[POS] Cargando DBF...
[POS] MAPRE: 40640
[POS] DPOFE: 2448
[POS] Cache cargado en 1917 ms
[POS] Refrescando cache DBF...
[POS] Cargando DBF...
[POS] MAPRE: 40640
[POS] DPOFE: 2448
[POS] Cache cargado en 1909 ms
[POS] Refrescando cache DBF...
[POS] Cargando DBF...
[POS] MAPRE: 40640
[POS] DPOFE: 2448
[POS] Cache cargado en 1903 ms
[POS] Refrescando cache DBF...
[POS] Cargando DBF...
[POS] MAPRE: 40640
[POS] DPOFE: 2448
[POS] Cache cargado en 1921 ms
[POS] Refrescando cache DBF...
[POS] Cargando DBF...
[POS] MAPRE: 40640
[POS] DPOFE: 2448
[POS] Cache cargado en 1911 ms
[POS] Refrescando cache DBF...
[POS] Cargando DBF...
[POS] MAPRE: 40640
[POS] DPOFE: 2448
[POS] Cache cargado en 1921 ms
[POS] Refrescando cache DBF...
[POS] Cargando DBF...
[POS] MAPRE: 40640
[POS] DPOFE: 2448
[POS] Cache cargado en 1920 ms
[POS] Refrescando cache DBF...
[POS] Cargando DBF...
[POS] MAPRE: 40640
[POS] DPOFE: 2448
[POS] Cache cargado en 1928 ms
[POS] Refrescando cache DBF...
[POS] Cargando DBF...
[POS] MAPRE: 40640
[POS] DPOFE: 2448
[POS] Cache cargado en 1919 ms
[POS] Refrescando cache DBF...
[POS] Cargando DBF...
[POS] MAPRE: 40640
[POS] DPOFE: 2448
[POS] Cache cargado en 1920 ms
[POS] Refrescando cache DBF...
[POS] Cargando DBF...
[POS] MAPRE: 40640
[POS] DPOFE: 2448
[POS] Cache cargado en 1909 ms
[POS] Refrescando cache DBF...
[POS] Cargando DBF...
[POS] MAPRE: 40640
[POS] DPOFE: 2448
[POS] Cache cargado en 1916 ms
[POS] Refrescando cache DBF...
[POS] Cargando DBF...
[POS] MAPRE: 40640
[POS] DPOFE: 2448
[POS] Cache cargado en 1920 ms
[POS] Refrescando cache DBF...
[POS] Cargando DBF...
[POS] MAPRE: 40640
[POS] DPOFE: 2448
[POS] Cache cargado en 1922 ms
[POS] Refrescando cache DBF...
[POS] Cargando DBF...
[POS] MAPRE: 40640
[POS] DPOFE: 2448
[POS] Cache cargado en 1907 ms
[POS] Refrescando cache DBF...
[POS] Cargando DBF...
[POS] MAPRE: 40640
[POS] DPOFE: 2448
[POS] Cache cargado en 1935 ms
[POS] Refrescando cache DBF...
[POS] Cargando DBF...
[POS] MAPRE: 40640
[POS] DPOFE: 2448
[POS] Cache cargado en 1905 ms
[POS] Refrescando cache DBF...
[POS] Cargando DBF...
[POS] MAPRE: 40640
[POS] DPOFE: 2448
[POS] Cache cargado en 1893 ms
[POS] Refrescando cache DBF...
[POS] Cargando DBF...
[POS] MAPRE: 40640
[POS] DPOFE: 2448
[POS] Cache cargado en 1913 ms
[POS] Refrescando cache DBF...
[POS] Cargando DBF...
[POS] MAPRE: 40640
[POS] DPOFE: 2448
[POS] Cache cargado en 1933 ms
[POS] Refrescando cache DBF...
[POS] Cargando DBF...
[POS] MAPRE: 40640
[POS] DPOFE: 2448
[POS] Cache cargado en 1908 ms
[POS] Refrescando cache DBF...
[POS] Cargando DBF...
[POS] MAPRE: 40640
[POS] DPOFE: 2448
[POS] Cache cargado en 1953 ms
[POS] Refrescando cache DBF...
[POS] Cargando DBF...
[POS] MAPRE: 40640
[POS] DPOFE: 2448
[POS] Cache cargado en 1905 ms
[POS] Refrescando cache DBF...
[POS] Cargando DBF...
[POS] MAPRE: 40640
[POS] DPOFE: 2448
[POS] Cache cargado en 1939 ms
[POS] Refrescando cache DBF...
[POS] Cargando DBF...
[POS] MAPRE: 40640
[POS] DPOFE: 2448
[POS] Cache cargado en 1910 ms
[POS] Refrescando cache DBF...
[POS] Cargando DBF...
[POS] MAPRE: 40640
[POS] DPOFE: 2448
[POS] Cache cargado en 1916 ms
[POS] Refrescando cache DBF...
[POS] Cargando DBF...
[POS] MAPRE: 40640
[POS] DPOFE: 2448
[POS] Cache cargado en 1930 ms
[POS] Refrescando cache DBF...
[POS] Cargando DBF...
[POS] MAPRE: 40640
[POS] DPOFE: 2448
[POS] Cache cargado en 1931 ms
[POS] Refrescando cache DBF...
[POS] Cargando DBF...
[POS] MAPRE: 40640
[POS] DPOFE: 2448
[POS] Cache cargado en 1912 ms
[POS] Refrescando cache DBF...
[POS] Cargando DBF...
[POS] MAPRE: 40640
[POS] DPOFE: 2448
[POS] Cache cargado en 1927 ms
[POS] Refrescando cache DBF...
[POS] Cargando DBF...
[POS] MAPRE: 40640
[POS] DPOFE: 2448
[POS] Cache cargado en 1910 ms
[POS] Refrescando cache DBF...
[POS] Cargando DBF...
[POS] MAPRE: 40640
[POS] DPOFE: 2448
[POS] Cache cargado en 1928 ms
[POS] Refrescando cache DBF...
[POS] Cargando DBF...
[POS] MAPRE: 40640
[POS] DPOFE: 2448
[POS] Cache cargado en 1913 ms
[POS] Refrescando cache DBF...
[POS] Cargando DBF...
[POS] MAPRE: 40640
[POS] DPOFE: 2448
[POS] Cache cargado en 1923 ms
[POS] Refrescando cache DBF...
[POS] Cargando DBF...
[POS] MAPRE: 40640
[POS] DPOFE: 2448
[POS] Cache cargado en 1918 ms
[POS] Refrescando cache DBF...
[POS] Cargando DBF...
[POS] MAPRE: 40640
[POS] DPOFE: 2448
[POS] Cache cargado en 1936 ms
[POS] Refrescando cache DBF...
[POS] Cargando DBF...
[POS] MAPRE: 40640
[POS] DPOFE: 2448
[POS] Cache cargado en 1904 ms
[POS] Refrescando cache DBF...
[POS] Cargando DBF...
[POS] MAPRE: 40640
[POS] DPOFE: 2448
[POS] Cache cargado en 1922 ms
[POS] Refrescando cache DBF...
[POS] Cargando DBF...
[POS] MAPRE: 40640
[POS] DPOFE: 2448
[POS] Cache cargado en 1909 ms
[POS] Refrescando cache DBF...
[POS] Cargando DBF...
[POS] MAPRE: 40640
[POS] DPOFE: 2448
[POS] Cache cargado en 1925 ms
[POS] Refrescando cache DBF...
[POS] Cargando DBF...
[POS] MAPRE: 40640
[POS] DPOFE: 2448
[POS] Cache cargado en 1912 ms
[POS] Refrescando cache DBF...
[POS] Cargando DBF...
[POS] MAPRE: 40640
[POS] DPOFE: 2448
[POS] Cache cargado en 1922 ms
[POS] Refrescando cache DBF...
[POS] Cargando DBF...
[POS] MAPRE: 40640
[POS] DPOFE: 2448
[POS] Cache cargado en 1924 ms
[POS] Refrescando cache DBF...
[POS] Cargando DBF...
[POS] MAPRE: 40640
[POS] DPOFE: 2448
[POS] Cache cargado en 1935 ms
[POS] Refrescando cache DBF...
[POS] Cargando DBF...
[POS] MAPRE: 40640
[POS] DPOFE: 2448
[POS] Cache cargado en 1897 ms
[POS] Refrescando cache DBF...
[POS] Cargando DBF...
[POS] MAPRE: 40640
[POS] DPOFE: 2448
[POS] Cache cargado en 1937 ms
[POS] Refrescando cache DBF...
[POS] Cargando DBF...
[POS] MAPRE: 40640
[POS] DPOFE: 2448
[POS] Cache cargado en 1923 ms
[POS] Refrescando cache DBF...
[POS] Cargando DBF...
[POS] MAPRE: 40640
[POS] DPOFE: 2448
[POS] Cache cargado en 1925 ms
[POS] Refrescando cache DBF...
[POS] Cargando DBF...
[POS] MAPRE: 40640
[POS] DPOFE: 2448
[POS] Cache cargado en 1913 ms
[POS] Refrescando cache DBF...
[POS] Cargando DBF...
[POS] MAPRE: 40640
[POS] DPOFE: 2448
[POS] Cache cargado en 1918 ms
[POS] Refrescando cache DBF...
[POS] Cargando DBF...
[POS] MAPRE: 40640
[POS] DPOFE: 2448
[POS] Cache cargado en 1912 ms
[POS] Refrescando cache DBF...
[POS] Cargando DBF...
[POS] MAPRE: 40640
[POS] DPOFE: 2448
[POS] Cache cargado en 1948 ms
[POS] Refrescando cache DBF...
[POS] Cargando DBF...
[POS] MAPRE: 40640
[POS] DPOFE: 2448
[POS] Cache cargado en 1916 ms
[POS] Refrescando cache DBF...
[POS] Cargando DBF...
[POS] MAPRE: 40640
[POS] DPOFE: 2448
[POS] Cache cargado en 1912 ms
[POS] Refrescando cache DBF...
[POS] Cargando DBF...
[POS] MAPRE: 40640
[POS] DPOFE: 2448
[POS] Cache cargado en 1912 ms
[POS] Refrescando cache DBF...
[POS] Cargando DBF...
[POS] MAPRE: 40640
[POS] DPOFE: 2448
[POS] Cache cargado en 1939 ms
[POS] Refrescando cache DBF...
[POS] Cargando DBF...
[POS] MAPRE: 40640
[POS] DPOFE: 2448
[POS] Cache cargado en 1915 ms
[POS] Refrescando cache DBF...
[POS] Cargando DBF...
[POS] MAPRE: 40640
[POS] DPOFE: 2448
[POS] Cache cargado en 1922 ms
[POS] Refrescando cache DBF...
[POS] Cargando DBF...
[POS] MAPRE: 40640
[POS] DPOFE: 2448
[POS] Cache cargado en 1925 ms
[POS] Refrescando cache DBF...
[POS] Cargando DBF...
[POS] MAPRE: 40640
[POS] DPOFE: 2448
[POS] Cache cargado en 1924 ms
[POS] Refrescando cache DBF...
[POS] Cargando DBF...
[POS] MAPRE: 40640
[POS] DPOFE: 2448
[POS] Cache cargado en 1919 ms
[POS] Refrescando cache DBF...
[POS] Cargando DBF...
[POS] MAPRE: 40640
[POS] DPOFE: 2448
[POS] Cache cargado en 1911 ms
[POS] Refrescando cache DBF...
[POS] Cargando DBF...
[POS] MAPRE: 40640
[POS] DPOFE: 2448
[POS] Cache cargado en 1904 ms
[POS] Refrescando cache DBF...
[POS] Cargando DBF...
[POS] MAPRE: 40640
[POS] DPOFE: 2448
[POS] Cache cargado en 1936 ms
[POS] Refrescando cache DBF...
[POS] Cargando DBF...
[POS] MAPRE: 40640
[POS] DPOFE: 2448
[POS] Cache cargado en 1921 ms
[POS] Refrescando cache DBF...
[POS] Cargando DBF...
[POS] MAPRE: 40640
[POS] DPOFE: 2448
[POS] Cache cargado en 1929 ms
[POS] Refrescando cache DBF...
[POS] Cargando DBF...
[POS] MAPRE: 40640
[POS] DPOFE: 2448
[POS] Cache cargado en 1933 ms
[POS] Refrescando cache DBF...
[POS] Cargando DBF...
[POS] MAPRE: 40640
[POS] DPOFE: 2448
[POS] Cache cargado en 1916 ms
[POS] Refrescando cache DBF...
[POS] Cargando DBF...
[POS] MAPRE: 40640
[POS] DPOFE: 2448
[POS] Cache cargado en 1911 ms
[POS] Refrescando cache DBF...
[POS] Cargando DBF...
[POS] MAPRE: 40640
[POS] DPOFE: 2448
[POS] Cache cargado en 1919 ms
[POS] Refrescando cache DBF...
[POS] Cargando DBF...
[POS] MAPRE: 40640
[POS] DPOFE: 2448
[POS] Cache cargado en 1922 ms
[POS] Refrescando cache DBF...
[POS] Cargando DBF...
[POS] MAPRE: 40640
[POS] DPOFE: 2448
[POS] Cache cargado en 1902 ms
[POS] Refrescando cache DBF...
[POS] Cargando DBF...
[POS] MAPRE: 40640
[POS] DPOFE: 2448
[POS] Cache cargado en 1925 ms
[POS] Refrescando cache DBF...
[POS] Cargando DBF...
[POS] MAPRE: 40640
[POS] DPOFE: 2448
[POS] Cache cargado en 1912 ms
[POS] Refrescando cache DBF...
[POS] Cargando DBF...
[POS] MAPRE: 40640
[POS] DPOFE: 2448
[POS] Cache cargado en 1925 ms
[POS] Refrescando cache DBF...
[POS] Cargando DBF...
[POS] MAPRE: 40640
[POS] DPOFE: 2448
[POS] Cache cargado en 1929 ms
[POS] Refrescando cache DBF...
[POS] Cargando DBF...
[POS] MAPRE: 40640
[POS] DPOFE: 2448
[POS] Cache cargado en 1909 ms
[POS] Refrescando cache DBF...
[POS] Cargando DBF...
[POS] MAPRE: 40640
[POS] DPOFE: 2448
[POS] Cache cargado en 1922 ms
[POS] Refrescando cache DBF...
[POS] Cargando DBF...
[POS] MAPRE: 40640
[POS] DPOFE: 2448
[POS] Cache cargado en 1911 ms
[POS] Refrescando cache DBF...
[POS] Cargando DBF...
[POS] MAPRE: 40640
[POS] DPOFE: 2448
[POS] Cache cargado en 1921 ms
[POS] Refrescando cache DBF...
[POS] Cargando DBF...
[POS] MAPRE: 40640
[POS] DPOFE: 2448
[POS] Cache cargado en 1907 ms
[POS] Refrescando cache DBF...
[POS] Cargando DBF...
[POS] MAPRE: 40640
[POS] DPOFE: 2448
[POS] Cache cargado en 1915 ms
[POS] Refrescando cache DBF...
[POS] Cargando DBF...
[POS] MAPRE: 40640
[POS] DPOFE: 2448
[POS] Cache cargado en 1909 ms
[POS] Refrescando cache DBF...
[POS] Cargando DBF...
[POS] MAPRE: 40640
[POS] DPOFE: 2448
[POS] Cache cargado en 1930 ms
[POS] Refrescando cache DBF...
[POS] Cargando DBF...
[POS] MAPRE: 40640
[POS] DPOFE: 2448
[POS] Cache cargado en 1910 ms
[POS] Refrescando cache DBF...
[POS] Cargando DBF...
[POS] MAPRE: 40640
[POS] DPOFE: 2448
[POS] Cache cargado en 1910 ms
[POS] Refrescando cache DBF...
[POS] Cargando DBF...
[POS] MAPRE: 40640
[POS] DPOFE: 2448
[POS] Cache cargado en 1890 ms
[POS] Refrescando cache DBF...
[POS] Cargando DBF...
[POS] MAPRE: 40640
[POS] DPOFE: 2448
[POS] Cache cargado en 1927 ms
[POS] Refrescando cache DBF...
[POS] Cargando DBF...
[POS] MAPRE: 40640
[POS] DPOFE: 2448
[POS] Cache cargado en 1918 ms
[POS] Refrescando cache DBF...
[POS] Cargando DBF...
[POS] MAPRE: 40640
[POS] DPOFE: 2448
[POS] Cache cargado en 1914 ms
[POS] Refrescando cache DBF...
[POS] Cargando DBF...
[POS] MAPRE: 40640
[POS] DPOFE: 2448
[POS] Cache cargado en 1920 ms
[POS] Refrescando cache DBF...
[POS] Cargando DBF...
[POS] MAPRE: 40640
[POS] DPOFE: 2448
[POS] Cache cargado en 1932 ms
[POS] Refrescando cache DBF...
[POS] Cargando DBF...
[POS] MAPRE: 40640
[POS] DPOFE: 2448
[POS] Cache cargado en 1926 ms
[POS] Refrescando cache DBF...
[POS] Cargando DBF...
[POS] MAPRE: 40640
[POS] DPOFE: 2448
[POS] Cache cargado en 1920 ms
[POS] Refrescando cache DBF...
[POS] Cargando DBF...
[POS] MAPRE: 40640
[POS] DPOFE: 2448
[POS] Cache cargado en 1912 ms
[POS] Refrescando cache DBF...
[POS] Cargando DBF...
[POS] MAPRE: 40640
[POS] DPOFE: 2448
[POS] Cache cargado en 1927 ms
[POS] Refrescando cache DBF...
[POS] Cargando DBF...
[POS] MAPRE: 40640
[POS] DPOFE: 2448
[POS] Cache cargado en 1908 ms
[POS] Refrescando cache DBF...
[POS] Cargando DBF...
[POS] MAPRE: 40640
[POS] DPOFE: 2448
[POS] Cache cargado en 1915 ms
[POS] Refrescando cache DBF...
[POS] Cargando DBF...
[POS] MAPRE: 40640
[POS] DPOFE: 2448
[POS] Cache cargado en 1903 ms
[POS] Refrescando cache DBF...
[POS] Cargando DBF...
[POS] MAPRE: 40640
[POS] DPOFE: 2448
[POS] Cache cargado en 1925 ms
[POS] Refrescando cache DBF...
[POS] Cargando DBF...
[POS] MAPRE: 40640
[POS] DPOFE: 2448
[POS] Cache cargado en 1908 ms
[POS] Refrescando cache DBF...
[POS] Cargando DBF...
[POS] MAPRE: 40640
[POS] DPOFE: 2448
[POS] Cache cargado en 1925 ms
[POS] Refrescando cache DBF...
[POS] Cargando DBF...
[POS] MAPRE: 40640
[POS] DPOFE: 2448
[POS] Cache cargado en 1970 ms
[POS] Refrescando cache DBF...
[POS] Cargando DBF...
[POS] MAPRE: 40640
[POS] DPOFE: 2448
[POS] Cache cargado en 1923 ms
[POS] Refrescando cache DBF...
[POS] Cargando DBF...
[POS] MAPRE: 40640
[POS] DPOFE: 2448
[POS] Cache cargado en 1934 ms
[POS] Refrescando cache DBF...
[POS] Cargando DBF...
[POS] MAPRE: 40640
[POS] DPOFE: 2448
[POS] Cache cargado en 1945 ms
[POS] Refrescando cache DBF...
[POS] Cargando DBF...
[POS] MAPRE: 40640
[POS] DPOFE: 2448
[POS] Cache cargado en 1900 ms
[POS] Refrescando cache DBF...
[POS] Cargando DBF...
[POS] MAPRE: 40640
[POS] DPOFE: 2448
[POS] Cache cargado en 1934 ms
[POS] Refrescando cache DBF...
[POS] Cargando DBF...
[POS] MAPRE: 40640
[POS] DPOFE: 2448
[POS] Cache cargado en 1922 ms
[POS] Refrescando cache DBF...
[POS] Cargando DBF...
[POS] MAPRE: 40640
[POS] DPOFE: 2448
[POS] Cache cargado en 1914 ms
[POS] Refrescando cache DBF...
[POS] Cargando DBF...
[POS] MAPRE: 40640
[POS] DPOFE: 2448
[POS] Cache cargado en 1912 ms
[POS] Refrescando cache DBF...
[POS] Cargando DBF...
[POS] MAPRE: 40640
[POS] DPOFE: 2448
[POS] Cache cargado en 1935 ms
[POS] Refrescando cache DBF...
[POS] Cargando DBF...
[POS] MAPRE: 40640
[POS] DPOFE: 2448
[POS] Cache cargado en 1932 ms
[POS] Refrescando cache DBF...
[POS] Cargando DBF...
[POS] MAPRE: 40640
[POS] DPOFE: 2448
[POS] Cache cargado en 1943 ms
[POS] Refrescando cache DBF...
[POS] Cargando DBF...
[POS] MAPRE: 40640
[POS] DPOFE: 2448
[POS] Cache cargado en 1923 ms
[POS] Refrescando cache DBF...
[POS] Cargando DBF...
[POS] MAPRE: 40640
[POS] DPOFE: 2448
[POS] Cache cargado en 1935 ms
[POS] Refrescando cache DBF...
[POS] Cargando DBF...
[POS] MAPRE: 40640
[POS] DPOFE: 2448
[POS] Cache cargado en 1923 ms
[POS] Refrescando cache DBF...
[POS] Cargando DBF...
[POS] MAPRE: 40640
[POS] DPOFE: 2448
[POS] Cache cargado en 1907 ms
[dotenv@17.3.1] injecting env (11) from .env -- tip: 🛡️ auth for agents: https://vestauth.com
Backend POS escuchando en puerto 3000
[POS] Refrescando cache DBF...
[POS] Cargando DBF...
[POS] MAPRE: 40640
[POS] DPOFE: 2448
[POS] Cache cargado en 2502 ms
[POS] Refrescando cache DBF...
[POS] Cargando DBF...
[POS] MAPRE: 40640
[POS] DPOFE: 2448
[POS] Cache cargado en 1921 ms
[POS] Refrescando cache DBF...
[POS] Cargando DBF...
[POS] MAPRE: 40640
[POS] DPOFE: 2448
[POS] Cache cargado en 1961 ms
[POS] Refrescando cache DBF...
[POS] Cargando DBF...
[POS] MAPRE: 40640
[POS] DPOFE: 2448
[POS] Cache cargado en 1942 ms
[POS] Refrescando cache DBF...
[POS] Cargando DBF...
[POS] MAPRE: 40640
[POS] DPOFE: 2448
[POS] Cache cargado en 1953 ms
[POS] Refrescando cache DBF...
[POS] Cargando DBF...
[POS] MAPRE: 40640
[POS] DPOFE: 2448
[POS] Cache cargado en 2001 ms
[POS] Refrescando cache DBF...
[POS] Cargando DBF...
[POS] MAPRE: 40640
[POS] DPOFE: 2448
[POS] Cache cargado en 1931 ms
[POS] Refrescando cache DBF...
[POS] Cargando DBF...
[POS] MAPRE: 40640
[POS] DPOFE: 2448
[POS] Cache cargado en 1941 ms
[POS] Refrescando cache DBF...
[POS] Cargando DBF...
[POS] MAPRE: 40640
[POS] DPOFE: 2448
[POS] Cache cargado en 1904 ms
[POS] Refrescando cache DBF...
[POS] Cargando DBF...
[POS] MAPRE: 40640
[POS] DPOFE: 2448
[POS] Cache cargado en 1954 ms
[POS] Refrescando cache DBF...
[POS] Cargando DBF...
[POS] MAPRE: 40640
[POS] DPOFE: 2448
[POS] Cache cargado en 1948 ms
[POS] Refrescando cache DBF...
[POS] Cargando DBF...
[POS] MAPRE: 40640
[POS] DPOFE: 2448
[POS] Cache cargado en 1941 ms
[POS] Refrescando cache DBF...
[POS] Cargando DBF...
[POS] MAPRE: 40640
[POS] DPOFE: 2448
[POS] Cache cargado en 1917 ms
[POS] Refrescando cache DBF...
[POS] Cargando DBF...
[POS] MAPRE: 40640
[POS] DPOFE: 2448
[POS] Cache cargado en 1954 ms
[POS] Refrescando cache DBF...
[POS] Cargando DBF...
[POS] MAPRE: 40640
[POS] DPOFE: 2448
[POS] Cache cargado en 1931 ms
[POS] Refrescando cache DBF...
[POS] Cargando DBF...
[POS] MAPRE: 40640
[POS] DPOFE: 2448
[POS] Cache cargado en 1920 ms
[POS] Refrescando cache DBF...
[POS] Cargando DBF...
[POS] MAPRE: 40640
[POS] DPOFE: 2448
[POS] Cache cargado en 1933 ms
[POS] Refrescando cache DBF...
[POS] Cargando DBF...
[POS] MAPRE: 40640
[POS] DPOFE: 2448
[POS] Cache cargado en 1952 ms
[POS] Refrescando cache DBF...
[POS] Cargando DBF...
[POS] MAPRE: 40640
[POS] DPOFE: 2448
[POS] Cache cargado en 1917 ms
[POS] Refrescando cache DBF...
[POS] Cargando DBF...
[POS] MAPRE: 40640
[POS] DPOFE: 2448
[POS] Cache cargado en 1947 ms
[POS] Refrescando cache DBF...
[POS] Cargando DBF...
[POS] MAPRE: 40640
[POS] DPOFE: 2448
[POS] Cache cargado en 1927 ms
[POS] Refrescando cache DBF...
[POS] Cargando DBF...
[POS] MAPRE: 40640
[POS] DPOFE: 2448
[POS] Cache cargado en 1939 ms
[POS] Refrescando cache DBF...
[POS] Cargando DBF...
[POS] MAPRE: 40640
[POS] DPOFE: 2448
[POS] Cache cargado en 1929 ms
[POS] Refrescando cache DBF...
[POS] Cargando DBF...
[POS] MAPRE: 40640
[POS] DPOFE: 2448
[POS] Cache cargado en 1932 ms
[POS] Refrescando cache DBF...
[POS] Cargando DBF...
[POS] MAPRE: 40640
[POS] DPOFE: 2448
[POS] Cache cargado en 1908 ms
[POS] Refrescando cache DBF...
[POS] Cargando DBF...
[POS] MAPRE: 40640
[POS] DPOFE: 2448
[POS] Cache cargado en 1929 ms
[POS] Refrescando cache DBF...
[POS] Cargando DBF...
[POS] MAPRE: 40640
[POS] DPOFE: 2448
[POS] Cache cargado en 1928 ms
[POS] Refrescando cache DBF...
[POS] Cargando DBF...
[POS] MAPRE: 40640
[POS] DPOFE: 2448
[POS] Cache cargado en 1898 ms
[POS] Refrescando cache DBF...
[POS] Cargando DBF...
[POS] MAPRE: 40640
[POS] DPOFE: 2448
[POS] Cache cargado en 1909 ms
[POS] Refrescando cache DBF...
[POS] Cargando DBF...
[POS] MAPRE: 40640
[POS] DPOFE: 2448
[POS] Cache cargado en 1941 ms
[POS] Refrescando cache DBF...
[POS] Cargando DBF...
[POS] MAPRE: 40640
[POS] DPOFE: 2448
[POS] Cache cargado en 1913 ms
[POS] Refrescando cache DBF...
[POS] Cargando DBF...
[POS] MAPRE: 40640
[POS] DPOFE: 2448
[POS] Cache cargado en 1932 ms
[POS] Refrescando cache DBF...
[POS] Cargando DBF...
[POS] MAPRE: 40640
[POS] DPOFE: 2448
[POS] Cache cargado en 1927 ms
[POS] Refrescando cache DBF...
[POS] Cargando DBF...
[POS] MAPRE: 40640
[POS] DPOFE: 2448
[POS] Cache cargado en 1928 ms
[POS] Refrescando cache DBF...
[POS] Cargando DBF...
[POS] MAPRE: 40640
[POS] DPOFE: 2448
[POS] Cache cargado en 1929 ms
[POS] Refrescando cache DBF...
[POS] Cargando DBF...
[POS] MAPRE: 40640
[POS] DPOFE: 2448
[POS] Cache cargado en 1949 ms
[POS] Refrescando cache DBF...
[POS] Cargando DBF...
[POS] MAPRE: 40640
[POS] DPOFE: 2448
[POS] Cache cargado en 1935 ms
[POS] Refrescando cache DBF...
[POS] Cargando DBF...
[POS] MAPRE: 40640
[POS] DPOFE: 2448
[POS] Cache cargado en 1950 ms
[POS] Refrescando cache DBF...
[POS] Cargando DBF...
[POS] MAPRE: 40640
[POS] DPOFE: 2448
[POS] Cache cargado en 1908 ms
[POS] Refrescando cache DBF...
[POS] Cargando DBF...
[POS] MAPRE: 40640
[POS] DPOFE: 2448
[POS] Cache cargado en 1967 ms
[POS] Refrescando cache DBF...
[POS] Cargando DBF...
[POS] MAPRE: 40640
[POS] DPOFE: 2448
[POS] Cache cargado en 1922 ms
[POS] Refrescando cache DBF...
[POS] Cargando DBF...
[POS] MAPRE: 40640
[POS] DPOFE: 2448
[POS] Cache cargado en 1940 ms
[POS] Refrescando cache DBF...
[POS] Cargando DBF...
[POS] MAPRE: 40640
[POS] DPOFE: 2448
[POS] Cache cargado en 1915 ms
[POS] Refrescando cache DBF...
[POS] Cargando DBF...
[POS] MAPRE: 40640
[POS] DPOFE: 2448
[POS] Cache cargado en 1944 ms
[POS] Refrescando cache DBF...
[POS] Cargando DBF...
[POS] MAPRE: 40640
[POS] DPOFE: 2448
[POS] Cache cargado en 1905 ms
[POS] Refrescando cache DBF...
[POS] Cargando DBF...
[POS] MAPRE: 40640
[POS] DPOFE: 2448
[POS] Cache cargado en 1951 ms
[POS] Refrescando cache DBF...
[POS] Cargando DBF...
[POS] MAPRE: 40640
[POS] DPOFE: 2448
[POS] Cache cargado en 1921 ms
[POS] Refrescando cache DBF...
[POS] Cargando DBF...
[POS] MAPRE: 40640
[POS] DPOFE: 2448
[POS] Cache cargado en 1945 ms
[POS] Refrescando cache DBF...
[POS] Cargando DBF...
[POS] MAPRE: 40640
[POS] DPOFE: 2448
[POS] Cache cargado en 1925 ms
[POS] Refrescando cache DBF...
[POS] Cargando DBF...
[POS] MAPRE: 40640
[POS] DPOFE: 2448
[POS] Cache cargado en 1943 ms
[POS] Refrescando cache DBF...
[POS] Cargando DBF...
[POS] MAPRE: 40640
[POS] DPOFE: 2448
[POS] Cache cargado en 1915 ms
[POS] Refrescando cache DBF...
[POS] Cargando DBF...
[POS] MAPRE: 40640
[POS] DPOFE: 2448
[POS] Cache cargado en 1963 ms
[POS] Refrescando cache DBF...
[POS] Cargando DBF...
[POS] MAPRE: 40640
[POS] DPOFE: 2448
[POS] Cache cargado en 1908 ms
[POS] Refrescando cache DBF...
[POS] Cargando DBF...
[POS] MAPRE: 40640
[POS] DPOFE: 2448
[POS] Cache cargado en 1935 ms
[POS] Refrescando cache DBF...
[POS] Cargando DBF...
[POS] MAPRE: 40640
[POS] DPOFE: 2448
[POS] Cache cargado en 1911 ms
[POS] Refrescando cache DBF...
[POS] Cargando DBF...
[POS] MAPRE: 40640
[POS] DPOFE: 2448
[POS] Cache cargado en 1935 ms
[POS] Refrescando cache DBF...
[POS] Cargando DBF...
[POS] MAPRE: 40640
[POS] DPOFE: 2448
[POS] Cache cargado en 1920 ms
[POS] Refrescando cache DBF...
[POS] Cargando DBF...
[POS] MAPRE: 40640
[POS] DPOFE: 2448
[POS] Cache cargado en 1937 ms
[POS] Refrescando cache DBF...
[POS] Cargando DBF...
[POS] MAPRE: 40640
[POS] DPOFE: 2448
[POS] Cache cargado en 1930 ms
[POS] Refrescando cache DBF...
[POS] Cargando DBF...
[POS] MAPRE: 40640
[POS] DPOFE: 2448
[POS] Cache cargado en 1941 ms
[POS] Refrescando cache DBF...
[POS] Cargando DBF...
responseXml <?xml version="1.0" encoding="utf-8"?><soap:Envelope xmlns:soap="http://schemas.xmlsoap.org/soap/envelope/" xmlns:xsi="http://www.w3.org/2001/XMLSchema-instance" xmlns:xsd="http://www.w3.org/2001/XMLSchema"><soap:Body><Login_UsuarioResponse xmlns="http://www.fasa.cl/"><Login_UsuarioResult>&lt;?xml version="1.0" encoding="utf-8" ?&gt;&lt;Respuesta&gt;&lt;Codigo&gt;0&lt;/Codigo&gt;&lt;Mensaje&gt;Transaccion exitosa.&lt;/Mensaje&gt;&lt;Emisor&gt;wsAccesos&lt;/Emisor&gt;&lt;FechaHora&gt;2026-04-20 15:04:57&lt;/FechaHora&gt;&lt;IdUsuario&gt;8172&lt;/IdUsuario&gt;&lt;/Respuesta&gt;</Login_UsuarioResult></Login_UsuarioResponse></soap:Body></soap:Envelope>
[ACCESOS] Login_Usuario OK
[ACCESOS] pIdLogin generado: 8172
[POS] MAPRE: 40640
[POS] DPOFE: 2448
[POS] Cache cargado en 2267 ms
[ACCESOS] Menu_XML OK – acceso concedido
[POS] Refrescando cache DBF...
[POS] Cargando DBF...
[POS] MAPRE: 40640
[POS] DPOFE: 2448
[POS] Cache cargado en 1976 ms
[POS] Refrescando cache DBF...
[POS] Cargando DBF...
[POS] MAPRE: 40640
[POS] DPOFE: 2448
[POS] Cache cargado en 1952 ms
[POS] Refrescando cache DBF...
[POS] Cargando DBF...
[POS] MAPRE: 40640
[POS] DPOFE: 2448
[POS] Cache cargado en 2023 ms
[POS] Refrescando cache DBF...
[POS] Cargando DBF...
[POS] MAPRE: 40640
[POS] DPOFE: 2448
[POS] Cache cargado en 1967 ms
[POS] Refrescando cache DBF...
[POS] Cargando DBF...
[POS] MAPRE: 40640
[POS] DPOFE: 2448
[POS] Cache cargado en 2080 ms
[POS] Refrescando cache DBF...
[POS] Cargando DBF...
[POS] MAPRE: 40640
[POS] DPOFE: 2448
[POS] Cache cargado en 1964 ms
[POS] Refrescando cache DBF...
[POS] Cargando DBF...
[POS] MAPRE: 40640
[POS] DPOFE: 2448
[POS] Cache cargado en 1965 ms
[POS] Refrescando cache DBF...
[POS] Cargando DBF...
[POS] MAPRE: 40640
[POS] DPOFE: 2448
[POS] Cache cargado en 1972 ms
[POS] Refrescando cache DBF...
[POS] Cargando DBF...
[POS] MAPRE: 40640
[POS] DPOFE: 2448
[POS] Cache cargado en 1955 ms
[POS] Refrescando cache DBF...
[POS] Cargando DBF...
[POS] MAPRE: 40640
[POS] DPOFE: 2448
[POS] Cache cargado en 2017 ms
[POS] Refrescando cache DBF...
[POS] Cargando DBF...
[POS] MAPRE: 40640
[POS] DPOFE: 2448
[POS] Cache cargado en 1950 ms
[POS] Refrescando cache DBF...
[POS] Cargando DBF...
[POS] MAPRE: 40640
[POS] DPOFE: 2448
[POS] Cache cargado en 1977 ms
[POS] Refrescando cache DBF...
[POS] Cargando DBF...
[POS] MAPRE: 40640
[POS] DPOFE: 2448
[POS] Cache cargado en 1927 ms
[POS] Refrescando cache DBF...
[POS] Cargando DBF...
[POS] MAPRE: 40640
[POS] DPOFE: 2448
[POS] Cache cargado en 1946 ms
[POS] Refrescando cache DBF...
[POS] Cargando DBF...
[POS] MAPRE: 40640
[POS] DPOFE: 2448
[POS] Cache cargado en 1944 ms
[POS] Refrescando cache DBF...
[POS] Cargando DBF...
[POS] MAPRE: 40640
[POS] DPOFE: 2448
[POS] Cache cargado en 1897 ms
[POS] Refrescando cache DBF...
[POS] Cargando DBF...
[POS] MAPRE: 40640
[POS] DPOFE: 2448
[POS] Cache cargado en 1946 ms
🔥 PRINT CALLED { time: '2026-04-20T20:33:40.647Z', isArray: true, items: 5 }
productos: [
  {
    producto: 'SET TRABAS BACK TO SCHOOL 2 UN',
    sku: '94397',
    ean13: '799192420511',
    unidadMedida: 'UNIDAD',
    precioNormal: 2299,
    precioUnitario: 1149.5,
    precioOferta: 1599,
    validoHasta: 'Mon Mar 30 2026 21:00:00 GMT-0300 (hora estándar de Argentina)',
    cantidad: 1
  },
  {
    producto: 'SET COLLETS BACK TO SCHOOL 18 UN',
    sku: '94460',
    ean13: '799192420498',
    unidadMedida: 'UNIDAD',
    precioNormal: 3099,
    precioUnitario: 172.17,
    precioOferta: 2169,
    validoHasta: 'Mon Mar 30 2026 21:00:00 GMT-0300 (hora estándar de Argentina)',
    cantidad: 1
  },
  {
    producto: 'COLLET GENERO BACK TO SCHOOL',
    sku: '94485',
    ean13: '799192420542',
    unidadMedida: 'UNIDAD',
    precioNormal: 1899,
    precioUnitario: 1899,
    precioOferta: 1350,
    validoHasta: 'Mon Mar 30 2026 21:00:00 GMT-0300 (hora estándar de Argentina)',
    cantidad: 1
  },
  {
    producto: 'SET 2 COLLET BACK TO SCHOOL',
    sku: '94547',
    ean13: '799192420504',
    unidadMedida: 'UNIDAD',
    precioNormal: 2199,
    precioUnitario: 1099.5,
    precioOferta: 1550,
    validoHasta: 'Mon Mar 30 2026 21:00:00 GMT-0300 (hora estándar de Argentina)',
    cantidad: 1
  },
  {
    producto: 'RED BULL RED SANDIA 250ML',
    sku: '91440',
    ean13: '90446849',
    unidadMedida: 'ML',
    precioNormal: 2099,
    precioUnitario: 8396,
    precioOferta: 1595,
    validoHasta: 'Mon Mar 30 2026 21:00:00 GMT-0300 (hora estándar de Argentina)',
    cantidad: 1
  }
]
[POS] Refrescando cache DBF...
[POS] Cargando DBF...
[POS] MAPRE: 40640
[POS] DPOFE: 2448
[POS] Cache cargado en 2040 ms
[POS] Refrescando cache DBF...
[POS] Cargando DBF...
[POS] MAPRE: 40640
[POS] DPOFE: 2448
[POS] Cache cargado en 1938 ms
[POS] Refrescando cache DBF...
[POS] Cargando DBF...
[POS] MAPRE: 40640
[POS] DPOFE: 2448
[POS] Cache cargado en 1943 ms
[POS] Refrescando cache DBF...
[POS] Cargando DBF...
[POS] MAPRE: 40640
[POS] DPOFE: 2448
[POS] Cache cargado en 1948 ms
[POS] Refrescando cache DBF...
[POS] Cargando DBF...
[POS] MAPRE: 40640
[POS] DPOFE: 2448
[POS] Cache cargado en 1936 ms
🔥 PRINT CALLED { time: '2026-04-20T20:56:28.650Z', isArray: true, items: 7 }
productos: [
  {
    producto: 'TOA BUENAS NOCHES ULTR NOSOTRAS MALLA 8U',
    sku: '88136',
    ean13: '7702026145026',
    unidadMedida: 'UNIDAD',
    precioNormal: 2299,
    precioUnitario: 287.38,
    precioOferta: 1490,
    validoHasta: 'Mon Mar 30 2026 21:00:00 GMT-0300 (hora estándar de Argentina)',
    cantidad: 1
  },
  {
    producto: 'TOALLITAS HUMEDAS EMUBABY WATER 80UN',
    sku: '91300',
    ean13: '7804603542249',
    unidadMedida: 'UNIDAD',
    precioNormal: 3099,
    precioUnitario: 38.74,
    precioOferta: 2199,
    validoHasta: 'Mon Mar 30 2026 21:00:00 GMT-0300 (hora estándar de Argentina)',
    cantidad: 1
  },
  {
    producto: 'ETIENNE EDP ROSE 30ML',
    sku: '94350',
    ean13: '7804902042440',
    unidadMedida: 'ML',
    precioNormal: 6149,
    precioUnitario: 204966.67,
    precioOferta: 4999,
    validoHasta: 'Mon Mar 30 2026 21:00:00 GMT-0300 (hora estándar de Argentina)',
    cantidad: 1
  },
  {
    producto: 'BALSAMO LABIAL CARMEX POTE 7,5 GR',
    sku: '94248',
    ean13: '83078003616',
    unidadMedida: 'G',
    precioNormal: 4999,
    precioUnitario: 666.53,
    precioOferta: 4490,
    validoHasta: 'Mon Mar 30 2026 21:00:00 GMT-0300 (hora estándar de Argentina)',
    cantidad: 1
  },
  {
    producto: 'ORALDENT PACK CEPILLO MEDIO',
    sku: '95805',
    ean13: '7800004006571',
    unidadMedida: 'UNIDAD',
    precioNormal: 6899,
    precioUnitario: 3449.5,
    precioOferta: 5490,
    validoHasta: 'Mon Mar 30 2026 21:00:00 GMT-0300 (hora estándar de Argentina)',
    cantidad: 1
  },
  {
    producto: 'SIMONDS OLEO COMPLEX NUTRI ARGAN 130ML',
    sku: '95572',
    ean13: '7804945026438',
    unidadMedida: '1 L.',
    precioNormal: 6999,
    precioUnitario: 53838.46,
    precioOferta: 5599,
    validoHasta: 'Mon Mar 30 2026 21:00:00 GMT-0300 (hora estándar de Argentina)',
    cantidad: 1
  },
  {
    producto: 'PHILIPS DEPIL ELEC SAT ESS/CABEZAL MAS',
    sku: '96038',
    ean13: '8720689031561',
    unidadMedida: 'UNIDAD',
    precioNormal: 35299,
    precioUnitario: 35299,
    precioOferta: 24990,
    validoHasta: 'Mon Mar 30 2026 21:00:00 GMT-0300 (hora estándar de Argentina)',
    cantidad: 1
  }
]
[POS] Refrescando cache DBF...
[POS] Cargando DBF...
[POS] MAPRE: 40640
[POS] DPOFE: 2448
[POS] Cache cargado en 1945 ms
[POS] Refrescando cache DBF...
[POS] Cargando DBF...
[POS] MAPRE: 40640
[POS] DPOFE: 2448
[POS] Cache cargado en 1948 ms
[POS] Refrescando cache DBF...
[POS] Cargando DBF...
[POS] MAPRE: 40640
[POS] DPOFE: 2448
[POS] Cache cargado en 1944 ms
[POS] Refrescando cache DBF...
[POS] Cargando DBF...
[POS] MAPRE: 40640
[POS] DPOFE: 2448
[POS] Cache cargado en 1927 ms
[POS] Refrescando cache DBF...
[POS] Cargando DBF...
[POS] MAPRE: 40640
[POS] DPOFE: 2448
[POS] Cache cargado en 2041 ms
[POS] Refrescando cache DBF...
[POS] Cargando DBF...
[POS] MAPRE: 40640
[POS] DPOFE: 2448
[POS] Cache cargado en 1909 ms
[POS] Refrescando cache DBF...
[POS] Cargando DBF...
[POS] MAPRE: 40640
[POS] DPOFE: 2448
[POS] Cache cargado en 1922 ms
[POS] Refrescando cache DBF...
[POS] Cargando DBF...
[POS] MAPRE: 40640
[POS] DPOFE: 2448
[POS] Cache cargado en 1933 ms
[POS] Refrescando cache DBF...
[POS] Cargando DBF...
[POS] MAPRE: 40640
[POS] DPOFE: 2448
[POS] Cache cargado en 1940 ms
[POS] Refrescando cache DBF...
[POS] Cargando DBF...
[POS] MAPRE: 40640
[POS] DPOFE: 2448
[POS] Cache cargado en 1923 ms
[POS] Refrescando cache DBF...
[POS] Cargando DBF...
[POS] MAPRE: 40640
[POS] DPOFE: 2448
[POS] Cache cargado en 1945 ms
[POS] Refrescando cache DBF...
[POS] Cargando DBF...
[POS] MAPRE: 40640
[POS] DPOFE: 2448
[POS] Cache cargado en 1916 ms
[POS] Refrescando cache DBF...
[POS] Cargando DBF...
[POS] MAPRE: 40640
[POS] DPOFE: 2448
[POS] Cache cargado en 1979 ms
[POS] Refrescando cache DBF...
[POS] Cargando DBF...
[POS] MAPRE: 40640
[POS] DPOFE: 2448
[POS] Cache cargado en 1930 ms
[POS] Refrescando cache DBF...
[POS] Cargando DBF...
[POS] MAPRE: 40640
[POS] DPOFE: 2448
[POS] Cache cargado en 1947 ms
[POS] Refrescando cache DBF...
[POS] Cargando DBF...
[POS] MAPRE: 40640
[POS] DPOFE: 2448
[POS] Cache cargado en 1937 ms
[POS] Refrescando cache DBF...
[POS] Cargando DBF...
[POS] MAPRE: 40640
[POS] DPOFE: 2448
[POS] Cache cargado en 1964 ms
[POS] Refrescando cache DBF...
[POS] Cargando DBF...
[POS] MAPRE: 40640
[POS] DPOFE: 2448
[POS] Cache cargado en 1942 ms
[POS] Refrescando cache DBF...
[POS] Cargando DBF...
[POS] MAPRE: 40640
[POS] DPOFE: 2448
[POS] Cache cargado en 1924 ms
[POS] Refrescando cache DBF...
[POS] Cargando DBF...
[POS] MAPRE: 40640
[POS] DPOFE: 2448
[POS] Cache cargado en 1937 ms
[POS] Refrescando cache DBF...
[POS] Cargando DBF...
[POS] MAPRE: 40640
[POS] DPOFE: 2448
[POS] Cache cargado en 1951 ms
[POS] Refrescando cache DBF...
[POS] Cargando DBF...
[POS] MAPRE: 40640
[POS] DPOFE: 2448
[POS] Cache cargado en 1920 ms
[POS] Refrescando cache DBF...
[POS] Cargando DBF...
[POS] MAPRE: 40640
[POS] DPOFE: 2448
[POS] Cache cargado en 1966 ms
[POS] Refrescando cache DBF...
[POS] Cargando DBF...
[POS] MAPRE: 40640
[POS] DPOFE: 2448
[POS] Cache cargado en 1954 ms
[POS] Refrescando cache DBF...
[POS] Cargando DBF...
[POS] MAPRE: 40640
[POS] DPOFE: 2448
[POS] Cache cargado en 1953 ms
[POS] Refrescando cache DBF...
[POS] Cargando DBF...
[POS] MAPRE: 40640
[POS] DPOFE: 2448
[POS] Cache cargado en 1921 ms
[POS] Refrescando cache DBF...
[POS] Cargando DBF...
[POS] MAPRE: 40640
[POS] DPOFE: 2448
[POS] Cache cargado en 1941 ms
[POS] Refrescando cache DBF...
[POS] Cargando DBF...
[POS] MAPRE: 40640
[POS] DPOFE: 2448
[POS] Cache cargado en 1964 ms
[POS] Refrescando cache DBF...
[POS] Cargando DBF...
[POS] MAPRE: 40640
[POS] DPOFE: 2448
[POS] Cache cargado en 1946 ms
[POS] Refrescando cache DBF...
[POS] Cargando DBF...
[POS] MAPRE: 40640
[POS] DPOFE: 2448
[POS] Cache cargado en 1944 ms
[POS] Refrescando cache DBF...
[POS] Cargando DBF...
[POS] MAPRE: 40640
[POS] DPOFE: 2448
[POS] Cache cargado en 1953 ms
[POS] Refrescando cache DBF...
[POS] Cargando DBF...
[POS] MAPRE: 40640
[POS] DPOFE: 2448
[POS] Cache cargado en 1928 ms
[POS] Refrescando cache DBF...
[POS] Cargando DBF...
[POS] MAPRE: 40640
[POS] DPOFE: 2448
[POS] Cache cargado en 1968 ms
[POS] Refrescando cache DBF...
[POS] Cargando DBF...
[POS] MAPRE: 40640
[POS] DPOFE: 2448
[POS] Cache cargado en 1921 ms
[POS] Refrescando cache DBF...
[POS] Cargando DBF...
[POS] MAPRE: 40640
[POS] DPOFE: 2448
[POS] Cache cargado en 1940 ms
[POS] Refrescando cache DBF...
[POS] Cargando DBF...
[POS] MAPRE: 40640
[POS] DPOFE: 2448
[POS] Cache cargado en 1910 ms
[POS] Refrescando cache DBF...
[POS] Cargando DBF...
[POS] MAPRE: 40640
[POS] DPOFE: 2448
[POS] Cache cargado en 1933 ms
[POS] Refrescando cache DBF...
[POS] Cargando DBF...
[POS] MAPRE: 40640
[POS] DPOFE: 2448
[POS] Cache cargado en 1931 ms
[POS] Refrescando cache DBF...
[POS] Cargando DBF...
[POS] MAPRE: 40640
[POS] DPOFE: 2448
[POS] Cache cargado en 1937 ms
[POS] Refrescando cache DBF...
[POS] Cargando DBF...
[POS] MAPRE: 40640
[POS] DPOFE: 2448
[POS] Cache cargado en 1897 ms
[POS] Refrescando cache DBF...
[POS] Cargando DBF...
[POS] MAPRE: 40640
[POS] DPOFE: 2448
[POS] Cache cargado en 1949 ms
[POS] Refrescando cache DBF...
[POS] Cargando DBF...
[POS] MAPRE: 40640
[POS] DPOFE: 2448
[POS] Cache cargado en 1949 ms
[POS] Refrescando cache DBF...
[POS] Cargando DBF...
[POS] MAPRE: 40640
[POS] DPOFE: 2448
[POS] Cache cargado en 1935 ms
[POS] Refrescando cache DBF...
[POS] Cargando DBF...
[POS] MAPRE: 40640
[POS] DPOFE: 2448
[POS] Cache cargado en 1944 ms
[POS] Refrescando cache DBF...
[POS] Cargando DBF...
[POS] MAPRE: 40640
[POS] DPOFE: 2448
[POS] Cache cargado en 1953 ms
[POS] Refrescando cache DBF...
[POS] Cargando DBF...
[POS] MAPRE: 40640
[POS] DPOFE: 2448
[POS] Cache cargado en 1934 ms
[POS] Refrescando cache DBF...
[POS] Cargando DBF...
[POS] MAPRE: 40640
[POS] DPOFE: 2448
[POS] Cache cargado en 1926 ms
[POS] Refrescando cache DBF...
[POS] Cargando DBF...
[POS] MAPRE: 40640
[POS] DPOFE: 2448
[POS] Cache cargado en 1947 ms
[POS] Refrescando cache DBF...
[POS] Cargando DBF...
[POS] MAPRE: 40640
[POS] DPOFE: 2448
[POS] Cache cargado en 1948 ms
[POS] Refrescando cache DBF...
[POS] Cargando DBF...
[POS] MAPRE: 40640
[POS] DPOFE: 2448
[POS] Cache cargado en 1919 ms
[POS] Refrescando cache DBF...
[POS] Cargando DBF...
[POS] MAPRE: 40640
[POS] DPOFE: 2448
[POS] Cache cargado en 1952 ms
[POS] Refrescando cache DBF...
[POS] Cargando DBF...
[POS] MAPRE: 40640
[POS] DPOFE: 2448
[POS] Cache cargado en 1950 ms
[POS] Refrescando cache DBF...
[POS] Cargando DBF...
[POS] MAPRE: 40640
[POS] DPOFE: 2448
[POS] Cache cargado en 1957 ms
[POS] Refrescando cache DBF...
[POS] Cargando DBF...
[POS] MAPRE: 40640
[POS] DPOFE: 2448
[POS] Cache cargado en 1928 ms
[POS] Refrescando cache DBF...
[POS] Cargando DBF...
[POS] MAPRE: 40640
[POS] DPOFE: 2448
[POS] Cache cargado en 1931 ms
[POS] Refrescando cache DBF...
[POS] Cargando DBF...
[POS] MAPRE: 40640
[POS] DPOFE: 2448
[POS] Cache cargado en 1920 ms
[POS] Refrescando cache DBF...
[POS] Cargando DBF...
[POS] MAPRE: 40640
[POS] DPOFE: 2448
[POS] Cache cargado en 1947 ms
[POS] Refrescando cache DBF...
[POS] Cargando DBF...
[POS] MAPRE: 40640
[POS] DPOFE: 2448
[POS] Cache cargado en 1934 ms
[POS] Refrescando cache DBF...
[POS] Cargando DBF...
[POS] MAPRE: 40640
[POS] DPOFE: 2448
[POS] Cache cargado en 1941 ms
[POS] Refrescando cache DBF...
[POS] Cargando DBF...
[POS] MAPRE: 40640
[POS] DPOFE: 2448
[POS] Cache cargado en 1950 ms
[POS] Refrescando cache DBF...
[POS] Cargando DBF...
[POS] MAPRE: 40640
[POS] DPOFE: 2448
[POS] Cache cargado en 1962 ms
[POS] Refrescando cache DBF...
[POS] Cargando DBF...
[POS] MAPRE: 40640
[POS] DPOFE: 2448
[POS] Cache cargado en 1917 ms
[POS] Refrescando cache DBF...
[POS] Cargando DBF...
[POS] MAPRE: 40640
[POS] DPOFE: 2448
[POS] Cache cargado en 1974 ms
[POS] Refrescando cache DBF...
[POS] Cargando DBF...
[POS] MAPRE: 40640
[POS] DPOFE: 2448
[POS] Cache cargado en 1942 ms
[POS] Refrescando cache DBF...
[POS] Cargando DBF...
[POS] MAPRE: 40640
[POS] DPOFE: 2448
[POS] Cache cargado en 1945 ms
[POS] Refrescando cache DBF...
[POS] Cargando DBF...
[POS] MAPRE: 40640
[POS] DPOFE: 2448
[POS] Cache cargado en 1909 ms
[POS] Refrescando cache DBF...
[POS] Cargando DBF...
[POS] MAPRE: 40640
[POS] DPOFE: 2448
[POS] Cache cargado en 1969 ms
[POS] Refrescando cache DBF...
[POS] Cargando DBF...
[POS] MAPRE: 40640
[POS] DPOFE: 2448
[POS] Cache cargado en 1925 ms
[POS] Refrescando cache DBF...
[POS] Cargando DBF...
[POS] MAPRE: 40640
[POS] DPOFE: 2448
[POS] Cache cargado en 1949 ms
[POS] Refrescando cache DBF...
[POS] Cargando DBF...
[POS] MAPRE: 40640
[POS] DPOFE: 2448
[POS] Cache cargado en 1936 ms
[POS] Refrescando cache DBF...
[POS] Cargando DBF...
[POS] MAPRE: 40640
[POS] DPOFE: 2448
[POS] Cache cargado en 1945 ms
[POS] Refrescando cache DBF...
[POS] Cargando DBF...
[POS] MAPRE: 40640
[POS] DPOFE: 2448
[POS] Cache cargado en 1936 ms
[POS] Refrescando cache DBF...
[POS] Cargando DBF...
[POS] MAPRE: 40640
[POS] DPOFE: 2448
[POS] Cache cargado en 1900 ms
[POS] Refrescando cache DBF...
[POS] Cargando DBF...
[POS] MAPRE: 40640
[POS] DPOFE: 2448
[POS] Cache cargado en 1904 ms
[POS] Refrescando cache DBF...
[POS] Cargando DBF...
[POS] MAPRE: 40640
[POS] DPOFE: 2448
[POS] Cache cargado en 1962 ms
[POS] Refrescando cache DBF...
[POS] Cargando DBF...
[POS] MAPRE: 40640
[POS] DPOFE: 2448
[POS] Cache cargado en 1934 ms
[POS] Refrescando cache DBF...
[POS] Cargando DBF...
[POS] MAPRE: 40640
[POS] DPOFE: 2448
[POS] Cache cargado en 1953 ms
[POS] Refrescando cache DBF...
[POS] Cargando DBF...
[POS] MAPRE: 40640
[POS] DPOFE: 2448
[POS] Cache cargado en 1934 ms
[POS] Refrescando cache DBF...
[POS] Cargando DBF...
[POS] MAPRE: 40640
[POS] DPOFE: 2448
[POS] Cache cargado en 1938 ms
[POS] Refrescando cache DBF...
[POS] Cargando DBF...
[POS] MAPRE: 40640
[POS] DPOFE: 2448
[POS] Cache cargado en 1930 ms
[POS] Refrescando cache DBF...
[POS] Cargando DBF...
[POS] MAPRE: 40640
[POS] DPOFE: 2448
[POS] Cache cargado en 1941 ms
[POS] Refrescando cache DBF...
[POS] Cargando DBF...
[POS] MAPRE: 40640
[POS] DPOFE: 2448
[POS] Cache cargado en 1938 ms
[POS] Refrescando cache DBF...
[POS] Cargando DBF...
[POS] MAPRE: 40640
[POS] DPOFE: 2448
[POS] Cache cargado en 1951 ms
[POS] Refrescando cache DBF...
[POS] Cargando DBF...
[POS] MAPRE: 40640
[POS] DPOFE: 2448
[POS] Cache cargado en 1916 ms
[POS] Refrescando cache DBF...
[POS] Cargando DBF...
[POS] MAPRE: 40640
[POS] DPOFE: 2448
[POS] Cache cargado en 1955 ms
[POS] Refrescando cache DBF...
[POS] Cargando DBF...
[POS] MAPRE: 40640
[POS] DPOFE: 2448
[POS] Cache cargado en 1947 ms
[POS] Refrescando cache DBF...
[POS] Cargando DBF...
[POS] MAPRE: 40640
[POS] DPOFE: 2448
[POS] Cache cargado en 1935 ms
[POS] Refrescando cache DBF...
[POS] Cargando DBF...
[POS] MAPRE: 40640
[POS] DPOFE: 2448
[POS] Cache cargado en 1922 ms
[POS] Refrescando cache DBF...
[POS] Cargando DBF...
[POS] MAPRE: 40640
[POS] DPOFE: 2448
[POS] Cache cargado en 1910 ms
[POS] Refrescando cache DBF...
[POS] Cargando DBF...
[POS] MAPRE: 40640
[POS] DPOFE: 2448
[POS] Cache cargado en 1984 ms
[POS] Refrescando cache DBF...
[POS] Cargando DBF...
[POS] MAPRE: 40640
[POS] DPOFE: 2448
[POS] Cache cargado en 1955 ms
[POS] Refrescando cache DBF...
[POS] Cargando DBF...
[POS] MAPRE: 40640
[POS] DPOFE: 2448
[POS] Cache cargado en 1929 ms
[POS] Refrescando cache DBF...
[POS] Cargando DBF...
[POS] MAPRE: 40640
[POS] DPOFE: 2448
[POS] Cache cargado en 1937 ms
[POS] Refrescando cache DBF...
[POS] Cargando DBF...
[POS] MAPRE: 40640
[POS] DPOFE: 2448
[POS] Cache cargado en 1924 ms
[POS] Refrescando cache DBF...
[POS] Cargando DBF...
[POS] MAPRE: 40640
[POS] DPOFE: 2448
[POS] Cache cargado en 1930 ms
[POS] Refrescando cache DBF...
[POS] Cargando DBF...
[POS] MAPRE: 40640
[POS] DPOFE: 2448
[POS] Cache cargado en 1932 ms
[POS] Refrescando cache DBF...
[POS] Cargando DBF...
[POS] MAPRE: 40640
[POS] DPOFE: 2448
[POS] Cache cargado en 1931 ms
[POS] Refrescando cache DBF...
[POS] Cargando DBF...
[POS] MAPRE: 40640
[POS] DPOFE: 2448
[POS] Cache cargado en 1932 ms
[POS] Refrescando cache DBF...
[POS] Cargando DBF...
[POS] MAPRE: 40640
[POS] DPOFE: 2448
[POS] Cache cargado en 1949 ms
[POS] Refrescando cache DBF...
[POS] Cargando DBF...
[POS] MAPRE: 40640
[POS] DPOFE: 2448
[POS] Cache cargado en 1929 ms
[POS] Refrescando cache DBF...
[POS] Cargando DBF...
[POS] MAPRE: 40640
[POS] DPOFE: 2448
[POS] Cache cargado en 1948 ms
[POS] Refrescando cache DBF...
[POS] Cargando DBF...
[POS] MAPRE: 40640
[POS] DPOFE: 2448
[POS] Cache cargado en 1947 ms
[POS] Refrescando cache DBF...
[POS] Cargando DBF...
[POS] MAPRE: 40640
[POS] DPOFE: 2448
[POS] Cache cargado en 1944 ms
[POS] Refrescando cache DBF...
[POS] Cargando DBF...
[POS] MAPRE: 40640
[POS] DPOFE: 2448
[POS] Cache cargado en 1889 ms
[POS] Refrescando cache DBF...
[POS] Cargando DBF...
[POS] MAPRE: 40640
[POS] DPOFE: 2448
[POS] Cache cargado en 1942 ms
[POS] Refrescando cache DBF...
[POS] Cargando DBF...
[POS] MAPRE: 40640
[POS] DPOFE: 2448
[POS] Cache cargado en 1938 ms
[POS] Refrescando cache DBF...
[POS] Cargando DBF...
[POS] MAPRE: 40640
[POS] DPOFE: 2448
[POS] Cache cargado en 1958 ms
[POS] Refrescando cache DBF...
[POS] Cargando DBF...
[POS] MAPRE: 40640
[POS] DPOFE: 2448
[POS] Cache cargado en 1938 ms
[POS] Refrescando cache DBF...
[POS] Cargando DBF...
[POS] MAPRE: 40640
[POS] DPOFE: 2448
[POS] Cache cargado en 1941 ms
[POS] Refrescando cache DBF...
[POS] Cargando DBF...
[POS] MAPRE: 40640
[POS] DPOFE: 2448
[POS] Cache cargado en 1960 ms
[POS] Refrescando cache DBF...
[POS] Cargando DBF...
[POS] MAPRE: 40640
[POS] DPOFE: 2448
[POS] Cache cargado en 1929 ms
[POS] Refrescando cache DBF...
[POS] Cargando DBF...
[POS] MAPRE: 40640
[POS] DPOFE: 2448
[POS] Cache cargado en 1926 ms
[POS] Refrescando cache DBF...
[POS] Cargando DBF...
[POS] MAPRE: 40640
[POS] DPOFE: 2448
[POS] Cache cargado en 1958 ms
[POS] Refrescando cache DBF...
[POS] Cargando DBF...
[POS] MAPRE: 40640
[POS] DPOFE: 2448
[POS] Cache cargado en 1978 ms
[POS] Refrescando cache DBF...
[POS] Cargando DBF...
[POS] MAPRE: 40640
[POS] DPOFE: 2448
[POS] Cache cargado en 1980 ms
[POS] Refrescando cache DBF...
[POS] Cargando DBF...
[POS] MAPRE: 40640
[POS] DPOFE: 2448
[POS] Cache cargado en 1998 ms
[POS] Refrescando cache DBF...
[POS] Cargando DBF...
[POS] MAPRE: 40640
[POS] DPOFE: 2448
[POS] Cache cargado en 1988 ms
[POS] Refrescando cache DBF...
[POS] Cargando DBF...
[POS] MAPRE: 40640
[POS] DPOFE: 2448
[POS] Cache cargado en 1989 ms
[POS] Refrescando cache DBF...
[POS] Cargando DBF...
[POS] MAPRE: 40640
[POS] DPOFE: 2448
[POS] Cache cargado en 1957 ms
[POS] Refrescando cache DBF...
[POS] Cargando DBF...
[POS] MAPRE: 40640
[POS] DPOFE: 2448
[POS] Cache cargado en 1970 ms
[POS] Refrescando cache DBF...
[POS] Cargando DBF...
[POS] MAPRE: 40640
[POS] DPOFE: 2448
[POS] Cache cargado en 1972 ms
[POS] Refrescando cache DBF...
[POS] Cargando DBF...
[POS] MAPRE: 40640
[POS] DPOFE: 2448
[POS] Cache cargado en 1985 ms
[POS] Refrescando cache DBF...
[POS] Cargando DBF...
[POS] MAPRE: 40640
[POS] DPOFE: 2448
[POS] Cache cargado en 1971 ms
[POS] Refrescando cache DBF...
[POS] Cargando DBF...
[POS] MAPRE: 40640
[POS] DPOFE: 2448
[POS] Cache cargado en 1971 ms
[POS] Refrescando cache DBF...
[POS] Cargando DBF...
[POS] MAPRE: 40640
[POS] DPOFE: 2448
[POS] Cache cargado en 1968 ms
[POS] Refrescando cache DBF...
[POS] Cargando DBF...
[POS] MAPRE: 40640
[POS] DPOFE: 2448
[POS] Cache cargado en 1962 ms
[POS] Refrescando cache DBF...
[POS] Cargando DBF...
[POS] MAPRE: 40640
[POS] DPOFE: 2448
[POS] Cache cargado en 1955 ms
[POS] Refrescando cache DBF...
[POS] Cargando DBF...
[POS] MAPRE: 40640
[POS] DPOFE: 2448
[POS] Cache cargado en 1992 ms
[POS] Refrescando cache DBF...
[POS] Cargando DBF...
[POS] MAPRE: 40640
[POS] DPOFE: 2448
[POS] Cache cargado en 1956 ms
[POS] Refrescando cache DBF...
[POS] Cargando DBF...
[POS] MAPRE: 40640
[POS] DPOFE: 2448
[POS] Cache cargado en 1940 ms
[POS] Refrescando cache DBF...
[POS] Cargando DBF...
[POS] MAPRE: 40640
[POS] DPOFE: 2448
[POS] Cache cargado en 1973 ms
[POS] Refrescando cache DBF...
[POS] Cargando DBF...
[POS] MAPRE: 40640
[POS] DPOFE: 2448
[POS] Cache cargado en 1976 ms
[POS] Refrescando cache DBF...
[POS] Cargando DBF...
[POS] MAPRE: 40640
[POS] DPOFE: 2448
[POS] Cache cargado en 1979 ms
[POS] Refrescando cache DBF...
[POS] Cargando DBF...
[POS] MAPRE: 40640
[POS] DPOFE: 2448
[POS] Cache cargado en 1972 ms
[POS] Refrescando cache DBF...
[POS] Cargando DBF...
[POS] MAPRE: 40640
[POS] DPOFE: 2448
[POS] Cache cargado en 1962 ms
[POS] Refrescando cache DBF...
[POS] Cargando DBF...
[POS] MAPRE: 40640
[POS] DPOFE: 2448
[POS] Cache cargado en 1972 ms
[POS] Refrescando cache DBF...
[POS] Cargando DBF...
[POS] MAPRE: 40640
[POS] DPOFE: 2448
[POS] Cache cargado en 1963 ms
[POS] Refrescando cache DBF...
[POS] Cargando DBF...
[POS] MAPRE: 40640
[POS] DPOFE: 2448
[POS] Cache cargado en 1958 ms
[POS] Refrescando cache DBF...
[POS] Cargando DBF...
[POS] MAPRE: 40640
[POS] DPOFE: 2448
[POS] Cache cargado en 1951 ms
[POS] Refrescando cache DBF...
[POS] Cargando DBF...
[POS] MAPRE: 40640
[POS] DPOFE: 2448
[POS] Cache cargado en 1986 ms
[POS] Refrescando cache DBF...
[POS] Cargando DBF...
[POS] MAPRE: 40640
[POS] DPOFE: 2448
[POS] Cache cargado en 1972 ms
[POS] Refrescando cache DBF...
[POS] Cargando DBF...
[POS] MAPRE: 40640
[POS] DPOFE: 2448
[POS] Cache cargado en 1961 ms
[POS] Refrescando cache DBF...
[POS] Cargando DBF...
[POS] MAPRE: 40640
[POS] DPOFE: 2448
[POS] Cache cargado en 1959 ms
[POS] Refrescando cache DBF...
[POS] Cargando DBF...
[POS] MAPRE: 40640
[POS] DPOFE: 2448
[POS] Cache cargado en 1975 ms
[POS] Refrescando cache DBF...
[POS] Cargando DBF...
[POS] MAPRE: 40640
[POS] DPOFE: 2448
[POS] Cache cargado en 1962 ms
[POS] Refrescando cache DBF...
[POS] Cargando DBF...
[POS] MAPRE: 40640
[POS] DPOFE: 2448
[POS] Cache cargado en 1946 ms
[POS] Refrescando cache DBF...
[POS] Cargando DBF...
[POS] MAPRE: 40640
[POS] DPOFE: 2448
[POS] Cache cargado en 1968 ms
[POS] Refrescando cache DBF...
[POS] Cargando DBF...
[POS] MAPRE: 40640
[POS] DPOFE: 2448
[POS] Cache cargado en 1982 ms
[POS] Refrescando cache DBF...
[POS] Cargando DBF...
[POS] MAPRE: 40640
[POS] DPOFE: 2448
[POS] Cache cargado en 1949 ms
[POS] Refrescando cache DBF...
[POS] Cargando DBF...
[POS] MAPRE: 40640
[POS] DPOFE: 2448
[POS] Cache cargado en 1965 ms
[POS] Refrescando cache DBF...
[POS] Cargando DBF...
[POS] MAPRE: 40640
[POS] DPOFE: 2448
[POS] Cache cargado en 1959 ms
[POS] Refrescando cache DBF...
[POS] Cargando DBF...
[POS] MAPRE: 40640
[POS] DPOFE: 2448
[POS] Cache cargado en 1971 ms
[POS] Refrescando cache DBF...
[POS] Cargando DBF...
[POS] MAPRE: 40640
[POS] DPOFE: 2448
[POS] Cache cargado en 1981 ms
[POS] Refrescando cache DBF...
[POS] Cargando DBF...
[POS] MAPRE: 40640
[POS] DPOFE: 2448
[POS] Cache cargado en 2007 ms
[POS] Refrescando cache DBF...
[POS] Cargando DBF...
[POS] MAPRE: 40640
[POS] DPOFE: 2448
[POS] Cache cargado en 1971 ms
[POS] Refrescando cache DBF...
[POS] Cargando DBF...
[POS] MAPRE: 40640
[POS] DPOFE: 2448
[POS] Cache cargado en 1933 ms
[POS] Refrescando cache DBF...
[POS] Cargando DBF...
[POS] MAPRE: 40640
[POS] DPOFE: 2448
[POS] Cache cargado en 1949 ms
[POS] Refrescando cache DBF...
[POS] Cargando DBF...
[POS] MAPRE: 40640
[POS] DPOFE: 2448
[POS] Cache cargado en 1962 ms
[POS] Refrescando cache DBF...
[POS] Cargando DBF...
[POS] MAPRE: 40640
[POS] DPOFE: 2448
[POS] Cache cargado en 1965 ms
[POS] Refrescando cache DBF...
[POS] Cargando DBF...
[POS] MAPRE: 40640
[POS] DPOFE: 2448
[POS] Cache cargado en 1966 ms
[POS] Refrescando cache DBF...
[POS] Cargando DBF...
[POS] MAPRE: 40640
[POS] DPOFE: 2448
[POS] Cache cargado en 1969 ms
[POS] Refrescando cache DBF...
[POS] Cargando DBF...
[POS] MAPRE: 40640
[POS] DPOFE: 2448
[POS] Cache cargado en 1935 ms
[POS] Refrescando cache DBF...
[POS] Cargando DBF...
[POS] MAPRE: 40640
[POS] DPOFE: 2448
[POS] Cache cargado en 1965 ms
[POS] Refrescando cache DBF...
[POS] Cargando DBF...
[POS] MAPRE: 40640
[POS] DPOFE: 2448
[POS] Cache cargado en 1975 ms
[POS] Refrescando cache DBF...
[POS] Cargando DBF...
[POS] MAPRE: 40640
[POS] DPOFE: 2448
[POS] Cache cargado en 1966 ms
[POS] Refrescando cache DBF...
[POS] Cargando DBF...
[POS] MAPRE: 40640
[POS] DPOFE: 2448
[POS] Cache cargado en 1943 ms
[POS] Refrescando cache DBF...
[POS] Cargando DBF...
[POS] MAPRE: 40640
[POS] DPOFE: 2448
[POS] Cache cargado en 1961 ms
[POS] Refrescando cache DBF...
[POS] Cargando DBF...
[POS] MAPRE: 40640
[POS] DPOFE: 2448
[POS] Cache cargado en 1961 ms
[POS] Refrescando cache DBF...
[POS] Cargando DBF...
[POS] MAPRE: 40640
[POS] DPOFE: 2448
[POS] Cache cargado en 1951 ms
[POS] Refrescando cache DBF...
[POS] Cargando DBF...
[POS] MAPRE: 40640
[POS] DPOFE: 2448
[POS] Cache cargado en 1949 ms
[POS] Refrescando cache DBF...
[POS] Cargando DBF...
[POS] MAPRE: 40640
[POS] DPOFE: 2448
[POS] Cache cargado en 1967 ms
[POS] Refrescando cache DBF...
[POS] Cargando DBF...
[POS] MAPRE: 40640
[POS] DPOFE: 2448
[POS] Cache cargado en 1939 ms
[POS] Refrescando cache DBF...
[POS] Cargando DBF...
[POS] MAPRE: 40640
[POS] DPOFE: 2448
[POS] Cache cargado en 1970 ms
[POS] Refrescando cache DBF...
[POS] Cargando DBF...
[POS] MAPRE: 40640
[POS] DPOFE: 2448
[POS] Cache cargado en 1964 ms
[POS] Refrescando cache DBF...
[POS] Cargando DBF...
[POS] MAPRE: 40640
[POS] DPOFE: 2448
[POS] Cache cargado en 1972 ms
[POS] Refrescando cache DBF...
[POS] Cargando DBF...
[POS] MAPRE: 40640
[POS] DPOFE: 2448
[POS] Cache cargado en 1946 ms
[POS] Refrescando cache DBF...
[POS] Cargando DBF...
[POS] MAPRE: 40640
[POS] DPOFE: 2448
[POS] Cache cargado en 1975 ms
[POS] Refrescando cache DBF...
[POS] Cargando DBF...
[POS] MAPRE: 40640
[POS] DPOFE: 2448
[POS] Cache cargado en 1976 ms
[POS] Refrescando cache DBF...
[POS] Cargando DBF...
[POS] MAPRE: 40640
[POS] DPOFE: 2448
[POS] Cache cargado en 1980 ms
[POS] Refrescando cache DBF...
[POS] Cargando DBF...
[POS] MAPRE: 40640
[POS] DPOFE: 2448
[POS] Cache cargado en 1967 ms
[POS] Refrescando cache DBF...
[POS] Cargando DBF...
[POS] MAPRE: 40640
[POS] DPOFE: 2448
[POS] Cache cargado en 1960 ms
[POS] Refrescando cache DBF...
[POS] Cargando DBF...
[POS] MAPRE: 40640
[POS] DPOFE: 2448
[POS] Cache cargado en 1960 ms
[POS] Refrescando cache DBF...
[POS] Cargando DBF...
[POS] MAPRE: 40640
[POS] DPOFE: 2448
[POS] Cache cargado en 1979 ms
[POS] Refrescando cache DBF...
[POS] Cargando DBF...
[POS] MAPRE: 40640
[POS] DPOFE: 2448
[POS] Cache cargado en 1981 ms
[POS] Refrescando cache DBF...
[POS] Cargando DBF...
[POS] MAPRE: 40640
[POS] DPOFE: 2448
[POS] Cache cargado en 1972 ms
[POS] Refrescando cache DBF...
[POS] Cargando DBF...
[POS] MAPRE: 40640
[POS] DPOFE: 2448
[POS] Cache cargado en 1960 ms
[POS] Refrescando cache DBF...
[POS] Cargando DBF...
[POS] MAPRE: 40640
[POS] DPOFE: 2448
[POS] Cache cargado en 1968 ms
[POS] Refrescando cache DBF...
[POS] Cargando DBF...
[POS] MAPRE: 40640
[POS] DPOFE: 2448
[POS] Cache cargado en 1965 ms
[POS] Refrescando cache DBF...
[POS] Cargando DBF...
[POS] MAPRE: 40640
[POS] DPOFE: 2448
[POS] Cache cargado en 2012 ms
[POS] Refrescando cache DBF...
[POS] Cargando DBF...
[POS] MAPRE: 40640
[POS] DPOFE: 2448
[POS] Cache cargado en 2032 ms
[POS] Refrescando cache DBF...
[POS] Cargando DBF...
[POS] MAPRE: 40640
[POS] DPOFE: 2448
[POS] Cache cargado en 2006 ms
[POS] Refrescando cache DBF...
[POS] Cargando DBF...
[POS] MAPRE: 40640
[POS] DPOFE: 2448
[POS] Cache cargado en 1994 ms
[POS] Refrescando cache DBF...
[POS] Cargando DBF...
[POS] MAPRE: 40640
[POS] DPOFE: 2448
[POS] Cache cargado en 2001 ms
[POS] Refrescando cache DBF...
[POS] Cargando DBF...
[POS] MAPRE: 40640
[POS] DPOFE: 2448
[POS] Cache cargado en 1947 ms
[POS] Refrescando cache DBF...
[POS] Cargando DBF...
[POS] MAPRE: 40640
[POS] DPOFE: 2448
[POS] Cache cargado en 2008 ms
[POS] Refrescando cache DBF...
[POS] Cargando DBF...
[POS] MAPRE: 40640
[POS] DPOFE: 2448
[POS] Cache cargado en 1954 ms
responseXml <?xml version="1.0" encoding="utf-8"?><soap:Envelope xmlns:soap="http://schemas.xmlsoap.org/soap/envelope/" xmlns:xsi="http://www.w3.org/2001/XMLSchema-instance" xmlns:xsd="http://www.w3.org/2001/XMLSchema"><soap:Body><Login_UsuarioResponse xmlns="http://www.fasa.cl/"><Login_UsuarioResult>&lt;?xml version="1.0" encoding="utf-8" ?&gt;&lt;Respuesta&gt;&lt;Codigo&gt;0&lt;/Codigo&gt;&lt;Mensaje&gt;Transaccion exitosa.&lt;/Mensaje&gt;&lt;Emisor&gt;wsAccesos&lt;/Emisor&gt;&lt;FechaHora&gt;2026-04-21 09:15:44&lt;/FechaHora&gt;&lt;IdUsuario&gt;8172&lt;/IdUsuario&gt;&lt;/Respuesta&gt;</Login_UsuarioResult></Login_UsuarioResponse></soap:Body></soap:Envelope>
[ACCESOS] Login_Usuario OK
[ACCESOS] pIdLogin generado: 8172
[ACCESOS] Menu_XML OK – acceso concedido
[POS] Refrescando cache DBF...
[POS] Cargando DBF...
[POS] MAPRE: 40640
[POS] DPOFE: 2448
[POS] Cache cargado en 1952 ms
[POS] Refrescando cache DBF...
[POS] Cargando DBF...
[POS] MAPRE: 40640
[POS] DPOFE: 2448
[POS] Cache cargado en 1941 ms
[POS] Refrescando cache DBF...
[POS] Cargando DBF...
[POS] MAPRE: 40640
[POS] DPOFE: 2448
[POS] Cache cargado en 1982 ms
🔥 PRINT CALLED { time: '2026-04-21T13:33:04.873Z', isArray: true, items: 16 }
productos: [
  {
    producto: 'COLLET GENERO BACK TO SCHOOL',
    sku: '94485',
    ean13: '799192420542',
    unidadMedida: 'UNIDAD',
    precioNormal: 1899,
    precioUnitario: 1899,
    precioOferta: 1350,
    validoHasta: 'Mon Mar 30 2026 21:00:00 GMT-0300 (hora estándar de Argentina)',
    cantidad: 1
  },
  {
    producto: 'RICOLA CARAMELO CRANBERRY 27,5 GR',
    sku: '89113',
    ean13: '7610700001967',
    unidadMedida: 'G',
    precioNormal: 2999,
    precioUnitario: 109.05,
    precioOferta: 2090,
    validoHasta: 'Mon Mar 30 2026 21:00:00 GMT-0300 (hora estándar de Argentina)',
    cantidad: 1
  },
  {
    producto: 'DISCO MENSTRUAL BENTLEY 1 UN',
    sku: '93025',
    ean13: '7804918453339',
    unidadMedida: 'UNIDAD',
    precioNormal: 17719,
    precioUnitario: 17719,
    precioOferta: 15490,
    validoHasta: 'Mon Mar 30 2026 21:00:00 GMT-0300 (hora estándar de Argentina)',
    cantidad: 1
  },
  {
    producto: 'DESODORANTE SPRAY LACTOUREA 200 ML',
    sku: '94724',
    ean13: '8411135352766',
    unidadMedida: '1 L.',
    precioNormal: 3599,
    precioUnitario: 17995,
    precioOferta: 1080,
    validoHasta: 'Mon Mar 30 2026 21:00:00 GMT-0300 (hora estándar de Argentina)',
    cantidad: 1
  },
  {
    producto: 'NIVEA LIP CARE GLOSS GLOW',
    sku: '96462',
    ean13: '4006000195681',
    unidadMedida: 'MG',
    precioNormal: 6299,
    precioUnitario: 1259800,
    precioOferta: 6299,
    validoHasta: 'Mon Mar 30 2026 21:00:00 GMT-0300 (hora estándar de Argentina)',
    cantidad: 1
  },
  {
    producto: 'BALSAMO LABIAL CARMEX POTE 7,5 GR',
    sku: '94248',
    ean13: '83078003616',
    unidadMedida: 'G',
    precioNormal: 4999,
    precioUnitario: 666.53,
    precioOferta: 4490,
    validoHasta: 'Mon Mar 30 2026 21:00:00 GMT-0300 (hora estándar de Argentina)',
    cantidad: 1
  },
  {
    producto: 'CRM ADH DEN ULTRA COREGA MÁX SELL SS 70G',
    sku: '89536',
    ean13: '7794640172731',
    unidadMedida: 'G',
    precioNormal: 21399,
    precioUnitario: 305700,
    precioOferta: 19390,
    validoHasta: 'Mon Mar 30 2026 21:00:00 GMT-0300 (hora estándar de Argentina)',
    cantidad: 1
  },
  {
    producto: 'ORALDENT ORALDENT PASTA JUNIOR 100GR',
    sku: '95792',
    ean13: '7800004006502',
    unidadMedida: '1 K.',
    precioNormal: 3499,
    precioUnitario: 34990,
    precioOferta: 2590,
    validoHasta: 'Mon Mar 30 2026 21:00:00 GMT-0300 (hora estándar de Argentina)',
    cantidad: 1
  },
  {
    producto: 'CEPILLO ELEC. VITALITY KIDS SPIDERMAN OB',
    sku: '90644',
    ean13: '4210201408994',
    unidadMedida: 'UNIDAD',
    precioNormal: 36179,
    precioUnitario: 36179,
    precioOferta: 31999,
    validoHasta: 'Mon Mar 30 2026 21:00:00 GMT-0300 (hora estándar de Argentina)',
    cantidad: 1
  },
  {
    producto: 'ACONDICIONADOR PANTENE KERATINA 250ML',
    sku: '93449',
    ean13: '7500435241106',
    unidadMedida: '1 L.',
    precioNormal: 5099,
    precioUnitario: 20396,
    precioOferta: 3795,
    validoHasta: 'Mon Mar 30 2026 21:00:00 GMT-0300 (hora estándar de Argentina)',
    cantidad: 1
  },
  {
    producto: 'CEPILLO TANGLE TEEZER BUTTERCUP YELLOW',
    sku: '94582',
    ean13: '5060926686837',
    unidadMedida: 'UNIDAD',
    precioNormal: 10299,
    precioUnitario: 10299,
    precioOferta: 8499,
    validoHasta: 'Mon Mar 30 2026 21:00:00 GMT-0300 (hora estándar de Argentina)',
    cantidad: 1
  },
  {
    producto: 'TAPSIN DN DIA 12 CAP+NOCHE 6 COMP.',
    sku: '85868',
    ean13: '7800004002160',
    unidadMedida: '1 UNID',
    precioNormal: 5119,
    precioUnitario: 284.39,
    precioOferta: 4190,
    validoHasta: 'Mon Mar 30 2026 21:00:00 GMT-0300 (hora estándar de Argentina)',
    cantidad: 1
  },
  {
    producto: 'NATUVIT VITAMINA C 500MG X 32C',
    sku: '94489',
    ean13: '2000000755014',
    unidadMedida: 'UNIDAD',
    precioNormal: 3199,
    precioUnitario: 99.97,
    precioOferta: 2890,
    validoHasta: 'Mon Mar 30 2026 21:00:00 GMT-0300 (hora estándar de Argentina)',
    cantidad: 1
  },
  {
    producto: 'BEBIDA ELECTROLIT HIDRAT.FRUT-KIWI 625ML',
    sku: '90034',
    ean13: '7502268541675',
    unidadMedida: 'ML',
    precioNormal: 2519,
    precioUnitario: 4030.4,
    precioOferta: 1995,
    validoHasta: 'Mon Mar 30 2026 21:00:00 GMT-0300 (hora estándar de Argentina)',
    cantidad: 1
  },
  {
    producto: 'VITADAY OMEGA 3-6-9 100 CAP BLAN',
    sku: '94973',
    ean13: '781584323043',
    unidadMedida: 'UNIDAD',
    precioNormal: 15249,
    precioUnitario: 152.49,
    precioOferta: 10674,
    validoHasta: 'Sat Mar 14 2026 21:00:00 GMT-0300 (hora estándar de Argentina)',
    cantidad: 1
  },
  {
    producto: 'CEP. DENT ORAL B ICONIC 3UN',
    sku: '92270',
    ean13: '7500435182201',
    unidadMedida: 'UNIDAD',
    precioNormal: 10049,
    precioUnitario: 3349.67,
    precioOferta: 8790,
    validoHasta: 'Mon Mar 30 2026 21:00:00 GMT-0300 (hora estándar de Argentina)',
    cantidad: 1
  }
]
[POS] Refrescando cache DBF...
[POS] Cargando DBF...
[POS] MAPRE: 40640
[POS] DPOFE: 2448
[POS] Cache cargado en 1971 ms
[POS] Refrescando cache DBF...
[POS] Cargando DBF...
[POS] MAPRE: 40640
[POS] DPOFE: 2448
[POS] Cache cargado en 1962 ms
[POS] Refrescando cache DBF...
[POS] Cargando DBF...
[POS] MAPRE: 40640
[POS] DPOFE: 2448
[POS] Cache cargado en 1961 ms
[POS] Refrescando cache DBF...
[POS] Cargando DBF...
[POS] MAPRE: 40640
[POS] DPOFE: 2448
[POS] Cache cargado en 1975 ms
[POS] Refrescando cache DBF...
[POS] Cargando DBF...
[POS] MAPRE: 40640
[POS] DPOFE: 2448
[POS] Cache cargado en 1965 ms
[POS] Refrescando cache DBF...
[POS] Cargando DBF...
[POS] MAPRE: 40640
[POS] DPOFE: 2448
[POS] Cache cargado en 1973 ms
[POS] Refrescando cache DBF...
[POS] Cargando DBF...
[POS] MAPRE: 40640
[POS] DPOFE: 2448
[POS] Cache cargado en 1944 ms
[POS] Refrescando cache DBF...
[POS] Cargando DBF...
[POS] MAPRE: 40640
[POS] DPOFE: 2448
[POS] Cache cargado en 1961 ms
[POS] Refrescando cache DBF...
[POS] Cargando DBF...
[POS] MAPRE: 40640
[POS] DPOFE: 2448
[POS] Cache cargado en 1963 ms
[POS] Refrescando cache DBF...
[POS] Cargando DBF...
[POS] MAPRE: 40640
[POS] DPOFE: 2448
[POS] Cache cargado en 1970 ms
[POS] Refrescando cache DBF...
[POS] Cargando DBF...
[POS] MAPRE: 40640
[POS] DPOFE: 2448
[POS] Cache cargado en 1917 ms
[POS] Refrescando cache DBF...
[POS] Cargando DBF...
[POS] MAPRE: 40640
[POS] DPOFE: 2448
[POS] Cache cargado en 1940 ms
[POS] Refrescando cache DBF...
[POS] Cargando DBF...
[POS] MAPRE: 40640
[POS] DPOFE: 2448
[POS] Cache cargado en 1963 ms
[POS] Refrescando cache DBF...
[POS] Cargando DBF...
[POS] MAPRE: 40640
[POS] DPOFE: 2448
[POS] Cache cargado en 1979 ms
[POS] Refrescando cache DBF...
[POS] Cargando DBF...
[POS] MAPRE: 40640
[POS] DPOFE: 2448
[POS] Cache cargado en 1951 ms
[POS] Refrescando cache DBF...
[POS] Cargando DBF...
[POS] MAPRE: 40640
[POS] DPOFE: 2448
[POS] Cache cargado en 1957 ms
[POS] Refrescando cache DBF...
[POS] Cargando DBF...
[POS] MAPRE: 40640
[POS] DPOFE: 2448
[POS] Cache cargado en 1931 ms
[POS] Refrescando cache DBF...
[POS] Cargando DBF...
[POS] MAPRE: 40640
[POS] DPOFE: 2448
[POS] Cache cargado en 1953 ms
[POS] Refrescando cache DBF...
[POS] Cargando DBF...
[POS] MAPRE: 40640
[POS] DPOFE: 2448
[POS] Cache cargado en 1943 ms
[POS] Refrescando cache DBF...
[POS] Cargando DBF...
[POS] MAPRE: 40640
[POS] DPOFE: 2448
[POS] Cache cargado en 1955 ms
[POS] Refrescando cache DBF...
[POS] Cargando DBF...
[POS] MAPRE: 40640
[POS] DPOFE: 2448
[POS] Cache cargado en 1912 ms
[POS] Refrescando cache DBF...
[POS] Cargando DBF...
[POS] MAPRE: 40640
[POS] DPOFE: 2448
[POS] Cache cargado en 1970 ms
responseXml <?xml version="1.0" encoding="utf-8"?><soap:Envelope xmlns:soap="http://schemas.xmlsoap.org/soap/envelope/" xmlns:xsi="http://www.w3.org/2001/XMLSchema-instance" xmlns:xsd="http://www.w3.org/2001/XMLSchema"><soap:Body><Login_UsuarioResponse xmlns="http://www.fasa.cl/"><Login_UsuarioResult>&lt;?xml version="1.0" encoding="utf-8" ?&gt;&lt;Respuesta&gt;&lt;Codigo&gt;0&lt;/Codigo&gt;&lt;Mensaje&gt;Transaccion exitosa.&lt;/Mensaje&gt;&lt;Emisor&gt;wsAccesos&lt;/Emisor&gt;&lt;FechaHora&gt;2026-04-21 11:21:33&lt;/FechaHora&gt;&lt;IdUsuario&gt;8172&lt;/IdUsuario&gt;&lt;/Respuesta&gt;</Login_UsuarioResult></Login_UsuarioResponse></soap:Body></soap:Envelope>
[ACCESOS] Login_Usuario OK
[ACCESOS] pIdLogin generado: 8172
[ACCESOS] Menu_XML OK – acceso concedido
[POS] Refrescando cache DBF...
[POS] Cargando DBF...
[POS] MAPRE: 40640
[POS] DPOFE: 2448
[POS] Cache cargado en 1981 ms
🔥 PRINT CALLED { time: '2026-04-21T15:25:25.774Z', isArray: true, items: 14 }
productos: [
  {
    producto: 'TOALLA NOSOTRAS LARGA TELA SUAVE X 24UN',
    sku: '93974',
    ean13: '7702026153625',
    unidadMedida: 'UNIDAD',
    precioNormal: 4599,
    precioUnitario: 191.63,
    precioOferta: 3390,
    validoHasta: 'Mon Mar 30 2026 21:00:00 GMT-0300 (hora estándar de Argentina)',
    cantidad: 1
  },
  {
    producto: 'TOA BUENAS NOCHES ULTR NOSOTRAS MALLA 8U',
    sku: '88136',
    ean13: '7702026145026',
    unidadMedida: 'UNIDAD',
    precioNormal: 2299,
    precioUnitario: 287.38,
    precioOferta: 1490,
    validoHasta: 'Mon Mar 30 2026 21:00:00 GMT-0300 (hora estándar de Argentina)',
    cantidad: 1
  },
  {
    producto: 'RICOLA CARAMELO CRANBERRY 27,5 GR',
    sku: '89113',
    ean13: '7610700001967',
    unidadMedida: 'G',
    precioNormal: 2999,
    precioUnitario: 109.05,
    precioOferta: 2090,
    validoHasta: 'Mon Mar 30 2026 21:00:00 GMT-0300 (hora estándar de Argentina)',
    cantidad: 1
  },
  {
    producto: 'AGUA MINERAL CACHANTUN S/GAS BOT. 600',
    sku: '91965',
    ean13: '7801620009717',
    unidadMedida: 'ML',
    precioNormal: 1499,
    precioUnitario: 2498.33,
    precioOferta: 1045,
    validoHasta: 'Sat Mar 07 2026 21:00:00 GMT-0300 (hora estándar de Argentina)',
    cantidad: 1
  },
  {
    producto: 'BEB.RED BULL ENERGY LATA 250ML.',
    sku: '40891',
    ean13: '9002490100070',
    unidadMedida: 'ML',
    precioNormal: 2099,
    precioUnitario: 8396,
    precioOferta: 1595,
    validoHasta: 'Mon Mar 30 2026 21:00:00 GMT-0300 (hora estándar de Argentina)',
    cantidad: 1
  },
  {
    producto: 'RED BULL YELLOW TROPICAL 250ML',
    sku: '82645',
    ean13: '90424496',
    unidadMedida: 'ML',
    precioNormal: 2099,
    precioUnitario: 8396,
    precioOferta: 1595,
    validoHasta: 'Mon Mar 30 2026 21:00:00 GMT-0300 (hora estándar de Argentina)',
    cantidad: 1
  },
  {
    producto: 'RED BULL RED SANDIA 250ML',
    sku: '91440',
    ean13: '90446849',
    unidadMedida: 'ML',
    precioNormal: 2099,
    precioUnitario: 8396,
    precioOferta: 1595,
    validoHasta: 'Mon Mar 30 2026 21:00:00 GMT-0300 (hora estándar de Argentina)',
    cantidad: 1
  },
  {
    producto: 'LACTOUREA DESODORANTE ROLL ON 50ML',
    sku: '94725',
    ean13: '8411135353770',
    unidadMedida: '1 L.',
    precioNormal: 3059,
    precioUnitario: 61180,
    precioOferta: 918,
    validoHasta: 'Mon Mar 30 2026 21:00:00 GMT-0300 (hora estándar de Argentina)',
    cantidad: 1
  },
  {
    producto: 'DOVE SER CORP EX ASP PANTENOL 200ML',
    sku: '96645',
    ean13: '7506306252974',
    unidadMedida: 'miligramo',
    precioNormal: 7999,
    precioUnitario: 39995,
    precioOferta: 4990,
    validoHasta: 'Mon Mar 30 2026 21:00:00 GMT-0300 (hora estándar de Argentina)',
    cantidad: 1
  },
  {
    producto: 'P. DENT.SENSODYNE REPAR.& PROTEG.100GR.',
    sku: '72820',
    ean13: '7794640170133',
    unidadMedida: 'G',
    precioNormal: 8399,
    precioUnitario: 83990,
    precioOferta: 6590,
    validoHasta: 'Mon Mar 30 2026 21:00:00 GMT-0300 (hora estándar de Argentina)',
    cantidad: 1
  },
  {
    producto: 'DES.BARR.REXONA CLINIC 48GR, XT.DRY WOM.',
    sku: '76162001',
    ean13: '79400301161',
    unidadMedida: 'G',
    precioNormal: 6999,
    precioUnitario: 145812.5,
    precioOferta: 5245,
    validoHasta: 'Mon Mar 30 2026 21:00:00 GMT-0300 (hora estándar de Argentina)',
    cantidad: 1
  },
  {
    producto: 'VIT C 1000MG NAR GER ENER 20 TABL EFER',
    sku: '96823',
    ean13: '7804671180107',
    unidadMedida: 'UNIDAD',
    precioNormal: 4499,
    precioUnitario: 224.95,
    precioOferta: 3690,
    validoHasta: 'Mon Mar 30 2026 21:00:00 GMT-0300 (hora estándar de Argentina)',
    cantidad: 1
  },
  {
    producto: 'VIT C 1000MG BERR GER ENER 20 TABL EFER',
    sku: '96824',
    ean13: '7804671180664',
    unidadMedida: 'UNIDAD',
    precioNormal: 4499,
    precioUnitario: 224.95,
    precioOferta: 3690,
    validoHasta: 'Mon Mar 30 2026 21:00:00 GMT-0300 (hora estándar de Argentina)',
    cantidad: 1
  },
  {
    producto: 'ELECTROLIT ZERO LIMA/LIMON C/625ML',
    sku: '93546',
    ean13: '7502268548582',
    unidadMedida: 'ML',
    precioNormal: 2529,
    precioUnitario: 4046.4,
    precioOferta: 1995,
    validoHasta: 'Mon Mar 30 2026 21:00:00 GMT-0300 (hora estándar de Argentina)',
    cantidad: 1
  }
]
[POS] Refrescando cache DBF...
[POS] Cargando DBF...
[POS] MAPRE: 40640
[POS] DPOFE: 2448
[POS] Cache cargado en 1958 ms
🔥 PRINT CALLED { time: '2026-04-21T15:31:14.006Z', isArray: true, items: 12 }
productos: [
  {
    producto: 'COLAGENO PLUS 384G 30 SACHET',
    sku: '91343',
    ean13: '7809576419277',
    unidadMedida: 'UNIDAD',
    precioNormal: 17145,
    precioUnitario: 571.5,
    precioOferta: 15990,
    validoHasta: 'Mon Mar 30 2026 21:00:00 GMT-0300 (hora estándar de Argentina)',
    cantidad: 1
  },
  {
    producto: 'MOKIT OFF 50 ML SOLUCIÓN NASAL 0,9%',
    sku: '91516',
    ean13: '7804918452608',
    unidadMedida: '1 L.',
    precioNormal: 7689,
    precioUnitario: 153780,
    precioOferta: 4990,
    validoHasta: 'Mon Mar 30 2026 21:00:00 GMT-0300 (hora estándar de Argentina)',
    cantidad: 1
  },
  {
    producto: 'MOKIT OFF KIDS 50 ML SOLUCIÓN NASAL 0,9%',
    sku: '91514',
    ean13: '7804918452615',
    unidadMedida: 'ML',
    precioNormal: 4569,
    precioUnitario: 91380,
    precioOferta: 3655,
    validoHasta: 'Mon Mar 30 2026 21:00:00 GMT-0300 (hora estándar de Argentina)',
    cantidad: 1
  },
  {
    producto: 'GASTROALIV MASTICABLES 10UN.',
    sku: '90903',
    ean13: '7800004004874',
    unidadMedida: '1 UNID',
    precioNormal: 5199,
    precioUnitario: 519.9,
    precioOferta: 3890,
    validoHasta: 'Mon Mar 30 2026 21:00:00 GMT-0300 (hora estándar de Argentina)',
    cantidad: 1
  },
  {
    producto: 'QG BIOTICS FLORA X30 CÁPSULAS',
    sku: '93410',
    ean13: '7804651938360',
    unidadMedida: 'UNIDAD',
    precioNormal: 22399,
    precioUnitario: 746.63,
    precioOferta: 17990,
    validoHasta: 'Mon Mar 30 2026 21:00:00 GMT-0300 (hora estándar de Argentina)',
    cantidad: 1
  },
  {
    producto: 'MENTHOLATUM UGTO. LATA 12 GR.',
    sku: '79120',
    ean13: '78037830',
    unidadMedida: '100 GR',
    precioNormal: 2299,
    precioUnitario: 19158.33,
    precioOferta: 1690,
    validoHasta: 'Mon Mar 30 2026 21:00:00 GMT-0300 (hora estándar de Argentina)',
    cantidad: 1
  },
  {
    producto: 'TOA.PLENITUD DIA Y NOCHE 20 UNIDADES',
    sku: '93680',
    ean13: '7896007552740',
    unidadMedida: 'UNIDAD',
    precioNormal: 7699,
    precioUnitario: 320.79,
    precioOferta: 5999,
    validoHasta: 'Mon Mar 30 2026 21:00:00 GMT-0300 (hora estándar de Argentina)',
    cantidad: 1
  },
  {
    producto: 'CRM. AQUAPHOR EUCERIN POMO 55ML.',
    sku: '68121',
    ean13: '4005800223136',
    unidadMedida: 'ML',
    precioNormal: 14059,
    precioUnitario: 281180,
    precioOferta: 9982,
    validoHasta: 'Sat Mar 14 2026 21:00:00 GMT-0300 (hora estándar de Argentina)',
    cantidad: 1
  },
  {
    producto: 'ECODENTA PD BLACK ORANGE BLANQU 100ML',
    sku: '95529',
    ean13: '4770001003367',
    unidadMedida: '1 L.',
    precioNormal: 8999,
    precioUnitario: 89990,
    precioOferta: 6749,
    validoHasta: 'Mon Mar 30 2026 21:00:00 GMT-0300 (hora estándar de Argentina)',
    cantidad: 1
  },
  {
    producto: 'ECODENTA PD ORGAN KIDS JUEG DE FRUT 75ML',
    sku: '95530',
    ean13: '4770001001400',
    unidadMedida: '1 L.',
    precioNormal: 8999,
    precioUnitario: 119986.67,
    precioOferta: 6749,
    validoHasta: 'Mon Mar 30 2026 21:00:00 GMT-0300 (hora estándar de Argentina)',
    cantidad: 1
  },
  {
    producto: 'ECODENTA PD ORGANICA ANTIPLACA COCO 75ML',
    sku: '95531',
    ean13: '4770001002155',
    unidadMedida: '1 L.',
    precioNormal: 8999,
    precioUnitario: 119986.67,
    precioOferta: 6749,
    validoHasta: 'Mon Mar 30 2026 21:00:00 GMT-0300 (hora estándar de Argentina)',
    cantidad: 1
  },
  {
    producto: 'GUM FLOSSER ORIGINAL 40UN',
    sku: '96842',
    ean13: '70942001953',
    unidadMedida: 'UNIDAD',
    precioNormal: 5199,
    precioUnitario: 129.98,
    precioOferta: 4690,
    validoHasta: 'Mon Mar 30 2026 21:00:00 GMT-0300 (hora estándar de Argentina)',
    cantidad: 1
  }
]
[POS] Refrescando cache DBF...
[POS] Cargando DBF...
[POS] MAPRE: 40640
[POS] DPOFE: 2448
[POS] Cache cargado en 1948 ms
[dotenv@17.3.1] injecting env (11) from .env -- tip: ⚙️  suppress all logs with { quiet: true }
Backend POS escuchando en puerto 3000
